Titolo;Tipologia accordo;Settore;Contraenti;Data stipula;Data decorrenza;Data scadenza economica;Data scadenza contrattuale;Categoria
"Contratto di lavoro del 28/11/2013";"Testo definitivo";"Enti e Istituzioni Private";"ASPA;UGL SCUOLA";"28/11/2013";"19/09/2013";"18/09/2015";"18/09/2017";"SCUOLE PARITARIE: ASPA UGL"
"Sottoscrizione da parte della Ugl Agricoli e Forestali del CCNL 7 dicembre 2010 per i lavoratori addetti ad attività di sistemazione idraulico-forestale ed idraulico-agraria";"Verbale integrativo";"Agricoltura";"UNCEM;UGL AGRICOLI E FORESTALI";"02/02/2011";"01/01/2010";"";"31/12/2012";"SISTEMAZIONI IDRAULICO FORESTALI"
"CCNL per gli operai agricoli, florovivaisti e dell'acquacoltura";"Testo definitivo";"Agricoltura";"CONFIMPRESE AGRICOLTURA;CONFIMPRESEITALIA;FESICA CONFSAL;CONFSAL FISALS;CONFSALPESCA";"24/10/2014";"01/11/2014";"";"31/10/2017";"AGRICOLTURA: Operai agricoli, florovivaisti e dell'acquacoltura"
"Accordo per il personale delle altre carriere della Banca d'Italia nell'ambito della trattativa 2006-2009";"Verbale Integrativo";"Credito Assicurazioni";"BANCA D'ITALIA;FISAC CGIL;SIBC CISAL;FABI;FIBA CISL;UILCA UIL";"04/11/2009";"";"";"";"BANCARI: Banca D'Italia - carriera Operativa"
"Accordo 4 aprile 2013 di rinnovo del CCNL per gli addetti all'industria Chimica-Farmaceutica Settore Coibentazioni Termiche Acustiche";"Accordo di rinnovo";"Chimici";"ANICTA; FEMCA CISL; FILCTEM CGIL; UILTEC UIL";"04/04/2013";"01/01/2013";"";"31/12/2015";"COIBENTAZIONI TERMICHE ACUSTICHE"
"CCNL per i dipendenti delle aziende videofonografiche";"Testo definitivo";"Poligrafici e Spettacolo";"AFI;FIMI;PMI;UNIVIDEO;ASSOLOMBARDA;SLC CGIL;FISTEL CISL;UILCOM UIL";"27/10/2014";"01/01/2014";"";"31/12/2016";"DISCOGRAFICI - VIDEOFONOGRAFICI"
"Ipotesi di accordo per il rinnovo del CCNL 19 novembre 2013 Area Alimentazione-Panificazione";"Accordo di rinnovo";"Alimentaristi - Agroindustriale";"CNA Alimentare;CONFARTIGIANATO Alimentazione;CASARTIGIANI;CLAAI;FLAI CGIL;FAI CISL;UILA UIL";"23/02/2017";"01/01/2016";"";"31/12/2018";"ALIMENTARISTI: Artigiane"
"CCNL per la piccola e media industria manifatturiera metalmeccanica e della installazione di impianti";"Testo definitivo";"Meccanici";"CONFIMI IMPRESA MECCANICA;FIM CISL;UILM UIL";"01/10/2013";"01/09/2013";"";"31/05/2016";"METALMECCANICA: P.M.I. - CONFIMI"
"Ipotesi di accordo per il rinnovo del CCNL per i dipendenti da aziende del settore TURISMO";"Accordo di rinnovo";"Commercio";"FEDERALBERGHI;FAITA;CONFCOMMERCIO IMPRESE PER L'ITALIA;FILCAMS CGIL;FISASCAT CISL;UILTUCS UIL";"18/01/2014";"01/05/2013";"";"31/08/2016";"TURISMO (AZIENDE CONFCOMMERCIO)"
"Accordo collettivo nazionale di lavoro per i mediatori dei crediti";"Accordo di rinnovo";"Credito Assicurazioni";"FENAFI;UFIC;CONFIMPRESEITALIA;CIDEC;CEPI UCI;FENAILP;ASSIMEC;ASSOPROFESSIONAL;SIMEDIA UGL;ASSOCRED";"17/02/2011";"01/03/2011";"";"28/02/2015";"MEDIATORI DEI CREDITI"
"AGENTI DI COMMERCIO: Aziende Industriali";"Testo definitivo";"Commercio";"USARCI;CONFINDUSTRIA;CONFCOOPERATIVE;FIARC CONFESERCENTI;FILCAMS CGIL;FISASCAT CISL;FNAARC;UILTUCS UIL;UGL";"20/03/2002";"01/04/2002";"";"31/03/2005";"AGENTI DI COMMERCIO: Aziende Industriali"
"CCNL per i dipendenti di attività operanti nel campo della sicurezza sul lavoro, qualità e ambiente";"Testo definitivo";"Altri Vari";"AIESIL;COSNIL";"20/07/2011";"01/06/2011";"31/05/2014";"31/05/2015";"SICUREZZA SUL LAVORO, QUALITA' E AMBIENTE"
"Accordo in tema di Convenzione per i diritti sindacali";"Verbale Integrativo";"Credito Assicurazioni";"BANCA D'ITALIA;FISAC CGIL;SINDIRETTIVO CIDA;SIBC CISAL;FABI;UILCA UIL";"22/12/2009";"";"";"";"BANCARI: Banca D'Italia - carriera Direttiva"
"Accordo breve sul CCNL GENERICI CINETV";"Accordo di rinnovo";"Poligrafici e Spettacolo";"ANICA;APT;APP;SLC CGIL;FISTEL CISL;UILCOM UIL;(adesione di UGL COMUNICAZIONI dal 26/7/2011)";"03/11/2009";"01/01/2010";"31/12/2011";"31/12/2013";"CINEMA: Generici Produzione A.V."
"CCNL per i dipendenti delle imprese e delle cooperative artigiane e piccole e medie imprese edili";"Testo definitivo";"Edilizia";"CONFAR; SIA CONFSAL";"22/03/2013";"01/01/2012";"31/12/2014";"31/12/2017";"EDILI: imprese e coop. artigiane, PMI - CONFAR-CONFSAL SIA"
"CCNL AEROPORTI GESTIONE E SERVIZI IN APPALTO per il personale delle aziende e per i dipendenti e/o soci lavoratori delle società cooperative di terra del trasporto aereo e delle attività aeroportuali";"Testo definitivo";"Trasporti";"CNAI; UNAPI; MCM CNAI; FISMIC CONFSAL";"15/07/2011";"01/07/2011";"";"30/06/2014";"GESTIONE E SERVIZI IN APPALTO (Aeroporti)"
"CCNL per i dipendenti da aziende artigiane alimentari";"Testo definitivo";"Alimentaristi - Agroindustriale";"CONFIMPRESEITALIA;CONFIMPRESE ARTIGIANATO;ACS;CSE;CSE FULSCAM;CSE FNILAPMI;CSE FNLEI;CSE DIR;CSE COOP;CSE FNILASU;CSE FNILA";"22/12/2011";"01/01/2012";"";"31/12/2015";"Aziende Artigiane Alimentari (CONFIMPRESEITALIA-ACS-CSE)"
"Accordo negoziale recante norme in tema di rappresentanti dei lavoratori per la sicurezza";"Verbale Integrativo";"Credito Assicurazioni";"BANCA D'ITALIA;FISAC CGIL";"25/10/2010";"";"";"";"BANCARI: Banca D'Italia - carriera Operativa"
"CCNL per i dipendenti delle piccole e medie imprese edili";"Testo definitivo";"Edilizia";"ITALIA IMPRESA;ASSIMPRESA;ASSIMPRESA ITALIA;SITALED;CONFLAI";"23/03/2012";"15/03/2012";"";"14/03/2015";"EDILI: Piccole e Medie Imprese - ITALIA IMPRESA"
"CCNL per le imprese private operanti nel settore della distribuzione, del recapito e dei servizi postali";"Testo definitivo";"Aziende di Servizi";"FISE ARE; SLC CGIL; SLP CISL; UIL POST; UILTRASPORTI; (adesione di UGL COMUNICAZIONI dal 28/3/2012)";"08/02/2011";"01/01/2010";"";"31/12/2012";"RECAPITO CORRISPONDENZA"
"Rinnovo del CCNL Imprese onoranze funebri 1.1.2009 - 31.12.2011";"Accordo di rinnovo";"Trasporti";"FENIOF;CONFCOMMERCIO;FILT CGIL;FIT CISL;UILTRASPORTI";"02/03/2010";"01/01/2009";"";"31/12/2011";"POMPE FUNEBRI: Agenzie Private"
"Accordo negoziale con il quale viene definito il quadriennio 2006-2009  per il personale della carriera direttiva";"Verbale Integrativo";"Credito Assicurazioni";"BANCA D'ITALIA;SINDIRETTIVO CIDA";"25/10/2010";"";"";"";"BANCARI: Banca D'Italia - carriera Direttiva"
"2° CCNL del personale dirigente della CONI SERVIZI SPA e delle Federazioni sportive nazionali";"Accordo di rinnovo";"Aziende di Servizi";"CONI SERVIZI SPA;FP CGIL;UIL PA;CISL FP";"25/02/2011";"01/01/2010";"";"31/12/2012";"CONI SERVIZI SpA: Dirigenti"
"Accordo per il rinnovo del CCNL 25 novembre 2009 per i dirigenti di aziende produttrici di beni e servizi";"Accordo di rinnovo";"Altri Vari";"CONFINDUSTRIA;FEDERMANAGER";"30/12/2014";"01/01/2015";"";"31/12/2018";"DIRIGENTI: Aziende Industriali"
"CCNL per i dipendenti di aziende artigiane odontotecniche";"Testo definitivo";"Commercio";"CONFIMPRESEITALIA;CONFIMPRESE ARTIGIANATO;ACS;CSE;CSE FULSCAM;CSE FNILAPMI;CSE FNLEI;CSE DIR;CSE COOP;CSE FNILASU";"22/12/2011";"01/01/2012";"";"31/12/2015";"Aziende Artigiane Odontotecniche (CONFIMPRESEITALIA-ACS-CSE)"
"Accordo per la stipula dell'assicurazione contro i rischi di morte e di invalidità permanente in favore del personale della Banca d'Italia";"Verbale Integrativo";"Credito Assicurazioni";"BANCA D'ITALIA;FISAC CGIL;SINDIRETTIVO CIDA;SIBC CISAL;FABI;UILCA UIL";"14/01/2010";"";"";"";"BANCARI: Banca D'Italia - carriera Direttiva"
"Accordo in tema di copertura delle spese sanitarie per il personale della Banca d'Italia";"Verbale Integrativo";"Credito Assicurazioni";"BANCA D'ITALIA;FIBA CISL";"14/01/2010";"";"";"";"BANCARI: Banca D'Italia - carriera Operativa"
"CCNL per le lavoratrici e i lavoratori delle cooperative del settore socio-sanitario assistenziale-educativo e di inserimento lavorativo triennio 2010-2012";"Testo definitivo";"Enti e Istituzioni Private";"AGCI SOLIDARIETA';LEGACOOPSOCIALI;FEDERSOLIDARIETA' CONFCOOPERATIVE;FP CGIL;CISL FP;FISASCAT CISL;UIL FPL";"16/12/2011";"01/01/2010";"";"31/12/2012";"SERVIZI SOCIO-ASSISTENZIALI: Cooperative"
"Comunicazione 18 giugno 2010 relativa ai tre CCNL sottoscritti in data 14 giugno 2010";"Verbale integrativo";"Alimentaristi - Agroindustriale";"CICAS; CEI; CONFIMPRESA; SIA; ISA; SILSE";"18/06/2010";"";"";"";"ALIMENTARISTI: Artigiane (CICAS CEI CONFIMPRESA)"
"CCNL per le cooperative e le imprese esercenti attività nel settore "RADIOTAXI E AUTOSERVIZI PUBBLICI NON DI LINEA E AFFINI"";"Testo definitivo";"Trasporti";"UNCI;URI;FAST;FAST CONFSAL;URI TAXI;CONFSAL";"20/11/2013";"01/06/2013";"";"31/05/2016";"RADIOTAXI"
"CCNL per il personale dipendente da imprese esercenti servizi di telecomunicazione";"Testo definitivo";"Aziende di Servizi";"ASSTEL;SLC CGIL;FISTEL CISL;UILCOM UIL;UGL TELECOMUNICAZIONI";"01/02/2013";"01/02/2013";"";"31/12/2014";"TELECOMUNICAZIONI"
"Accordo in tema di copertura delle spese sanitarie per il personale della Banca d'Italia";"Verbale Integrativo";"Credito Assicurazioni";"BANCA D'ITALIA;FISAC CGIL;SINDIRETTIVO CIDA;SIBC CISAL;FABI;UILCA UIL";"14/01/2010";"";"";"";"BANCARI: Banca D'Italia - carriera Operativa"
"Accordo in tema di copertura delle spese sanitarie per il personale della Banca d'Italia";"Verbale Integrativo";"Credito Assicurazioni";"BANCA D'ITALIA;FALBI";"14/01/2010";"";"";"";"BANCARI: Banca D'Italia - carriera Operativa"
"Accordo negoziale recante norme in tema di rappresentanti dei lavoratori per la sicurezza";"Verbale Integrativo";"Credito Assicurazioni";"BANCA D'ITALIA;UILCA UIL";"25/10/2010";"";"";"";"BANCARI: Banca D'Italia - carriera Operativa"
"CCNL per gli addetti all'industria delle piastrelle di ceramica, dei materiali refrattari, ceramica sanitaria, di porcellana e ceramica per uso domestico e ornamentale, di ceramica tecnica, di tubi in gres";"Testo definitivo";"Chimici";"CONFINDUSTRIA CERAMICA;FILCTEM CGIL;FEMCA CISL;UILTEC UIL";"28/07/2014";"01/07/2013";"";"30/06/2016";"PIASTRELLE E REFRATTARI: Industrie"
"Accordo negoziale in tema di codice etico per il personale della Banca d'Italia";"Verbale Integrativo";"Credito Assicurazioni";"BANCA D'ITALIA;FALBI;FABI;FIBA CISL";"25/10/2010";"";"";"";"BANCARI: Banca D'Italia - carriera Operativa"
"TURISMO (AZIENDE CONFTERZIARIO)";"Testo definitivo";"Commercio";"CONFTERZIARIO;ALAR;CIU;CONFLAVORATORI";"24/07/2004";"01/08/2004";"31/07/2006";"31/07/2008";"TURISMO (AZIENDE CONFTERZIARIO)"
"IPOTESI DI ACCORDO di rinnovo per il triennio 2010-2011-2012, e in via del tutto eccezionale anche per il 2013, del CCL per quadri, impiegati ed operai dipendenti da RAI-Radiotelevisione Italiana, Rai Cinema, Rai Net, Rai Way e Rai World";"Accordo di rinnovo";"Poligrafici e Spettacolo";"RAI;UNINDUSTRIA CONFINDUSTRIA;SLC CGIL;FISTEL CISL;UILCOM UIL;UGL TELECOMUNICAZIONI;SNATER;LIBERSIND CONFSAL";"07/02/2013";"01/01/2010";"";"31/12/2013";"RAI"
"Verbale di accordo 3/2/2010 per il rinnovo del CCNL del personale dirigente dell'ANAS SpA";"Accordo di rinnovo";"Enti e Istituzioni Private";"ANAS SPA;FNDAI FEDERMANAGER";"03/02/2010";"01/01/2009";"";"31/12/2011";"ANAS: Dirigenti (Ente Nazionale per le Strade)"
"Ipotesi di Accordo per il CCNL per i dipendenti delle imprese gestite o partecipate dagli enti locali, esercenti farmacie, parafarmacie, magazzini farmaceutici all'ingrosso, laboratori farmaceutici";"Testo definitivo";"Commercio";"ASSOFARM;FILCAMS CGIL;FISASCAT CISL;UILTUCS UIL";"22/07/2013";"22/07/2013";"";"31/12/2015";"FARMACIE MUNICIPALIZZATE"
"Accordo integrativo al CCNL AIOP RSA";"Verbale Integrativo";"Enti e Istituzioni Private";"AIOP;UGL SANITA';SI CEL;CONFSAL;FIALS;FSE";"11/06/2012";"";"";"";"RESIDENZE SANITARIE ASSISTENZIALI (AIOP)"
"Accordo per la stipula dell'assicurazione contro i rischi di morte e di invalidità permanente in favore del personale della Banca d'Italia";"Verbale Integrativo";"Credito Assicurazioni";"BANCA D'ITALIA;FALBI";"14/01/2010";"";"";"";"BANCARI: Banca D'Italia - carriera Operativa"
"Ipotesi di accordo per il rinnovo del CCNL Acconciatura, Estetica, Tricologia non curativa, Tatuaggio, Piercing e Centri Benessere";"Accordo di rinnovo";"Commercio";"CNA Unione benessere e sanità;CONFARTIGIANATO Benessere Acconciatori;CONFARTIGIANATO Benessere Estetica;CASARTIGIANI;CLAAI Federnas Unamem;FILCAMS CGIL;FISASCAT CISL;UILTUCS UIL";"08/09/2014";"01/01/2013";"";"30/06/2016";"PARRUCCHIERI: Artigiane"
"CCNL Area Legno-Lapidei per i lavoratori dipendenti delle aziende dei settori Legno, Arredamento, Mobili, Escavazione e Lavorazione di materiali Lapidei";"Testo definitivo";"Edilizia";"CNA Produzione; CNA Costruzioni; CNA; CONFARTIGIANATO Legno e Arredo; CONFARTIGIANATO Marmisti; CONFARTIGIANATO IMPRESE; CASARTIGIANI; CLAAI; FENEAL UIL; FILCA CISL; FILLEA CGIL";"25/03/2014";"01/01/2013";"";"31/12/2015";"Area LEGNO LAPIDEI: Artigiane"
"CCNL micro, piccole e medie imprese, esercenti l’attività nel settore turismo";"Testo definitivo";"Commercio";"ITALIA TURISMO CIDEC;CIDEC;USAE";"22/09/2010";"01/10/2010";"";"30/09/2013";"TURISMO: micro piccole medie imprese del settore - CIDEC-USAE"
"CCNL per emotional manager - coach - counselor dipendenti da aziende e studi professionali e dipendenti da imprese del commercio, dei servizi e del terziario";"Testo definitivo";"Commercio";"COMPIE;AEM;ULE";"13/12/2011";"13/12/2011";"";"12/12/2014";"Aziende e Studi Professionali: Emotional Manager - Coach - Conselor"
"Adesione all'accordo di rinnovo di 2° biennio del ccnl per gli addetti all'industria chimica farmaceutica, settore coibentazioni termiche acustiche";"Verbale integrativo";"Chimici";"ANICTA; UGL CHIMICI";"28/02/2008";"01/01/2008";"";"31/12/2009";"COIBENTAZIONI TERMICHE ACUSTICHE"
"Accordo negoziale in tema di codice etico per il personale della Banca d'Italia";"Verbale Integrativo";"Credito Assicurazioni";"BANCA D'ITALIA;SINDIRETTIVO CIDA";"25/10/2010";"";"";"";"BANCARI: Banca D'Italia - carriera Direttiva"
"CCNL per i dipendenti delle piccole e medie industrie esercenti la produzione del cemento, del fibro-cemento, della calce e del gesso";"Testo definitivo";"Edilizia";"CONFIMPRESEITALIA;CONFIMPRESE EDILIZIA;ACS ASSOCIAZIONE COOPERATIVE DI SERVIZI;CSE CONFEDERAZIONE INDIPENDENTE SINDACATI EUROPEI;CSE FNILAPMI;CSE FNLEL;CSE COOP;CSE FNILASU;CSE FNLEI;CSE DIR";"22/12/2011";"01/01/2012";"31/12/2013";"31/12/2015";"CEMENTO, CALCE, GESSO: P.M.I. - CSE"
"CCNL per i dipendenti delle aziende operanti nel settore della Comunicazione e dei servizi innovativi per le imprese";"Verbale Integrativo";"Poligrafici e Spettacolo";"ASSOLOMBARDA;SLC CGIL;FISTEL CISL;UILCOM UIL";"30/01/2013";"";"";"";"COMUNICAZIONE D'IMPRESA"
"CCNL per i dipendenti di agenzie di sicurezza sussidiaria non armata, sicurezza aeroportuale degli istituti investigativi e servizi fiduciari";"Testo definitivo";"Commercio";"CEPA; SI CEL; CEPA SERVIZI; FISNALCTA UGL";"03/12/2013";"08/08/2012";"";"07/08/2015";"AGENZIE SICUREZZA SUSSIDIARIA NON ARMATA"
"CCNL per i dipendenti operanti nel settore Pubblici Esercizi - Operatori Turistici - Strutture Ricettive - Operatori Artistici - Assistenti alla Cura della Persona/Casa - Operatori in ambito Sicurezza";"Testo definitivo";"Commercio";"CONFIMPRENDITORI;USIL";"05/03/2015";"09/03/2015";"";"08/03/2018";"PUBBLICI ESERCIZI, OPERATORI TURISTICI, STRUTTURE RICETTIVE,..."
"Nuovo CCNL della mobilità";"Accordo di rinnovo";"Trasporti";"FEDERTRASPORTO;ASSTRA;ANAV;ANCP;FILT CGIL, FIT CISL;UILTRASPORTI;UGL TRASPORTI;FAISA CISAL;FAST FERROVIE;ORSA FERROVIE";"30/09/2010";"";"";"31/12/2011";"AUTOFERROTRANVIERI"
"Adesione all'accordo in tema di copertura delle spese sanitarie del personale definito il 28 aprile 2010.";"Verbale Integrativo";"Credito Assicurazioni";"BANCA D'ITALIA;FALBI;FIBA CISL";"22/11/2010";"";"";"";"BANCARI: Banca D'Italia - carriera Direttiva"
"AUTOFERROTRANVIERI: Dirigenti";"Accordo di rinnovo";"Trasporti";"FENIT;FNDAI";"13/07/2000";"01/01/2000";"31/12/2001";"31/12/2003";"AUTOFERROTRANVIERI: Dirigenti"
"CCNL per i dipendenti di Università telematiche e servizi collegati";"Testo definitivo";"Enti e Istituzioni Private";"UNIPEGASO UNIVERSITA' TELEMATICA;ANPIT;CSA CISAL UNIVERSITA';CISAL TERZIARIO;CISAL";"03/09/2013";"01/09/2013";"";"31/08/2016";"UNIVERSITA' TELEMATICHE E SERVIZI COLLEGATI"
"CCNL per lavoratori dipendenti domestici colf e badanti";"Testo definitivo";"Commercio";"CAPIMED;FENAILP;CUB;FENALCA";"09/11/2011";"01/07/2011";"";"31/12/2013";"Domestici Colf e Badanti"
"Accordo Economico Collettivo per la disciplina del rapporto di Agenzia e rappresentanza commerciale del settore del commercio Testo Unico 16 febbraio 2009";"Testo definitivo";"Commercio";"CONFCOMMERCIO;CONFCOOPERATIVE;CONFESERCENTI;FNAARC;FILCAMS CGIL;FISASCAT CISL;UILTUCS UIL;FIARC CONFESERCENTI;UGL TERZIARIO;USARCI";"16/02/2009";"01/03/2009";"";"29/02/2012";"AGENTI DI COMMERCIO (Sett. Commercio)"
"Sottoscrizione per adesione dell'Accordo 4 aprile 2013 di rinnovo del CCNL per gli addetti all'industria Chimica-Farmaceutica Settore Coibentazioni Termiche Acustiche";"Verbale integrativo";"Chimici";"ANICTA; UGL CHIMICI";"17/04/2013";"01/01/2013";"";"31/12/2015";"COIBENTAZIONI TERMICHE ACUSTICHE"
"Accordo negoziale in tema di Convenzione per i diritti sindacali";"Verbale Integrativo";"Credito Assicurazioni";"BANCA D'ITALIA;UILCA UIL";"16/12/2010";"";"";"";"BANCARI: Banca D'Italia - carriera Operativa"
"CCNL per i dipendenti dalle imprese artigiane esercenti l'attività di escavazione, trivellazione e lavorazione dei materiali lapidei";"Testo definitivo";"Edilizia";"CONFIMPRESEITALIA;CONFIMPRESE EDILIZIA;ACS;CSE;CSE FNILAPMI;CSE FNLEI;CSE DIR;CSE COOP;CSE FNILASU;CSE FNILEL";"22/12/2011";"30/12/2011";"";"29/12/2015";"LAPIDEI (Estr. e Lavoraz.): imprese artigiane (CONFIMPRESEITALIA-ACS-CSE)"
"Accordo economico collettivo per la disciplina del rapporto di agenzia e rappresentanza commerciale del settore artigiano";"Testo definitivo";"Commercio";"CIDEC;UGIFAI";"10/07/2013";"01/07/2013";"";"30/06/2016";"AGENZIA E RAPPRESENTANZA SETTORE ARTIGIANO (Cidec-Ugifai)"
"Accordo economico collettivo per la disciplina del rapporto di agenzia e rappresentanza commerciale del settore ARTIGIANO";"Testo definitivo";"Commercio";"FAPI;UGIFAI";"18/10/2013";"18/10/2013";"";"30/09/2016";"AGENZIA E RAPPRESENTANZA SETTORE ARTIGIANO (Fapi-Ugifai)"
"CCNL per i dipendenti delle RSA e delle altre strutture residenziali e socio-assistenziali e delle cooperative socio-sanitarie";"Testo definitivo";"Enti e Istituzioni Private";"CEPA A;CEPA SANITA';USAE;FNAOPS USAE";"06/07/2012";"06/07/2012";"";"05/07/2015";"RSA, ALTRE STRUTTURE RESIDENZIALI E SOCIO-ASSISTENZIALI, COOP. SOCIO-SANITARIE - CEPA-USAE"
"CCNL per i lavoratori addetti alla piccola e media industria metalmeccanica e alla installazione di impianti";"Testo definitivo";"Meccanici";"ALEA ITALIA;ADE ITALIA;ALEA ITALIA METALMECCANICA;ADE ITALIA METALMECCANICA";"02/09/2009";"02/09/2009";"";"31/08/2013";"METALMECCANICA: P.M.I. - Alea-Ade"
"CCNL per i dipendenti delle imprese artigiane e delle piccole e medie imprese industriali e dei consorzi artigiani costituiti anche in forma cooperativistica esercenti l'attività di produzione di laterizi, di manufatti in cotto, di manufatti in cemento e affini";"Testo definitivo";"Edilizia";"CEPA A;CEPA A COSTRUTTORI EDILI E AFFINI;CILA;LUCI;SI CEL;FNLE;CONF LAVORATORI";"26/03/2013";"26/03/2013";"";"25/03/2016";"Laterizi, manufatti in cotto, in cemento e affini"
"CCNL per gli operai agricoli e florovivaisti";"Testo definitivo";"Agricoltura";"FAGRI;ASNALI;FNA CONFSAL;SNAF FNA CONSAL";"29/09/2010";"01/10/2010";"30/09/2012";"30/09/2014";"AGRICOLTURA: Operai e Florovivaisti"
"CCNL per i dipendenti delle micro e piccole imprese esercenti attività nel settore autotrasporto, spedizione merci, logistica ed affini";"Testo definitivo";"Trasporti";"UNSIC;FAST AUTOTRASPORTO E SPEDIZIONE MERCI;FAST CAMIONISTI E AUTISTI DIPENDENTI;FAST CONFSAL;CONFSAL";"28/11/2011";"01/01/2012";"";"31/12/2014";"AUTOTRASPORTO E SPEDIZIONE MERCI (UNSIC-CONFSAL)"
"Accordo recante la disciplina pattizia attuativa in Banca d'Italia della L.146/1990 e successive modifiche";"Verbale Integrativo";"Credito Assicurazioni";"BANCA D'ITALIA;FISAC CGIL;SINDIRETTIVO CIDA;SIBC CISAL;FABI;UILCA UIL";"22/12/2009";"";"";"";"BANCARI: Banca D'Italia - carriera Operativa"
" CCNL 2006 2009 per le lavoratrici ed i lavoratori delle singole strutture, parti della unitaria struttura associativa ANFFAS Onlus";"Testo definitivo";"Enti e Istituzioni Private";"ANFFAS ONLUS;CGIL FP;CISL FP;UIL FPL";"16/04/2009";"01/01/2006";"";"31/12/2009";"SANITA': Dipendenti ANFFAS"
"CCNL per i dipendenti di società di brokeraggio assicurativo, aziende e pmi che svolgono il ruolo di broker assicurativi e brokercoach e dipendenti da imprese del commercio, dei servizi e del terziario";"Testo definitivo";"Credito Assicurazioni";"COMPIE CONFEDERAZIONE PICCOLE E MEDIE IMPRESE EUROPEE;ASSOCIAZIONE BIC BROKER ITALIANI;ULE UNIONE LAVORATORI EUROPEI";"14/12/2011";"14/12/2011";"";"14/12/2014";"Broker Assicurativi e Brokercoach"
"Integrazione al CCNL per i dipendenti delle Cooperative esercenti servizi di pulizia, facchinaggio, igiene ambientale ed ausiliari nonché servizi integrativi e multiservizi ai vari settori merceologici in vigore dal 1/1/2014 al 31/12/2019 con l'istituzione dell'Ente Nazionale Bilaterale EBECOS";"Verbale Integrativo";"Aziende di Servizi";"CESID;USIPE;SEL";"16/12/2013";"";"";"";"PULIZIA: Imprese e Cooperative (CESID-USIPE-SEL)"
"CCNL per lavoratori dipendenti da aziende settore turismo e servizi turistici";"Testo definitivo";"Commercio";"CAPIMED;FENAILP;CUB;FENALCA";"09/11/2011";"01/07/2011";"";"31/12/2013";"TURISMO E SERVIZI TURISTICI"
"CCNL per i lavoratori dipendenti delle aziende e cooperative esercenti attività del settore MULTISERVIZI: COMMERCIO, TERZIARIO, SERVIZI, TRASPORTI E LOGISTICA, ARTIGIANATO";"Testo definitivo";"Altri Vari";"NORD INDUSTRIALE;CONFIMI;FASPI;FAL;CONFAEL;SNALP";"21/07/2016";"01/08/2016";"";"31/07/2019";"MULTISERVIZI, COMMERCIO, TERZIARIO, SERVIZI, TRASPORTI E LOGISTICA, ARTIGIANATO"
"Accordo negoziale in tema di trattamento economico per l'anno 2010 per il personale della carriera direttiva";"Economico 2° biennio";"Credito Assicurazioni";"BANCA D'ITALIA;SINDIRETTIVO CIDA";"25/10/2010";"01/01/2010";"31/12/2010";"";"BANCARI: Banca D'Italia - carriera Direttiva"
"Ipotesi di accordo 30 maggio 2011 per il rinnovo del CCNL per i dipendenti delle aziende grafiche ed affini e delle aziende editoriali anche multimediali";"Accordo di rinnovo";"Poligrafici e Spettacolo";"ASSOGRAFICI;ASSOCIAZIONE ITALIANA EDITORI;ASSOCIAZIONE NAZIONALE EDITORIA PERIODICA SPECIALIZZATA;UGL CARTA E STAMPA";"30/05/2011";"01/07/2011";"";"31/03/2013";"EDITORIA E GRAFICA: Industrie"
"CCNL per i dipendenti da istituti e imprese di vigilanza privata e servizi fiduciari";"Testo definitivo";"Commercio";"ASSIV;LEGACOOP SERVIZI;FEDERLAVORO E SERVIZI CONFCOOPERATIVE;AGCI SERVIZI;FILCAMS CGIL;FISASCAT CISL";"08/04/2013";"01/02/2013";"";"31/12/2015";"VIGILANZA"
"Accordo negoziale in tema di Convenzione per i diritti sindacali";"Verbale Integrativo";"Credito Assicurazioni";"BANCA D'ITALIA;FALBI;FABI;FIBA CISL";"16/12/2010";"";"";"";"BANCARI: Banca D'Italia - carriera Operativa"
"Accordo recante la disciplina pattizia attuativa in Banca d'Italia della L.146/1990 e successive modifiche";"Verbale Integrativo";"Credito Assicurazioni";"BANCA D'ITALIA;FISAC CGIL;SINDIRETTIVO CIDA;SIBC CISAL;FABI;UILCA UIL";"22/12/2009";"";"";"";"BANCARI: Banca D'Italia - carriera Direttiva"
"CCNL per i lavoratori dei porti delle cooperative del settore dei trasporti";"Testo definitivo";"Trasporti";"ALEA ITALIA;ADE ITALIA;ALEA ITALIA TRASPORTI;ADE ITALIA TRASPORTI";"02/09/2009";"02/09/2009";"";"31/08/2013";"PORTUALI: Lavoratori dei Porti Cooperative settore trasporti"
"Adesione di UGL COMUNICAZIONI in data 26/7/2011 all'Accordo breve sul CCNL GENERICI CINETV del 3/11/2009";"Verbale Integrativo";"Poligrafici e Spettacolo";"ANICA;APT;APP;SLC CGIL;FISTEL CISL;UILCOM UIL;UGL COMUNICAZIONI";"26/07/2011";"";"31/12/2011";"31/12/2013";"CINEMA: Generici Produzione A.V."
"Accordo collettivo per la disciplina delle collaborazioni a progetto nelle attività di vendita di beni e servizi e di recupero crediti realizzati attraverso call center "outbound", stipulato con riferimento al CCNL TLC";"Verbale Integrativo";"Aziende di Servizi";"ASSTEL;ASSOCONTACT;SLC CGIL;FISTEL CISL;UILCOM UIL";"01/08/2013";"";"";"";"TELECOMUNICAZIONI"
"Accordo in tema di Convenzione per i diritti sindacali";"Verbale Integrativo";"Credito Assicurazioni";"BANCA D'ITALIA;FIBA CISL";"22/12/2009";"";"";"";"BANCARI: Banca D'Italia - carriera Direttiva"
"Accordo di rinnovo del CCNL per i piloti collaudatori sperimentatori e di produzione di aziende di costruzioni aerospaziali";"Accordo di rinnovo";"Trasporti";"AIAD;ANPICO";"16/06/2005";"01/07/2005";"";"30/06/2009";"PILOTI Collaudatori Dip. da Az. di Costruzioni Aerospaziali"
"Rinnovo CCNL Attività Minerarie";"Accordo di rinnovo";"Chimici";"ASSOMINERARIA;FILCEM CGIL;FEMCA CISL;UILCEM UIL";"29/09/2008";"01/04/2008";"31/03/2010";"31/03/2012";"MINERO-METALLURGICHE: Industrie"
"Ipotesi di accordo per il rinnovo del CCNL per i dipendenti della piccola e media industria della comunicazione, dell'informatica, dei servizi innovativi e della microimpresa";"Accordo di rinnovo";"Poligrafici e Spettacolo";"UNIGEC CONFAPI;UNIMATICA CONFAPI;CONFAPI;SLC CGIL;FISTEL CISL;UILCOM UIL";"29/07/2013";"01/07/2012";"";"30/06/2015";"COMUNICAZIONE, INFORMATICA E SERVIZI INNOVATIVI: P.M.I."
"CCNL per i dipendenti da istituti e imprese di vigilanza privata e servizi fiduciari";"Testo definitivo";"Commercio";"ASSIV; LEGACOOP SERVIZI; FEDERLAVORO E SERVIZI CONFCOOPERATIVE; AGCI SERVIZI; UGL SICUREZZA CIVILE";"08/04/2013";"01/02/2013";"";"31/12/2015";"VIGILANZA"
"Ipotesi di accordo per il rinnovo del CCNL 18/03/2014 per gli addetti all'industria delle piastrelle di ceramica, dei materiali refrattari, ceramica sanitaria, di porcellane e ceramiche per uso domestico e ornamentale, di ceramica tecnica, di tubi in gres";"Accordo di rinnovo";"Chimici";"CONFINDUSTRIA CERAMICA;FILCTEM CGIL;FEMCA CISL;UILTEC UIL";"16/11/2016";"01/07/2016";"";"31/12/2019";"PIASTRELLE E REFRATTARI: Industrie"
"CCNL per i dipendenti delle imprese di acconciatura, estetica, tricologia non curativa, tatuaggio, piercing e centri benessere";"Testo definitivo";"Commercio";"CONFARTIGIANATO BENESSERE ACCONCIATORI;CONFARTIGIANATO BENESSERE  ESTETICA;CNA UNIONE BENESSERE E SANITA';CASARTIGIANI;CLAAI FEDERNAS UNAMEM;FILCAMS CGIL;UILTUCS UIL";"03/10/2011";"01/01/2010";"";"31/12/2012";"PARRUCCHIERI: Artigiane"
"Accordo in tema di contrattualizzazione del rapporto di impiego del personale della carriera direttiva";"Accordo di rinnovo";"Credito Assicurazioni";"BANCA D'ITALIA; FALBI; FIBA CISL; FABI";"13/07/2010";"01/01/2010";"";"31/12/2012";"BANCARI: Banca D'Italia - carriera Direttiva"
"Accordo per il rinnovo del CCNL Attività Minerarie 19 ottobre 2010";"Accordo di rinnovo";"Chimici";"ASSOMINERARIA;FILCTEM CGIL;FEMCA CISL;UILTEC UIL";"19/12/2013";"01/04/2013";"";"31/03/2016";"MINERO-METALLURGICHE: Industrie"
"Normative per il Personale Civile non Statunitense delle Forze Armate U.S.A. in Italia";"Testo definitivo";"Altri Vari";"JCPC ITALY;U.S. NAVAL FORCES;U.S. ARMY;U.S. AIR FORCES;UILTUCS;FISASCAT CISL;CISL";"06/09/2013";"01/11/2013";"";"31/10/2016";"BASI USA Dipendenti Civili non Statunitensi"
"Accordo negoziale recante norme in tema di rappresentanti dei lavoratori per la sicurezza";"Verbale Integrativo";"Credito Assicurazioni";"BANCA D'ITALIA;FISAC CGIL";"25/10/2010";"";"";"";"BANCARI: Banca D'Italia - carriera Direttiva"
"Accordo negoziale con il quale viene definito il quadriennio 2006-2009  per il personale della carriera direttiva";"Verbale Integrativo";"Credito Assicurazioni";"BANCA D'ITALIA;UILCA UIL";"25/10/2010";"";"";"";"BANCARI: Banca D'Italia - carriera Direttiva"
"Ipotesi di accordo per il rinnovo del CCNL per i dipendenti da aziende del settore turismo";"Accordo di rinnovo";"Commercio";"FEDERALBERGHI;FIPE;FIAVET;FAITA;CONFCOMMERCIO IMPRESE PER L'ITALIA;FEDERRETI;FILCAMS CGIL;FISASCAT CISL;UILTUCS";"20/02/2010";"01/01/2010";"";"30/04/2013";"TURISMO (AZIENDE CONFCOMMERCIO)"
"Preaccordo in tema di copertura sanitaria per il 2010 per il personale in servizio e in quiescenza";"Verbale Integrativo";"Credito Assicurazioni";"BANCA D'ITALIA;CGIL;CIDA;SIBC;FABI;UIL";"30/12/2009";"";"";"";"BANCARI: Banca D'Italia - carriera Operativa"
"Adesione della FABI all'accordo cornice in tema di contrattualizzazione del rapporto di impiego del personale della carriera operativa, dei servizi generali e di sicurezza e operaia definito il 18/02/2010";"Verbale Integrativo";"Credito Assicurazioni";"BANCA D'ITALIA;FABI";"20/04/2010";"01/01/2010";"";"31/12/2012";"BANCARI: Banca D'Italia - carriera Operativa"
"Accordo in tema di copertura delle spese sanitarie per il personale della Banca d'Italia";"Verbale Integrativo";"Credito Assicurazioni";"BANCA D'ITALIA;SINDIRETTIVO CIDA";"28/04/2010";"";"";"";"BANCARI: Banca D'Italia - carriera Operativa"
"Verbale di accordo per il rinnovo del CCNL attività minerarie";"Accordo di rinnovo";"Chimici";"UGL CHIMICI;ASSOMINERARIA";"19/10/2010";"";"";"31/03/2012";"MINERO-METALLURGICHE: Industrie"
"Ipotesi di accordo per il rinnovo del CCNL Area Alimentazione-Panificazione";"Accordo di rinnovo";"Alimentaristi - Agroindustriale";"CNA Alimentare;CONFARTIGIANATO Alimentazione;CASARTIGIANI;CLAAI;FLAI CGIL;FAI CISL;UILA UIL";"19/11/2013";"01/01/2013";"";"31/12/2015";"ALIMENTARISTI: Artigiane"
"CCNL della dirigenza dei giornali quotidiani";"Testo definitivo";"Poligrafici e Spettacolo";"FIEG;FEDERMANAGER;SINDACATO NAZIONALE DIRIGENTI GIORNALI QUOTIDIANI";"31/03/2005";"01/01/2005";"31/12/2006";"31/12/2008";"GIORNALI E QUOTIDIANI: Direttori e Dirigenti"
"CCNL per i lavoratori dipendenti delle imprese di autotrasporto e spedizione merci dell'artigianato, delle piccole e medie imprese e della cooperazione";"Testo definitivo";"Trasporti";"ACIS;FAMAR;CONFAMAR;(sottoscrizione della UNIONLIBERI in data 13/4/2016)";"23/03/2016";"01/04/2016";"";"31/12/2020";"AUTOTRASPORTO E SPEDIZIONE MERCI (ACIS-FAMAR)"
"CCNL per la disciplina dei lavoratori dipendenti dalle PMI e i soci e dipendenti delle cooperative in outsourcing";"Testo definitivo";"Altri Vari";"COOPITALIANE;IMPRESA ITALIA;CONFSAAP;AECP;UPLA;CEPA A;CEPA A TERZIARIO;CEPA A AIMA;FASPI CONFSAL;ALDEPI;ALPPI;FENALPI;CONFLAVORATORI CONFSAL;CONFAIL";"28/05/2014";"01/06/2014";"";"31/05/2017";"OUTSOURCING: dipendenti dalle PMI, soci e dipendenti delle cooperative"
"CARTARIE E CARTOTECNICHE-EDITORIA E GRAFICA: P.M.I.";"Economico 2° biennio";"Poligrafici e Spettacolo";"Fistel-Cisl - Slc - Uilcom - Unigec-Confapi - Unimatica-Confapi";"20/06/2003";"01/01/2003";"";"31/12/2004";"COMUNICAZIONE, INFORMATICA E SERVIZI INNOVATIVI: P.M.I."
"Stesura 10 marzo 2010 dell'Accordo Economico Collettivo per la disciplina del rapporto di Agenzia e rappresentanza commerciale del settore del commercio 16 febbraio 2009";"Verbale Integrativo";"Commercio";"CONFCOMMERCIO;CONFCOOPERATIVE;CONFESERCENTI;FNAARC;FILCAMS CGIL;FISASCAT CISL;UILTUCS UIL;FIARC;UGL TERZIARIO;USARCI";"10/03/2010";"";"";"29/02/2012";"AGENTI DI COMMERCIO (Sett. Commercio)"
"CCNL per i dipendenti dalle piccole e medie industrie esercenti la produzione del cemento, del fibro-cemento, della calce e del gesso";"Testo definitivo";"Edilizia";"CEPA A;CEPA A COSTRUTTORI EDILI E AFFINI;CILA;LUCI;SI CEL;FNLE;CONF LAVORATORI";"26/03/2013";"26/03/2013";"";"25/03/2016";"CEMENTO, CALCE, GESSO: P.M.I. - CEPA-A"
"Accordo per il rinnovo del CCNL per i dipendenti dalle aziende operanti nei settori legno, sughero, mobile, arredamento e boschivi forestali 1/4/2010-31/3/2013";"Accordo di rinnovo";"Edilizia";"FEDERLEGNOARREDO; FENEAL UIL; FILCA CISL; FILLEA CGIL";"12/05/2010";"01/04/2010";"";"31/03/2013";"LEGNO, ARREDAMENTO: Industrie"
"Ipotesi di Accordo per il rinnovo del CCNL dei lavoratori dipendenti dalle imprese del sistema industriale integrato di beni e servizi tessili e medici affini";"Accordo di rinnovo";"Tessili";"ASSOSISTEMA;FEMCA CISL;FILCTEM CGIL;UILTEC UIL";"19/06/2013";"01/07/2012";"";"30/06/2015";"LAVANDERIE, TINTORIE ... : Industrie"
"Accordo negoziale in tema di trattamento economico per l'anno 2010 per il personale della carriera direttiva";"Economico 2° biennio";"Credito Assicurazioni";"BANCA D'ITALIA;UILCA UIL";"25/10/2010";"01/01/2010";"31/12/2010";"";"BANCARI: Banca D'Italia - carriera Direttiva"
"Accordo in tema di contrattualizzazione del rapporto di impiego del personale della carriera direttiva";"Accordo di rinnovo";"Credito Assicurazioni";"BANCA D'ITALIA; SINDIRETTIVO CIDA";"13/07/2010";"01/01/2010";"";"31/12/2012";"BANCARI: Banca D'Italia - carriera Direttiva"
"Accordo negoziale in tema di Convenzione per i diritti sindacali";"Verbale Integrativo";"Credito Assicurazioni";"BANCA D'ITALIA;FISAC CGIL";"16/12/2010";"";"";"";"BANCARI: Banca D'Italia - carriera Operativa"
"Rinnovo del CCNL del 7 marzo 2005 per i dipendenti d' aziende dell'industria cineaudiovisiva";"Accordo di rinnovo";"Poligrafici e Spettacolo";"ANICA;UIR;SLC CGIL;FISTEL CISL;UILCOM UIL";"02/07/2009";"01/01/2008";"";"31/12/2010";"CINEMA AUDIOVISIVI: Industrie"
"Ipotesi di accordo di rinnovo CCNL per gli addetti all'industria chimica, chimico-farmaceutica, delle fibre chimiche e dei settori abrasivi, lubrificanti e gpl";"Accordo di rinnovo";"Chimici";"FEDERCHIMICA;FARMINDUSTRIA;UGL CHIMICI;FAILC CONFAIL;FIALC CISAL";"22/09/2012";"01/11/2012";"";"31/12/2015";"CHIMICO FARMACEUTICA e AFFINI: Industrie"
"Accordo recante la disciplina pattizia attuativa in Banca d'Italia della L.146/1990 e successive modifiche";"Verbale Integrativo";"Credito Assicurazioni";"BANCA D'ITALIA;FIBA CISL";"22/12/2009";"";"";"";"BANCARI: Banca D'Italia - carriera Direttiva"
"Verbale di incontro per il rinnovo contrattuale del CCNL del trasporto pubblico locale";"Accordo di rinnovo";"Trasporti";"ANAV;ASSTRA;FILT CGIL;FIT CISL;UIL TRASPORTI;UGL TRASPORTI;FAISA CISAL";"26/04/2013";"";"";"";"AUTOFERROTRANVIERI"
"Accordo in tema di Convenzione per i diritti sindacali";"Verbale Integrativo";"Credito Assicurazioni";"BANCA D'ITALIA;FISAC CGIL;SINDIRETTIVO CIDA;SIBC CISAL;FABI;UILCA UIL";"22/12/2009";"";"";"";"BANCARI: Banca D'Italia - carriera Operativa"
"Accordo cornice in tema di contrattualizzazione del rapporto di impiego del personale della carriera operativa, dei servizi generali e di sicurezza e operaia";"Accordo di rinnovo";"Credito Assicurazioni";"BANCA D'ITALIA;UILCA UIL";"18/02/2010";"01/01/2010";"";"31/12/2012";"BANCARI: Banca D'Italia - carriera Operativa"
"CCNL per i dipendenti delle imprese artigiane esercenti l'attività di escavazione trivellazione e lavorazione dei materiali lapidei";"Testo definitivo";"Edilizia";"USAE FNEL;FNPSL;CONFIMPRESEITALIA;CONF EURO PA;CILA;PMI AGRIGENTO;CONFIMIT;ENEAS;ASSOCOSTRUTTORI;ASPIN";"27/03/2010";"30/03/2010";"";"29/03/2014";"LAPIDEI (Estr. e Lavoraz.): imprese artigiane (USAE)"
"Accordo negoziale in tema di codice etico per il personale della Banca d'Italia";"Verbale Integrativo";"Credito Assicurazioni";"BANCA D'ITALIA;SIBC CISAL";"25/10/2010";"";"";"";"BANCARI: Banca D'Italia - carriera Direttiva"
"Accordo per la stipula dell'assicurazione contro i rischi di morte e di invalidità permanente in favore del personale della Banca d'Italia";"Verbale Integrativo";"Credito Assicurazioni";"BANCA D'ITALIA;FALBI";"14/01/2010";"";"";"";"BANCARI: Banca D'Italia - carriera Direttiva"
"Accordo cornice in tema di contrattualizzazione del rapporto di impiego del personale della carriera operativa, dei servizi generali e di sicurezza e operaia";"Accordo di rinnovo";"Credito Assicurazioni";"BANCA D'ITALIA;FALBI;FIBA CISL";"18/02/2010";"01/01/2010";"";"31/12/2012";"BANCARI: Banca D'Italia - carriera Operativa"
"Accordo negoziale con il quale viene definito il quadriennio 2006-2009  per il personale della carriera direttiva";"Verbale Integrativo";"Credito Assicurazioni";"BANCA D'ITALIA;SIBC CISAL";"25/10/2010";"";"";"";"BANCARI: Banca D'Italia - carriera Direttiva"
"CCNL per le imprese private operanti nel settore della distribuzione, del recapito e dei servizi postali";"Testo definitivo";"Aziende di Servizi";"CNA; SLC CGIL; SLP CISL; UIL POST; UILTRASPORTI";"08/02/2011";"01/01/2010";"";"31/12/2012";"RECAPITO CORRISPONDENZA (CNA)"
"Verbale di Accordo su Assistenza Sanitaria Integrativa - CCNL del TRASPORTO AEREO - Parte specifica GESTORI AEROPORTUALI";"Verbale integrativo";"Trasporti";"ASSAEROPORTI; FILT CGIL; FIT CISL; UILTRASPORTI; UGL Trasporto Aereo";"01/10/2014";"01/01/2015";"";"";"AEREI: Trasporto Aereo"
"Accordo negoziale con il quale viene definito il quadriennio 2006-2009  per il personale della carriera direttiva";"Verbale Integrativo";"Credito Assicurazioni";"BANCA D'ITALIA;FALBI;FABI;FIBA CISL";"25/10/2010";"";"";"";"BANCARI: Banca D'Italia - carriera Direttiva"
"Ipotesi di accordo per il rinnovo del CCNL dipendenti dalle imprese del sistema industriale integrato di beni e servizi tessili e medici affini";"Accordo di rinnovo";"Tessili";"ASSOSISTEMA;UGL CHIMICI TESSILI";"19/06/2013";"01/07/2012";"";"30/06/2015";"LAVANDERIE, TINTORIE ... : Industrie"
"CCNL per i dipendenti delle imprese esercenti attività nel settore autotrasporto, spedizione merci, logistica ed affini";"Testo definitivo";"Trasporti";"TRANSFIGOROUTE ITALIA ASSOTIR;FAST CONFSAL";"23/01/2014";"01/01/2014";"";"31/12/2016";"AUTOTRASPORTO E SPEDIZIONE MERCI (ASSOTIR-FAST CONFSAL)"
"Accordo negoziale recante norme in tema di rappresentanti dei lavoratori per la sicurezza";"Verbale Integrativo";"Credito Assicurazioni";"BANCA D'ITALIA;UILCA UIL";"25/10/2010";"";"";"";"BANCARI: Banca D'Italia - carriera Direttiva"
"Accordo negoziale in tema di Convenzione per i diritti sindacali";"Verbale Integrativo";"Credito Assicurazioni";"BANCA D'ITALIA;FALBI;FABI;FIBA CISL";"16/12/2010";"";"";"";"BANCARI: Banca D'Italia - carriera Direttiva"
"Ipotesi di accordo 30 maggio 2011 per il rinnovo del CCNL per i dipendenti delle aziende grafiche ed affini e delle aziende editoriali anche multimediali";"Accordo di rinnovo";"Poligrafici e Spettacolo";"ASSOGRAFICI;AIE;ANES;SLC CGIL;FISTEL CISL;UILCOM UIL";"30/05/2011";"01/07/2011";"";"31/03/2013";"EDITORIA E GRAFICA: Industrie"
"CENTRI DI ELABORAZIONE DATI: Dirigenti e Quadri di direzione";"Testo definitivo";"Commercio";"ASSOCED;CONFTERZIARIO;CIU";"18/04/2003";"01/05/2003";"30/04/2005";"30/04/2007";"CENTRI DI ELABORAZIONE DATI: Dirigenti e Quadri di direzione"
"CCNL per i dipendenti dalle aziende del settore commercio";"Testo definitivo";"Commercio";"CICAS; CEI; CONFIMPRESA; SIA; ISA; SILSE";"19/07/2010";"01/08/2010";"";"31/07/2013";"COMMERCIO (CICAS CEI CONFIMPRESA SIA ISA SILSE)"
"Accordo negoziale con il quale viene definito il quadriennio 2006-2009  per il personale della carriera direttiva";"Verbale Integrativo";"Credito Assicurazioni";"BANCA D'ITALIA;FISAC CGIL";"25/10/2010";"";"";"";"BANCARI: Banca D'Italia - carriera Direttiva"
"Accordo in tema di Convenzione per i diritti sindacali per le Divisioni specializzate nei compiti di vigilanza bancaria e finanziaria della Banca d'Italia";"Verbale Integrativo";"Credito Assicurazioni";"BANCA D'ITALIA;FALBI";"12/06/2009";"";"";"";"BANCARI: Banca D'Italia - carriera Operativa"
"CCNL per i dipendenti delle imprese esercenti attività del settore: "COMMERCIO E SERVIZI" per i lavoratori dipendenti delle imprese esercenti servizi del Commercio e dei Servizi nonché affini ed ausiliarie al settore ed assimilabili ai suindicati settori delle Piccole e Medie Imprese dell'Artigianato e della Cooperazione";"Testo definitivo";"Commercio";"NORD INDUSTRIALE;FAMAR";"26/02/2015";"01/03/2015";"";"31/12/2018";"COMMERCIO E SERVIZI (NORD INDUSTRIALE-FAMAR)"
"CCNL per i dipendenti di AZIENDE ARTIGIANE, DEL SETTORE INDUSTRIA E COOPERATIVE";"Testo definitivo";"Altri Vari";"CONFIMPRENDITORI;USIL";"05/03/2015";"09/03/2015";"";"08/03/2018";"AZIENDE ARTIGIANE, DEL SETTORE INDUSTRIA E COOPERATIVE"
"CCNL settore costruzioni (per i lavoratori e impiegati della piccola, media, grande impresa edile, dell'artigianato edile e affini, delle cooperative del settore edilizio) in vigore dal 01/04/2010 al 31/12/2016";"Testo definitivo";"Edilizia";"SUL SINDACATO UNITARIO DEI LAVORATORI;MCR IMP ASS  MICRO PICCOLE MEDIE IMPRESE ED ARTIGIANE ASSOCIATE";"31/03/2010";"01/04/2010";"";"31/12/2016";"EDILIZIA: CCNL settore costruzioni"
"Accordo di rinnovo 14 novembre 2011 ad integrazione e modifica del CCNL 26 maggio 2009";"Accordo di rinnovo";"Commercio";"FEDERFARMA; FILCAMS CGIL; FISASCAT CISL; UILTUCS UIL";"14/11/2011";"01/02/2010";"";"31/01/2013";"FARMACIE PRIVATE"
"Protocollo d'intesa sul CCNL in vigore dal 01.06.2010 al 31.05.2013 per i lavoratori dipendenti delle aziende operanti nelle aree pubbliche (ex ambulanti)";"Testo definitivo";"Commercio";"CESAC;FAPI;COSNIL;COSNIL TERZIARIO";"23/05/2010";"01/06/2010";"";"31/05/2013";"AZIENDE IN AREE PUBBLICHE (EX AMBULANTI)"
"Accordo negoziale in tema di codice etico per il personale della Banca d'Italia";"Verbale Integrativo";"Credito Assicurazioni";"BANCA D'ITALIA;SINDIRETTIVO CIDA";"25/10/2010";"";"";"";"BANCARI: Banca D'Italia - carriera Operativa"
"Accordo negoziale in tema di codice etico per il personale della Banca d'Italia";"Verbale Integrativo";"Credito Assicurazioni";"BANCA D'ITALIA;SIBC CISAL";"25/10/2010";"";"";"";"BANCARI: Banca D'Italia - carriera Operativa"
"Verbale di accordo per il rinnovo del CCNL per i dipendenti delle aziende operanti nei settori Legno, Sughero, Mobile, Arredamento e Boschivi forestali";"Accordo di rinnovo";"Edilizia";"FEDERLEGNOARREDO; UGL COSTRUZIONI";"27/05/2010";"01/04/2010";"";"31/03/2013";"LEGNO, ARREDAMENTO: Industrie"
"CCNL 22 DICEMBRE 2010 PER I DIRIGENTI E PER I QUADRI SUPERIORI DELLE PICCOLE E MEDIE AZIENDE PRODUTTRICI DI BENI E SERVIZI";"Testo definitivo";"Altri Vari";"CONFAPI;FEDERMANAGER";"22/12/2010";"01/01/2011";"";"31/12/2013";"DIRIGENTI: P.M.I."
"CCNL per i dipendenti delle imprese esercenti attività del settore: "AGRICOLTURA" delle piccole e medie imprese e della cooperazione agricola";"Testo definitivo";"Agricoltura";"NORD INDUSTRIALE;FAMAR";"26/02/2015";"01/03/2015";"";"31/12/2018";"AGRICOLTURA: PMI e Cooperative (NORD INDUSTRIALE-FAMAR)"
"Verbale di accordo 9/3/2011 per il rinnovo del biennio economico del CCNL rinnovato in data 10 gennaio 2008 per il personale non imbarcato dipendente da cooperative esercenti attività di pesca marittima, attività di maricoltura, acquacoltura e vallicoltura";"Economico secondo biennio";"Alimentaristi - Agroindustriale";"ACGI AGRITAL;LEGA PESCA;FEDERCOOPESCA CONFCOOPERATIVE;FAI CISL;FLAI CGIL;UILAPESCA";"09/03/2011";"01/01/2009";"";"31/12/2010";"PESCA: Cooperative"
"Attuazione delle disposizioni in materia di contratto a tempo determinatoe di apprendistato di cui alla legge 16 maggio 2014, n. 78 e al titolo IV del CCNL Turismo 18 gennaio 2014";"Verbale Integrativo";"Commercio";"FEDERALBERGHI;FAITA;CONFCOMMERCIO;FILCAMS CGIL;FISASCAT CISL;UILTUCS UIL";"16/06/2014";"";"";"";"TURISMO (AZIENDE CONFCOMMERCIO)"
"CCNL per i dipendenti delle PMI esercenti la produzione del cemento, del fibro-cemento, della calce e del gesso";"Testo definitivo";"Edilizia";"USAE FNLE;FNPSL;CONFIMPRESEITALIA;CONF EURO PA;CILA;PMI AGRIGENTO;CONFIMIT;ENEAS;ASSOCOSTRUTTORI;ASPIN";"27/03/2010";"27/03/2010";"26/03/2012";"27/03/2014";"CEMENTO, CALCE, GESSO: P.M.I. - USAE"
"Rinnovo CCNL per gli addetti all'industria chimica, chimico-farmaceutica, delle fibre chimiche e dei settori abrasivi, lubrificanti e GPL";"Accordo di rinnovo";"Chimici";"FEDERCHIMICA;FARMINDUSTRIA;UGL CHIMICI;FAILC CONFAIL;FIALC CISAL";"18/12/2009";"01/01/2010";"";"31/12/2012";"CHIMICO FARMACEUTICA e AFFINI: Industrie"
"Verbale di Accordo di modifica della parte retributiva del CCNL 20/7/2000";"Economico 2° biennio";"Trasporti";"AIAD;ANPICO";"06/06/2003";"01/07/2003";"";"30/06/2004";"PILOTI Collaudatori Dip. da Az. di Costruzioni Aerospaziali"
"CCNL per i dipendenti delle Aziende del settore TURISMO E PUBBLICI ESERCIZI";"Testo definitivo";"Commercio";"CNAI;UCICT;FISMIC CONFSAL;FILCOM FISMIC";"04/03/2014";"01/03/2014";"";"28/02/2017";"TURISMO (fino a 14 dipendenti)"
"CCNL 19 dicembre 2008 per i dirigenti dipendenti da Equitalia Spa, Riscossione Sicilia Spa e società partecipate";"Testo definitivo";"Credito Assicurazioni";"EQUITALIA SPA;RISCOSSIONE SICILIA SPA;DIRCREDITO FD;FABI;FIBA CISL;FISAC CGIL;UGL;UILCA";"19/12/2008";"01/01/2008";"";"31/12/2010";"Concessionari Servizi Tributi: Dirigenti"
"Accordo in tema di Convenzione per i diritti sindacali per le Divisioni specializzate nei compiti di vigilanza bancaria e finanziaria della Banca d'Italia";"Verbale Integrativo";"Credito Assicurazioni";"BANCA D'ITALIA;FALBI";"12/06/2009";"";"";"";"BANCARI: Banca D'Italia - carriera Direttiva"
"Ipotesi di CCNL per il personale non imbarcato dipendente da cooperative esercenti attività di pesca marittima, attività di maricoltura, acquacoltura e vallicoltura";"Accordo di rinnovo";"Alimentaristi - Agroindustriale";"ACGI AGRITAL; FEDERCOOPESCA CONFCOOPERATIVE; LEGACOOP Agroalimentare Dipartimento Pesca; FAI CISL; FLAI CGIL; UILAPESCA";"10/01/2008";"01/01/2007";"31/12/2008";"31/12/2010";"PESCA: Cooperative"
"CCNL per i soci e i dipendenti delle Cooperative e dei dipendenti delle micro e piccole aziende esercenti attività nel settore autotrasporto spedizione merci e logistica";"Testo definitivo";"Trasporti";"COOPITALIANE;IMPRESA ITALIA;CONFSAAP;AECP;UPLA;TRASPORTOUNITO FIAP;CEPA A;CEPA A TERZIARIO;FASPI CONFSAL;PMIA;ALDEPI;ALPPI;FENALPI;CONFLAVORATORI CONFSAL;CONFAIL";"28/05/2014";"01/06/2014";"";"31/05/2017";"AUTOTRASPORTO, SPEDIZIONE MERCI E LOGISTICA: cooperative, micro e piccole aziende"
"CCNL per i dirigenti delle aziende inquadrate nella "Federagenti" (agenzie marittime raccomandatarie, agenzie aeree e mediatori marittimi)";"Testo definitivo";"Trasporti";"FEDERAGENTI;MANAGERITALIA";"31/10/2014";"01/01/2012";"";"31/12/2014";"AGENZIE MARITTIME E AEREE E MEDIATORI MARITTIMI: Dirigenti"
"Accordo economico collettivo per la disciplina del rapporto di agenzia e rappresentanza commerciale del settore INDUSTRIALE";"Testo definitivo";"Commercio";"FAPI;UGIFAI";"30/10/2013";"30/10/2013";"";"30/09/2016";"AGENZIA E RAPPRESENTANZA SETTORE INDUSTRIALE (Fapi-Ugifai)"
"CCNL per i dipendenti di enti ed aziende del settore OLISTICO";"Testo definitivo";"Altri Vari";"CONFIMPRESA FIPO;SINAPE CISL";"27/12/2016";"01/01/2017";"";"31/12/2020";"SETTORE OLISTICO"
"Accordo negoziale con il quale viene definito il quadriennio 2006-2009 del personale della carriera operativa, dei servizi generali e di sicurezza e operaia";"Verbale Integrativo";"Credito Assicurazioni";"BANCA D'ITALIA;SIBC CISAL";"25/10/2010";"";"";"";"BANCARI: Banca D'Italia - carriera Operativa"
"Accordo negoziale in tema di Convenzione per i diritti sindacali";"Verbale Integrativo";"Credito Assicurazioni";"BANCA D'ITALIA;SIBC CISAL";"16/12/2010";"";"";"";"BANCARI: Banca D'Italia - carriera Direttiva"
"Accordo in tema di copertura delle spese sanitarie per il personale della Banca d'Italia";"Verbale Integrativo";"Credito Assicurazioni";"BANCA D'ITALIA;FISAC CGIL;SIBC CISAL";"28/04/2010";"";"";"";"BANCARI: Banca D'Italia - carriera Operativa"
"Ipotesi di accordo di rinnovo CCNL per gli addetti all'industria chimica, chimico-farmaceutica, delle fibre chimiche e dei settori abrasivi, lubrificanti e gpl";"Accordo di rinnovo";"Chimici";"FEDERCHIMICA;FARMINDUSTRIA;FILCTEM CGIL;FEMCA CISL;UILCEM UIL";"22/09/2012";"01/11/2012";"";"31/12/2015";"CHIMICO FARMACEUTICA e AFFINI: Industrie"
"Accordo per la stipula dell'assicurazione contro i rischi di morte e di invalidità permanente in favore del personale della Banca d'Italia";"Verbale Integrativo";"Credito Assicurazioni";"BANCA D'ITALIA;FIBA CISL";"14/01/2010";"";"";"";"BANCARI: Banca D'Italia - carriera Direttiva"
"Ipotesi di accordo di rinnovo del CCNL per i lavoratori addetti all'industria delle calzature";"Accordo di rinnovo";"Tessili";"ASSOCALZATURIFICI; FILCTEM CGIL; FEMCA CISL; UILTEC UIL";"27/04/2017";"01/04/2016";"";"31/12/2019";"CALZATURE: Industrie"
"CCNL security per i lavoratori dipendenti delle imprese esercenti attività di investigazione privata, agenzie di sicurezza sussidiaria, guardie giurate, portierato, guardiania, steward da stadio e sicurezza privata";"Testo definitivo";"Commercio";"UNSIC;FEDERSECURITY;CONFAEL";"07/03/2012";"01/03/2012";"";"28/02/2012";"SECURITY"
"Accordo in tema di contrattualizzazione del rapporto di impiego del personale della carriera operativa, dei servizi generali e di sicurezza e operaia";"Accordo di rinnovo";"Credito Assicurazioni";"BANCA D'ITALIA; SIBC CISAL";"13/07/2010";"01/01/2010";"";"31/12/2012";"BANCARI: Banca D'Italia - carriera Operativa"
"Ipotesi di accordo per il rinnovo del CCNL per i dipendenti da aziende del settore turismo";"Accordo di rinnovo";"Commercio";"FEDERALBERGHI;FIPE;FIAVET;FAITA;CONFCOMMERCIO IMPRESE PER L'ITALIA;UGL TERZIARIO";"28/05/2010";"01/01/2010";"";"30/04/2013";"TURISMO (AZIENDE CONFCOMMERCIO)"
"CCNL per i dipendenti e soci delle Cooperative e soci delle Cooperative sociali esercenti attività nel settore socio-sanitario, assistenziale-educativo e di inserimento lavorativo";"Testo definitivo";"Enti e Istituzioni Private";"UNCI;ANCOS;CISAL;CISAL Terziario";"15/02/2017";"01/07/2016";"30/06/2019";"30/06/2020";"SERVIZI SETTORE SOCIO-SANITARIO: Cooperative sociali"
"Accordo in tema di copertura delle spese sanitarie per il personale della Banca d'Italia";"Verbale Integrativo";"Credito Assicurazioni";"BANCA D'ITALIA;UILCA UIL";"28/04/2010";"";"";"";"BANCARI: Banca D'Italia - carriera Operativa"
"Accordo economico collettivo per la disciplina del rapporto di agenzia e rappresentanza commerciale del settore Industriale";"Testo definitivo";"Commercio";"CIDEC;UGIFAI";"18/09/2013";"01/09/2013";"";"30/08/2016";"AGENZIA E RAPPRESENTANZA SETTORE INDUSTRIALE (Cidec-Ugifai)"
"CCNL settore PANIFICAZIONE E ALIMENTARI per i dipendenti delle: piccole e medie imprese - pmi - commerciali - artigiane - industriali - cooperative";"Testo definitivo";"Alimentaristi - Agroindustriale";"FEDARCOM;CIFA;FIADEL SP";"01/06/2011";"01/06/2011";"";"31/05/2014";"PANIFICAZIONE E ALIMENTARI"
"Accordo negoziale in tema di Convenzione per i diritti sindacali";"Verbale Integrativo";"Credito Assicurazioni";"BANCA D'ITALIA;SIBC CISAL";"16/12/2010";"";"";"";"BANCARI: Banca D'Italia - carriera Operativa"
"CCNL per i lavoratori e impiegati della micro, piccola, media impresa edile, dell'artigiano edile ed affini, delle cooperative del settore edilizio";"Testo definitivo";"Edilizia";"CONFIMPRESEITALIA;CONFIMPRESE ARTIGIANATO;ACS;CSE;CSE FNILAPMI;CSE FNLEI;CSE DIR;CSE COOP;CSE FNILASU;CSE FNILEL";"22/12/2011";"01/01/2012";"";"31/12/2015";"EDILI: micro, PMI, artigiane, cooperative - CONFIMPRESEITALIA-ACS-CSE"
"CCNL per i dipendenti da aziende, piccole e medie imprese e società cooperative del commercio, dei servizi e del terziario, per i lavoratori della Comunità Europea e per i lavoratori extracomunitari";"Testo definitivo";"Commercio";"CEPA A;SI CEL";"31/03/2014";"31/03/2014";"";"31/03/2017";"COMMERCIO, SERVIZI E TERZIARIO (CEPA-A - SI-CEL)"
"Accordo in tema di contrattualizzazione del rapporto di impiego del personale della carriera operativa, dei servizi generali e di sicurezza e operaia";"Accordo di rinnovo";"Credito Assicurazioni";"BANCA D'ITALIA; UILCA UIL";"13/07/2010";"01/01/2010";"";"31/12/2012";"BANCARI: Banca D'Italia - carriera Operativa"
"CCNL per i dipendenti delle Aziende del settore TURISMO";"Testo definitivo";"Commercio";"AIP;CONFLAVORATORI;FENASALC";"09/12/2013";"09/12/2013";"";"01/12/2016";"TURISMO (AIP-CONFLAVORATORI-FENASALC)"
"Accordo in tema di contrattualizzazione del rapporto di impiego del personale della carriera direttiva";"Accordo di rinnovo";"Credito Assicurazioni";"BANCA D'ITALIA; UILCA UIL";"13/07/2010";"01/01/2010";"";"31/12/2012";"BANCARI: Banca D'Italia - carriera Direttiva"
"Accordo negoziale con il quale viene definito il quadriennio 2006-2009 del personale della carriera operativa, dei servizi generali e di sicurezza e operaia";"Verbale Integrativo";"Credito Assicurazioni";"BANCA D'ITALIA;FISAC CGIL";"25/10/2010";"";"";"";"BANCARI: Banca D'Italia - carriera Operativa"
"CCNL per i dipendenti di aziende artigiane di parrucchieri, barbieri ed estetica";"Testo definitivo";"Commercio";"CONFIMPRESEITALIA;CONFIMPRESE ARTIGIANATO;ACS;CSE;CSE FULSCAM;CSE FNILAPMI;CSE FNLEI;CSE DIR;CSE COOP;CSE FNILASU";"22/12/2011";"02/01/2012";"";"31/12/2015";"Aziende Artigiane di Parrucchieri, Barbieri ed Estetica (CONFIMPRESEITALIA-ACS-CSE)"
"CCNL per i dipendenti delle aziende dei settori: Agroalimentari, Agricolo, Agrituristico e Florovivaistico";"Testo definitivo";"Alimentaristi - Agroindustriale";"CEPA A;CEPA A AGRICOLTURA;CIU;FLAAF";"30/10/2012";"30/10/2012";"";"29/10/2015";"Aziende dei settori AGROALIMENTARE-AGRICOLO-AGRITURISTICO E FLOROVIVAISTICO (CEPA A-CIU)"
"Adesione all'accordo in tema di copertura delle spese sanitarie del personale definito il 28 aprile 2010.";"Verbale Integrativo";"Credito Assicurazioni";"BANCA D'ITALIA;FALBI;FIBA CISL";"22/11/2010";"";"";"";"BANCARI: Banca D'Italia - carriera Operativa"
"Accordo sulla disciplina normativa ed economica del personale delle altre carriere della Banca d'Italia nell'ambito della trattativa 2006-2009";"Accordo di rinnovo";"Credito Assicurazioni";"BANCA D'ITALIA;FISAC CGIL;SIBC CISAL;FABI;FIBA CISL;UILCA UIL";"26/06/2008";"";"";"";"BANCARI: Banca D'Italia - carriera Operativa"
"Accordo del 4 febbraio 2015 riguardante i Codici di Comportamento da adottare nella lotta contro le molestie sessuali e il mobbing come previsto dal CCNL 1-4-2013/31-3-2016  per i dipendenti delle aziende operanti nei settori legno, sughero, mobile ed arredamento e boschivi e forestali";"Verbale integrativo";"Edilizia";"FEDERLEGNOARREDO; FILCA CISL; FILLEA CGIL; FENEAL UIL";"04/02/2015";"";"";"31/03/2016";"LEGNO, ARREDAMENTO: Industrie"
"Accordo negoziale in tema di codice etico per il personale della Banca d'Italia";"Verbale Integrativo";"Credito Assicurazioni";"BANCA D'ITALIA;FALBI;FABI;FIBA CISL";"25/10/2010";"";"";"";"BANCARI: Banca D'Italia - carriera Direttiva"
"Accordo in tema di copertura delle spese sanitarie per il personale della Banca d'Italia";"Verbale Integrativo";"Credito Assicurazioni";"BANCA D'ITALIA;FALBI;SINDIRETTIVO CIDA;FABI;FIBA CISL;UILCA UIL";"23/12/2010";"";"";"";"BANCARI: Banca D'Italia - carriera Operativa"
"CCNL per i dipendenti degli operatori nel settore Estetica, Acconciatori e Parrucchieri, in genere";"Testo definitivo";"Commercio";"CONFAR; CONFIPE; SIA CONFSAL";"30/07/2013";"01/01/2013";"";"31/12/2016";"Estetica, Acconciatori e Parrucchieri, in genere"
"CCNL per i dipendenti del terziario: commercio, distribuzione e servizi anche in forma cooperativa";"Testo definitivo";"Commercio";"SISTEMA COMMERCIO E IMPRESA;FESICA CONFSAL;CONFSAL FISALS;CONFSAL";"01/07/2013";"01/07/2013";"";"30/06/2016";"DIPENDENTI DEL TERZIARIO: COMMERCIO, DISTRIBUZIONE E SERVIZI (SCI-CONFSAL)"
"Accordo in tema di contrattualizzazione del rapporto di impiego del personale della carriera operativa, dei servizi generali e di sicurezza e operaia";"Accordo di rinnovo";"Credito Assicurazioni";"BANCA D'ITALIA; FALBI; FABI; FIBA CISL";"13/07/2010";"01/01/2010";"";"31/12/2012";"BANCARI: Banca D'Italia - carriera Operativa"
"Accordo negoziale in tema di Convenzione per i diritti sindacali";"Verbale Integrativo";"Credito Assicurazioni";"BANCA D'ITALIA;UILCA UIL";"16/12/2010";"";"";"";"BANCARI: Banca D'Italia - carriera Direttiva"
"Rinnovo 2010-2011 del CCNL 29/03/2006 per i dirigenti dei consorzi di bonifica e di miglioramento fondiario";"Accordo di rinnovo";"Agricoltura";"SNEBI;SINDICOB";"03/02/2011";"01/01/2010";"";"31/12/2011";"CONSORZI di Bonifica: Dirigenti"
"CCNL per il personale dipendente delle Residenze Sanitarie Assistenziali (RSA) e delle altre strutture residenziali e socio-assistenziali associate AIOP";"Testo definitivo";"Enti e Istituzioni Private";"AIOP;UGL SANITA';FISMIC CONFSAL;SI CEL;FIALS;CONFSAL;FSE";"22/03/2012";"01/04/2012";"";"31/03/2015";"RESIDENZE SANITARIE ASSISTENZIALI (AIOP)"
"CCNL Turismo e Pubblici Esercizi";"Testo definitivo";"Commercio";"FAPI;CESAC;FILDI CIU";"05/04/2017";"05/04/2017";"";"30/03/2020";"TURISMO E PUBBLICI ESERCIZI (FAPI-CESAC-FILDI CIU)"
"Accordo negoziale in tema di codice etico per il personale della Banca d'Italia";"Verbale Integrativo";"Credito Assicurazioni";"BANCA D'ITALIA;FISAC CGIL";"25/10/2010";"";"";"";"BANCARI: Banca D'Italia - carriera Operativa"
"Accordo negoziale in tema di trattamento economico per l'anno 2010 per il personale della carriera operativa, dei servizi generali e di sicurezza e operaia";"Economico 2° biennio";"Credito Assicurazioni";"BANCA D'ITALIA;UILCA UIL";"25/10/2010";"01/01/2010";"31/12/2010";"";"BANCARI: Banca D'Italia - carriera Operativa"
"CCNL UNICO per i dipendenti del Settore ARTIGIANATO";"Accordo di rinnovo";"Altri Vari";"FEDERAZIENDE;FEDERDIPENDENTI";"01/01/2013";"01/01/2013";"";"31/12/2016";"Dipendenti del Settore ARTIGIANATO"
"CCNL per gli imbarcati su natanti di cooperative di pesca";"Testo definitivo";"Alimentaristi - Agroindustriale";"UNICOOP;UGL";"26/03/2013";"26/03/2013";"";"25/03/2016";"PESCA MARITTIMA: Cooperative (UNICOOP-UGL)"
"Accordo di rinnovo del CCNL per gli addetti all'industria chimica-farmaceutica, settore Coibentazioni Termiche Acustiche 10 maggio 2006 - 12 luglio 2006";"Accordo di rinnovo";"Chimici";"ANICTA; FEMCA CISL; FILCTEM CGIL; UILTEC UIL";"27/05/2010";"01/01/2010";"";"31/12/2012";"COIBENTAZIONI TERMICHE ACUSTICHE"
"Verbale di accordo per il rinnovo del CCNL del personale dirigente dell'ANAS SpA";"Accordo di rinnovo";"Enti e Istituzioni Private";"ANAS SPA;FNDAI FEDERMANAGER";"03/01/2006";"01/01/2004";"";"31/12/2008";"ANAS: Dirigenti (Ente Nazionale per le Strade)"
"Verbale di accordo 19 luglio 2010 per il CCNL per gli addetti dell'industria del legno, del sughero, del mobile e dell'arredamento e per le industrie boschive e forestali";"Accordo di rinnovo";"Edilizia";"UNITAL CONFAPI;FILLEA CGIL;FILCA CISL;FENEAL UIL";"19/07/2010";"01/06/2010";"";"31/05/2013";"LEGNO, ARREDAMENTO: P.M.I."
"Accordo negoziale recante norme in tema di rappresentanti dei lavoratori per la sicurezza";"Verbale Integrativo";"Credito Assicurazioni";"BANCA D'ITALIA;SIBC CISAL";"25/10/2010";"";"";"";"BANCARI: Banca D'Italia - carriera Direttiva"
"Accordo negoziale in tema di codice etico per il personale della Banca d'Italia";"Verbale Integrativo";"Credito Assicurazioni";"BANCA D'ITALIA;UILCA UIL";"25/10/2010";"";"";"";"BANCARI: Banca D'Italia - carriera Direttiva"
"Preaccordo in tema di copertura sanitaria per il 2010 per il personale in servizio e in quiescenza";"Verbale Integrativo";"Credito Assicurazioni";"BANCA D'ITALIA;CGIL;CIDA;SIBC;FABI;UIL";"30/12/2009";"";"";"";"BANCARI: Banca D'Italia - carriera Direttiva"
"Accordo negoziale in tema di Convenzione per i diritti sindacali";"Verbale Integrativo";"Credito Assicurazioni";"BANCA D'ITALIA;FISAC CGIL";"16/12/2010";"";"";"";"BANCARI: Banca D'Italia - carriera Direttiva"
"CCNL per i dipendenti delle imprese esercenti attività del settore PULIZIE per i lavoratori dipendenti delle imprese esercenti servizi di pulizie nonché affini ed ausiliarie al settore del pulimento, della disinfezione, disinfestazione, derattizzazione, sanificazione ed assimilabili ai suindicati settori delle piccole e medie imprese dell'artigianato e della cooperazione";"Testo definitivo";"Aziende di Servizi";"ACIS;UNIONLIBERI;FEDERLIBERI;FAMAR;CONFAMAR";"13/04/2016";"13/04/2016";"";"31/12/2020";"PULIZIA: Imprese, PMI, Artigiane, Cooperative (ACIS-UNIONLIBERI-FAMAR)"
"CCNL per i dipendenti delle Imprese Artigiane e/o delle Piccole Imprese Industriali Imprese di Pulizia Servizi Integrati - Multiservizi";"Testo definitivo";"Aziende di Servizi";"CNAI;UNAPI;FISMIC CONFSAL;FILCOM FISMIC";"05/07/2012";"01/08/2012";"";"31/07/2015";"PULIZIA: Imprese Artigiane e/o Piccole Imprese Industriali (CNAI-FISMIC)"
"Accordo negoziale in tema di trattamento economico per l'anno 2010 per il personale della carriera direttiva";"Economico 2° biennio";"Credito Assicurazioni";"BANCA D'ITALIA;SIBC CISAL";"25/10/2010";"01/01/2010";"31/12/2010";"";"BANCARI: Banca D'Italia - carriera Direttiva"
"CARTARIE E CARTOTECNICHE-EDITORIA E GRAFICA: P.M.I.";"Accordo di rinnovo";"Poligrafici e Spettacolo";"Unigec Confapi;Unimatica Confapi;USPI;Slc CGIL;Fistel CISL;Uilsic UIL";"17/07/2001";"01/01/2001";"31/12/2002";"31/12/2004";"COMUNICAZIONE, INFORMATICA E SERVIZI INNOVATIVI: P.M.I."
"Verbale di accordo per il rinnovo del CCNL per i dipendenti delle aziende operanti nei settori legno, sughero, mobile ed arredamento e boschivi e forestali";"Accordo di rinnovo";"Edilizia";"FEDERLEGNOARREDO; UGL COSTRUZIONI";"16/09/2013";"01/04/2013";"";"31/03/2016";"LEGNO, ARREDAMENTO: Industrie"
"Ipotesi di accordo per il rinnovo del CCNL per i lavoratori addetti alla piccola e media industria legno, mobili, arredamento, sughero e forestazione";"Accordo di rinnovo";"Edilizia";"UNITAL CONFAPI;FILLEA CGIL;FILCA CISL;FENEAL UIL";"25/10/2013";"01/06/2013";"";"31/05/2016";"LEGNO, ARREDAMENTO: P.M.I."
"Accordo per il personale della carriera direttiva della Banca d'Italia concernente le attività connesse alla produzione di banconote";"Verbale Integrativo";"Credito Assicurazioni";"BANCA D'ITALIA;FALBI";"26/05/2009";"";"";"";"BANCARI: Banca D'Italia - carriera Direttiva"
"Verbale di accordo CCNL imprese aerofotogrammetriche";"Accordo di rinnovo";"Poligrafici e Spettacolo";"ANIAF;SLC CGIL;FISTEL CISL;UILCOM UIL";"07/06/2004";"01/07/2003";"30/06/2005";"30/06/2007";"AZIENDE AEROFOTOGRAMMETRICHE"
"CCNL per i lavoratori impiegati della PMI edile, dell'artigianato edile e affini, delle cooperative del settore edilizio";"Testo definitivo";"Edilizia";"ALEA ITALIA;ADE ITALIA;ALEA ITALIA EDILIZIA;ADE ITALIA EDILIZIA";"02/09/2009";"02/09/2009";"";"31/08/2013";"EDILI: P.M.I. Artigianato e cooperative"
"Accordo per il personale delle altre carriere della Banca d'Italia concernente le attività connesse alla produzione di banconote";"Verbale Integrativo";"Credito Assicurazioni";"BANCA D'ITALIA;FISAC CGIL;SIBC CISAL;FABI;FIBA CISL;UILCA UIL";"26/05/2009";"";"";"";"BANCARI: Banca D'Italia - carriera Operativa"
"CCNL per i dipendenti delle imprese artigiane esercenti Servizi di pulizia, Disinfezione, Disinfestazione, Derattizzazione e Sanificazione";"Accordo di rinnovo";"Aziende di Servizi";"CONFARTIGIANATO Imprese di Pulizia;CNA Servizi alla comunità;CASARTIGIANI;CLAAI;FILCAMS CGIL;FISASCAT CISL;UILTRASPORTI UIL";"18/09/2014";"01/01/2014";"";"31/12/2016";"PULIZIA Disinfezione Disinfestazione (PMI Cooperative Artigiane)"
"Accordo in tema di Convenzione per i diritti sindacali per le Divisioni specializzate nei compiti di vigilanza bancaria e finanziaria della Banca d'Italia";"Verbale Integrativo";"Credito Assicurazioni";"BANCA D'ITALIA;FISAC CGIL;SINDIRETTIVO CIDA;SIBC CISAL;FABI;FIBA CISL;UILCA UIL";"12/06/2009";"";"";"";"BANCARI: Banca D'Italia - carriera Operativa"
"Accordo negoziale recante norme in tema di rappresentanti dei lavoratori per la sicurezza";"Verbale Integrativo";"Credito Assicurazioni";"BANCA D'ITALIA;FALBI;FABI;FIBA CISL";"25/10/2010";"";"";"";"BANCARI: Banca D'Italia - carriera Direttiva"
"CCNL per i soci dipendenti ed i lavoratori dipendenti delle cooperative, aziende artigiane e piccole e medie imprese esercenti attività nel settore alimentare ed agroalimentare";"Testo definitivo";"Alimentaristi - Agroindustriale";"FEAGRI;FEAPI;CONFIMED AMPI;FLAU CONFLIAA;MOVIMENTO SICILIANO LAVORATORI;CELDA CONFLIAA";"01/06/2013";"01/06/2013";"";"31/05/2016";"ALIMENTARE E AGROALIMENTARE: cooperative, aziende artigiane e PMI"
"CCNL per i dirigenti di azienda dipendenti da imprese cooperative";"Accordo di rinnovo";"Altri Vari";"LEGACOOP;AGCI;CGIL;CISL;UIL;Coordinamento Nazionale CGIL CISL UIL dei Dirigenti di Azienda delle Imprese Cooperative";"22/07/2008";"01/01/2008";"31/12/2009";"31/12/2011";"DIRIGENTI: Cooperative"
"CCNL per il personale artistico scritturato a tempo determinato dai pubblici esercizi con attività di trattenimento e spettacolo";"Testo definitivo";"Poligrafici e Spettacolo";"FIPE SILB;SLC CGIL;FISTEL CISL;UILCOM UIL";"27/04/2005";"01/05/2003";"";"30/04/2007";"SPETTACOLO Esercizi Pubblici: Artisti a tempo determinato"
"CCNL per i dipendenti da aziende artigiane alimentari";"Testo definitivo";"Alimentaristi - Agroindustriale";"CICAS; CEI; CONFIMPRESA; SIA; ISA; SILSE";"14/06/2010";"01/05/2005";"30/04/2007";"30/04/2009";"ALIMENTARISTI: Artigiane (CICAS CEI CONFIMPRESA)"
"Accordo per il personale delle altre carriere della Banca d'Italia concernente le attività connesse alla produzione di banconote";"Verbale Integrativo";"Credito Assicurazioni";"BANCA D'ITALIA;FALBI";"26/05/2009";"";"";"";"BANCARI: Banca D'Italia - carriera Operativa"
"GIORNALI (Edicole Rivendite Giornali)";"Accordo di rinnovo";"Poligrafici e Spettacolo";"FIEG;SINAGI SLC CGIL;CISL Giornalai;UILTUCS Giornalai;SNAG CONFCOMMERCIO;FENAGI CONFESERCENTI;USIAGI UGL;USPI;ANADIS";"18/04/2005";"01/01/2006";"";"31/12/2009";"GIORNALI (Edicole Rivendite Giornali)"
"CCNL per i dipendenti delle aziende, associazioni, enti e studi professionali, che svolgono mansioni nell'ambito delle professioni non regolamentate";"Testo definitivo";"Altri Vari";"CPMI ITALIA;UNIQUALITY;FESICA CONFSAL;CONFSAL FISALS;CONFSAL PESCA";"01/06/2014";"01/06/2014";"";"30/05/2017";"PROFESSIONI NON REGOLAMENTATE"
"Accordo di rinnovo del CCNL 13 luglio 2000, come modificato e integrato con il verbale di accordo 26 maggio 2003, per i dirigenti delle imprese esercenti ferrovie, tramvie, filovie, autolinee, funivie, assimilabili per atto di concessione a ferrovie, linee di navigazione interna";"Accordo di rinnovo";"Trasporti";"ASSTRA;FEDERMANAGER";"18/01/2006";"01/01/2004";"";"31/12/2008";"AUTOFERROTRANVIERI: Dirigenti"
"Stesura definitiva del CCNL 22/09/2012 per gli addetti all'industria chimica, chimico-farmaceutica, delle fibre chimiche e dei settori abrasivi, lubrificanti e gpl";"Accordo di rinnovo";"Chimici";"FEDERCHIMICA;FARMINDUSTRIA;UGL CHIMICI;FAILC CONFAIL;FIALC CISAL";"22/09/2012";"01/11/2012";"";"31/12/2015";"CHIMICO FARMACEUTICA e AFFINI: Industrie"
"CCNL per i soci e dipendenti delle cooperative esercenti attività nel settore autotrasporto, spedizione merci,  logistica ed affini";"Testo definitivo";"Trasporti";"UNCI;FAST;FAST CAMIONISTI AUTISTI DIPENDENTI";"01/04/2014";"01/04/2014";"";"31/03/2017";"AUTOTRASPORTO E SPEDIZIONE MERCI (UNCI-CONFSAL)"
"CCNL per i soci dipendenti ed i lavoratori dipindenti delle cooperative, delle aziende artigiane e delle piccole e medie imprese esercenti attività nel settore lavorazioni conto terzi a "facon" tessile - abbigliamento - moda - pelli - calzaturiero - corderia";"Testo definitivo";"Tessili";"AMPI;FEAPI;FEAGRI;FIALTE;UFFICIO LEGALE VERTENZE CONFLIAA;CONFLIAA";"15/09/2012";"15/09/2012";"";"14/09/2015";"TESSILI ABBIGLIAMENTO: Lavorazioni conto terzi a facon"
"Firma per adesione da parte di UGL Comunicazione, in data 13/07/2011, del Rinnovo del 2 luglio 2009 del CCNL per i dipendenti d'aziende dell'industria cineaudiovisiva";"Accordo di rinnovo";"Poligrafici e Spettacolo";"ANICA;UIR;SLC CGIL;FISTEL CISL;UILCOM UIL;UGL COMUNICAZIONE";"13/07/2011";"01/01/2008";"";"31/12/2010";"CINEMA AUDIOVISIVI: Industrie"
"Ipotesi di accordo per il rinnovo del CCNL per i dipendenti dell'industria cineaudiovisiva";"Accordo di rinnovo";"Poligrafici e Spettacolo";"ANICA;SLC CGIL;FISTEL CISL;UILCOM UIL";"21/12/2011";"01/01/2012";"";"31/12/2014";"CINEMA AUDIOVISIVI: Industrie"
"CCNL per gli operai agricoli e florovivaisti";"Testo definitivo";"Agricoltura";"COMPIE AGRICOLTURA CONFEDERAZIONE PICCOLE E MEDIE IMPRESE EUROPEE COMPARTO AGRICOLTURA;UCI UNIONE COLTIVATORI ITALIANI;ULE UNIONE LAVORATORI EUROPEI AGRICOLTURA";"16/12/2011";"16/12/2011";"";"16/12/2014";"AGRICOLTURA: Operai e Florovivaisti"
"CCNL per i soci lavoratori e i lavoratori dipendenti delle cooperative esercenti servizi di pulizia, facchinaggio, logistica, guardiania, igiene ambientale ed ausiliari nonché servizi integrativi e multiservizi ai vari settori merceologici";"Testo definitivo";"Aziende di Servizi";"CONFIMPRESEITALIA;CONFIMPRESEITALIA ARTIGIANATO;ACS;CSE;CSE FULSCAM;CSE FNILAPMI;CSE FNLEI;CSE DIR;CSE COOP;CSE FNILASU;CSE FNILEL;CSE FNILT;CSE FNILA;CSE FNILM";"22/12/2011";"01/01/2012";"";"31/12/2014";"PULIZIA: Cooperative (CONFIMPRESEITALIA-ACS-CSE)"
"Rinnovo CCNL per gli addetti all'industria chimica, chimico-farmaceutica, delle fibre chimiche e dei settori abrasivi, lubrificanti e GPL";"Accordo di rinnovo";"Chimici";"FEDERCHIMICA;FARMINDUSTRIA;FILCEM CGIL;FEMCA CISL;UILCEM UIL";"18/12/2009";"01/01/2010";"";"31/12/2012";"CHIMICO FARMACEUTICA e AFFINI: Industrie"
"Accordo collettivo nazionale per la produttività";"Verbale integrativo";"Enti e Istituzioni Private";"AIOP;UGL SANITA';SI CEL;FSI;USAE;FIALS";"22/10/2013";"01/01/2014";"";"";"RESIDENZE SANITARIE ASSISTENZIALI (AIOP)"
"CCNL per gli addetti all'industria delle piastrelle di ceramica, dei materiali refrattari, ceramica sanitaria, di porcellana e ceramica per uso domestico e ornamentale, di ceramica tecnica, di tubi in gres";"Testo definitivo";"Chimici";"CONFINDUSTRIA CERAMICA;UGL CHIMICI;FIALC CISAL;FAILC CONFAIL;FESICA CONFSAL";"28/08/2014";"01/07/2013";"";"30/06/2016";"PIASTRELLE E REFRATTARI: Industrie"
"Contratto Collettivo di lavoro per i dipendenti delle aziende operanti nel settore  della comunicazione e dei servizi innovativi per le imprese 5 ottobre 2011";"Testo definitivo";"Poligrafici e Spettacolo";"ASSOLOMBARDA;SLC CGIL;FISTEL CISL;UILCOM UIL";"05/10/2011";"01/01/2011";"";"31/12/2013";"COMUNICAZIONE D'IMPRESA"
"CCNL per i dipendenti delle PMI e i soci e dipendenti delle Cooperative esrcenti servizi di pulizia facchinaggio, igiene ambientale ed ausiliari nonché servizi integrativi multiservizi ai vari settori merceologici";"Testo definitivo";"Aziende di Servizi";"COOPITALIANE;IMPRESA ITALIA;CONFSAAP;AECP;UPLA;CEPA A;CEPA A TERZIARIO;CEPA A AIMA;ALDEPI;ALPPI;FENALPI;CONFLAVORATORI CONFSAL;CONFAIL;FASPI CONFSAL";"28/05/2014";"01/06/2014";"";"31/05/2017";"PULIZIA: dipendenti PMI, soci e dipendenti Cooperative"
"Ipotesi verbale di accordo 16 settembre 2010 per il rinnovo del CCNL della comunicazione, dell'informatica  e dei servizi innovativi scaduto il 30 giugno 2009";"Accordo di rinnovo";"Poligrafici e Spettacolo";"UNIGEC CONFAPI;UNIMATICA CONFAPI;SLC CGIL;FISTEL CISL;UILCOM UIL;USPI";"16/09/2010";"01/07/2009";"";"30/06/2012";"COMUNICAZIONE, INFORMATICA E SERVIZI INNOVATIVI: P.M.I."
"CCNL PER I LAVORATORI DEGLI ORGANISMI DI MEDIAZIONE E DEGLI ENTI DI FORMAZIONE PER MEDIATORI";"Testo definitivo";"Altri Vari";"CIFA;CONFOMEF;CONFSAL;CONFSAL FALMEF";"28/05/2013";"01/06/2013";"";"31/05/2016";"ORGANISMI DI MEDIAZIONE ED ENTI DI FORMAZIONE PER MEDIATORI"
"CCNL per il personale artistico e tecnico scritturato dai teatri stabili e dalle compagnie professionali di prosa (da valere per gli attori, i tecnici, i ballerini, gli orchestrali ed i coristi scritturati dai teatri stabili e dalle compagnie professionali teatrali di prosa, commedia musicale, rivista e operetta)";"Testo definitivo";"Poligrafici e Spettacolo";"PLATEA;ANTPI;ANCRIT;ANTAC;SLC CGIL;SAI SLC CGIL;FISTEL CISL;FAI FISTEL CISL;UILCOM UIL;Coordinamento attori UILCOM UIL";"20/11/2008";"01/01/2007";"";"31/12/2010";"TEATRI: Personale Artistico"
"Accordo negoziale recante norme in tema di rappresentanti dei lavoratori per la sicurezza";"Verbale Integrativo";"Credito Assicurazioni";"BANCA D'ITALIA;SINDIRETTIVO CIDA";"25/10/2010";"";"";"";"BANCARI: Banca D'Italia - carriera Direttiva"
"CCNL per i dipendenti delle piccole e medie imprese del settore commercio, terziario e servizi";"Testo definitivo";"Commercio";"CEPI UCI;ANIAC;SINALP";"07/10/2014";"07/10/2014";"";"30/09/2017";"COMMERCIO, TERZIARIO E SERVIZI: PMI"
"CCNL per i dipendenti delle imprese esercenti attività del settore "TURISMO E PUBBLICI ESERCIZI" Aziende alberghiere, Complessi turistico - ricettivi dell'aria aperta, Aziende pubblici esercizi, Stabilimenti balneari, Alberghi diurni, Imprese di viaggi e turismo, Porti ed approdi turistici";"Testo definitivo";"Commercio";"NORD INDUSTRIALE;FAMAR";"26/02/2015";"01/03/2015";"";"31/12/2018";"TURISMO E PUBBLICI ESERCIZI (NORD INDUSTRIALE-FAMAR)"
"CCNL per i dipendenti da aziende artigiane di lavanderie, tintorie e affini";"Testo definitivo";"Tessili";"CEPA;CONFIMPRESEITALIA;USAE";"28/01/2011";"02/03/2011";"";"01/03/2014";"Az. Artigiane di Lavanderie, Tintorie, affini (CEPA-CONFIMPRESEITALIA-USAE)"
"CCNL 22 DICEMBRE 2009 PER I DIPENDENTI DEI CONSORZI AGRARI";"Testo definitivo";"Agricoltura";"ASSOCAP;FLAI CGIL;FAI CISL;UILTUCS UIL;SINALCAP";"22/12/2009";"01/06/2009";"31/05/2012";"31/05/2012";"CONSORZI AGRARI: Operai e Impiegati"
"CCNL per i dipendenti di aziende artigiane del legno ed affini";"Testo definitivo";"Edilizia";"CONFIMPRESEITALIA;CONFIMPRESE ARTIGIANATO;ACS;CSE;CSE FNILAPMI;CSE FNLEI;CSE DIR;CSE COOP;CSE FNILASU;CSE FNILEL";"22/12/2011";"01/01/2012";"";"31/12/2015";"Aziende Artigiane del Legno ed Affini (CONFIMPRESEITALIA-ACS-CSE)"
"Nuovo CCNL di settore del Trasporto Aereo";"Accordo di rinnovo";"Trasporti";"ASSAEREO; ASSAEROPORTI; ASSOHANDLERS; ASSOCONTROL; ASSOCATERING; FILT CGIL; FIT CISL; UILTRASPORTI; UGL TRASPORTI; (sottoscritto da FAIRO il 25/03/2014)";"02/08/2013";"";"";"";"AEREI: Trasporto Aereo"
"Accordo sulla disciplina normativa ed economica del personale della carriera direttiva della Banca d'Italia nell'ambito della trattativa 2006-2009";"Accordo di rinnovo";"Credito Assicurazioni";"BANCA D'ITALIA;SINDIRETTIVO CIDA;FISAC CGIL;SIBC CISAL;UILCA UIL;FABI;FIBA CISL";"26/06/2008";"";"";"31/12/2009";"BANCARI: Banca D'Italia - carriera Direttiva"
"Accordo di rinnovo del CCNL 18 gennaio 2006 per i dirigenti delle imprese esercenti ferrovie, tramvie, filovie, autolinee, funivie, assimilabili per atto di concessione a ferrovie, linee di navigazione interna";"Accordo di rinnovo";"Trasporti";"ASSTRA;FEDERMANAGER";"27/04/2010";"27/04/2010";"";"31/12/2013";"AUTOFERROTRANVIERI: Dirigenti"
"CCNL del personale dirigente dell'ANAS SpA";"Testo definitivo";"Enti e Istituzioni Private";"ANAS SPA;FNDAI FEDERMANAGER";"16/04/2003";"01/01/2002";"";"31/12/2003";"ANAS: Dirigenti (Ente Nazionale per le Strade)"
"Accordo per la stipula dell'assicurazione contro i rischi di morte e di invalidità permanente in favore del personale della Banca d'Italia";"Verbale Integrativo";"Credito Assicurazioni";"BANCA D'ITALIA;FIBA CISL";"14/01/2010";"";"";"";"BANCARI: Banca D'Italia - carriera Operativa"
"Accordo negoziale recante norme in tema di rappresentanti dei lavoratori per la sicurezza";"Verbale Integrativo";"Credito Assicurazioni";"BANCA D'ITALIA;SINDIRETTIVO CIDA";"25/10/2010";"";"";"";"BANCARI: Banca D'Italia - carriera Operativa"
"Verbale di accordo per il rinnovo del CCNL per i lavoratori dipendenti dalle imprese del sistema industriale integrato di servizi tessili e medici affini";"Accordo di rinnovo";"Tessili";"ASSOSISTEMA;UGL CHIMICI TESSILI";"15/12/2009";"01/07/2009";"";"30/06/2012";"LAVANDERIE, TINTORIE ... : Industrie"
"Accordo collettivo nazionale di lavoro degli agenti in servizi finanziari";"Accordo di rinnovo";"Credito Assicurazioni";"FENAFI;UFIC;CONFIMPRESEITALIA;CIDEC;CEPI UCI;FENAILP;ASSIMEC;ASSOPROFESSIONAL;SIMEDIA UGL;ASSOCRED";"17/02/2011";"01/03/2011";"";"28/02/2015";"AGENTI IN SERVIZI FINANZIARI"
"Verbale integrativo all'Ipotesi di accordo per il rinnovo del CCNL Area Alimentazione-Panificazione del 23 febbraio 2017";"Verbale integrativo";"Alimentaristi - Agroindustriale";"CNA Alimentare;CONFARTIGIANATO Alimentazione;CASARTIGIANI;CLAAI;FLAI CGIL;FAI CISL;UILA UIL";"06/03/2017";"";"";"";"ALIMENTARISTI: Artigiane"
"Accordo in tema di copertura delle spese sanitarie per il personale della Banca d'Italia";"Verbale Integrativo";"Credito Assicurazioni";"BANCA D'ITALIA;FISAC CGIL;SINDIRETTIVO CIDA;SIBC CISAL;FABI;UILCA UIL";"14/01/2010";"";"";"";"BANCARI: Banca D'Italia - carriera Direttiva"
"Accordo in tema di Convenzione per i diritti sindacali";"Verbale Integrativo";"Credito Assicurazioni";"BANCA D'ITALIA;FALBI";"22/12/2009";"";"";"";"BANCARI: Banca D'Italia - carriera Direttiva"
"Verbale di accordo per il rinnovo del 2° biennio del CCNL per i dipendenti delle piccole e medie aziende della comunicazione, informatica e dei servizi innovativi";"Economico 2° biennio";"Poligrafici e Spettacolo";"UNIGEC CONFAPI;UNIMATICA CONFAPI;SLC CGIL;FISTEL CISL;UILCOM UIL;USPI";"18/12/2007";"01/07/2007";"";"30/06/2009";"COMUNICAZIONE, INFORMATICA E SERVIZI INNOVATIVI: P.M.I."
"Accordo negoziale in tema di trattamento economico per l'anno 2010 per il personale della carriera operativa, dei servizi generali e di sicurezza e operaia";"Economico 2° biennio";"Credito Assicurazioni";"BANCA D'ITALIA;SIBC CISAL";"25/10/2010";"01/01/2010";"31/12/2010";"";"BANCARI: Banca D'Italia - carriera Operativa"
"CINEMA: Tecnici e Maestranze";"Testo definitivo";"Poligrafici e Spettacolo";"ANICA; APT; APC; API; SLC CGIL; FISTEL CISL; UILSIC UIL";"07/12/1999";"01/04/2000";"31/03/2002";"31/03/2004";"CINEMA: Tecnici e Maestranze"
"CCNL per i dipendenti da aziende artigiane di parrucchieri, barbieri ed estetica";"Testo definitivo";"Commercio";"CEPA;CONFIMPRESEITALIA;USAE";"28/01/2011";"02/03/2011";"";"01/03/2014";"Aziende Artigiane di Parrucchieri, Barbieri ed Estetica (CEPA-CONFIMPRESEITALIA-USAE)"
"CCNL per i lavoratori dipendenti dalle imprese esercenti attività nel settore alimentari, panificazione ed affini Artigiani";"Testo definitivo";"Alimentaristi - Agroindustriale";"CESAC;FAPI";"15/07/2010";"15/07/2010";"";"14/07/2013";"ALIMENTARISTI PANIFICAZIONE AFFINI Artigiani"
"Accordo per la stipula dell'assicurazione contro i rischi di morte e di invalidità permanente in favore del personale della Banca d'Italia";"Verbale Integrativo";"Credito Assicurazioni";"BANCA D'ITALIA;FISAC CGIL;SINDIRETTIVO CIDA;SIBC CISAL;FABI;UILCA UIL";"14/01/2010";"";"";"";"BANCARI: Banca D'Italia - carriera Operativa"
"Accordo per il rinnovo del CCNL Attività Minerarie 19 dicembre 2013";"Accordo di rinnovo";"Chimici";"ASSOMINERARIA;FILCTEM CGIL;FEMCA CISL;UILTEC UIL";"15/02/2017";"01/04/2016";"";"31/03/2019";"MINERO-METALLURGICHE: Industrie"
"CCNL Domestici - Colf e Badanti (conviventi e non conviventi) - Verbale integrativo di adesione di UNIMPRESA al CCNL 16/02/2013";"Verbale Integrativo";"Commercio";"UNIMPRESA;Sindacato SLI;SIDA";"15/09/2014";"01/03/2013";"";"28/02/2016";"Domestici - Colf e Badanti - conviventi e non conviventi"
"Accordo cornice in tema di contrattualizzazione del rapporto di impiego del personale della carriera direttiva";"Accordo di rinnovo";"Credito Assicurazioni";"BANCA D'ITALIA;UILCA UIL";"18/02/2010";"01/01/2010";"";"31/12/2012";"BANCARI: Banca D'Italia - carriera Direttiva"
"Accordo per il personale della carriera direttiva della Banca d'Italia concernente le attività connesse alla produzione di banconote";"Verbale Integrativo";"Credito Assicurazioni";"BANCA D'ITALIA;SINDIRETTIVO CIDA;FISAC CGIL;SIBC CISAL;FIBA CISL;UILCA UIL;FABI";"26/05/2009";"";"";"";"BANCARI: Banca D'Italia - carriera Direttiva"
"Ipotesi di accordo per il rinnovo del CCNL Attività Minerarie 19 ottobre 2010";"Accordo di rinnovo";"Chimici";"ASSOMINERARIA;FILCTEM CGIL;FEMCA CISL;UILTEC UIL";"20/11/2013";"01/04/2013";"";"31/03/2016";"MINERO-METALLURGICHE: Industrie"
"CCNL Domestici - Colf e Badanti (conviventi e non conviventi) - Verbale integrativo di modifica e nuovo testo definitivo";"Testo definitivo";"Commercio";"Sindacato SLI;SIDA";"06/03/2014";"01/03/2013";"";"28/02/2016";"Domestici - Colf e Badanti - conviventi e non conviventi"
"Ipotesi di accordo sindacale per il rinnovo del CCNL personale dipendente da imprese esercenti l'attività funebre";"Accordo di rinnovo";"Trasporti";"FENIOF;CONFCOMMERCIO;FILT CGIL;FIT CISL;UILTRASPORTI";"04/07/2014";"01/01/2014";"";"31/12/2016";"POMPE FUNEBRI: Agenzie Private"
"Ipotesi di accordo per il rinnovo del CCNL Attività Minerarie 19 ottobre 2010";"Accordo di rinnovo";"Chimici";"ASSOMINERARIA;UGL CHIMICI ENERGIA";"20/11/2013";"01/04/2013";"";"31/03/2016";"MINERO-METALLURGICHE: Industrie"
"Verbale di accordo 19 febbraio 2010 per la sottoscrizione da parte della UGL Chimici del verbale di accordo 29 settembre 2008 nella sua forma di testo coordinato di rinnovo del CCNL attività minerarie 6 luglio 2004";"Accordo di rinnovo";"Chimici";"ASSOMINERARIA;UGL CHIMICI";"19/02/2010";"01/04/2008";"31/03/2010";"31/03/2012";"MINERO-METALLURGICHE: Industrie"
"CCNL per i dipendenti di aziende artigiane e del settore industria: LAVANDERIE E STIRERIE, LAVORAZIONE DEL LEGNO PER LA PRODUZIONE DI MOBILI E COMPLEMENTI D'ARREDO, PANIFICAZIONE, IMPRESE DI PULIZIA E COOPERATIVE";"Testo definitivo";"Altri Vari";"FEDERAZIENDE;FEDERDIPENDENTI";"01/10/2012";"02/10/2012";"";"30/09/2016";"LAVANDERIE, LEGNO ARREDAMENTO, PANIFICAZIONE, PULIZIA (FEDERAZIENDE)"
"Verbale di accordo - ccnl attività minerarie";"Verbale Integrativo";"Chimici";"ASSOMINERARIA - FILCEM CGIL - FEMCA CISL - UILCEM UIL";"20/12/2006";"";"";"";"MINERO-METALLURGICHE: Industrie"
"IPOTESI DI ACCORDO biennio 2006-2007 dipendenti RAI";"Economico 2° biennio";"Poligrafici e Spettacolo";"RAI;SLC CGIL;FISTEL CISL;UILCOM UIL;SNATER;UGL INFORMAZIONE;LIBERSIND CONFSAL";"21/12/2006";"01/01/2006";"";"31/12/2007";"RAI"
"Rinnovo biennio economico 2006-2007 CCNL trasporto pubblico locale";"Economico 2° biennio";"Trasporti";"UPI - ANCI - ASSTRA - ANAV - CONFSERVIZI - FILT CGIL - FIT CISL - UILTRASPORTI - UGL Autoferrotranvieri - CISAL - FAISA CISAL";"14/12/2006";"01/01/2006";"";"31/12/2007";"AUTOFERROTRANVIERI"
"Verbale di accordo";"Verbale Integrativo";"Edilizia";"FILCA CISL - FENEAL UIL - FILLEA CGIL - UNITAL CONFAPI - COMMISSIONE TECNICA SINDACALE";"15/05/2007";"";"";"";"LEGNO, ARREDAMENTO: P.M.I."
"CCNL Industria Chimica";"Testo definitivo";"Chimici";"Federazione Nazionale dell'Industria Chimica;FARMINDUSTRIA;Associazione CERAI d'Italia;CONFINDUSTRIA;FILCEM CGIL;FEMCA CISL;UILCEM UIL";"10/05/2006";"01/01/2006";"31/12/2007";"31/12/2009";"CHIMICO FARMACEUTICA e AFFINI: Industrie"
"Verbale di accordo";"Verbale Integrativo";"Poligrafici e Spettacolo";"FEDERIPPODROMI - UNI - TRENNO SRL - SLC CGIL - FISASCAT CISL - UILCOM UIL";"17/05/2007";"";"";"";"IPPICA: Dipendenti Societa' Corse dei Cavalli"
"Verbale di accordo";"Verbale Integrativo";"Poligrafici e Spettacolo";"FEDERIPPODROMI - UNI - TRENNO SRL - SLC CGIL - FISASCAT CISL - UILCOM UIL";"21/06/2007";"";"";"";"IPPICA: Dipendenti Societa' Corse dei Cavalli"
"Accordo nazionale in materia di Linee Guida su accordi aziendali in deroga alla normativa prevista dal ccnl (art. 18, lettera B, punto 3, CCNL 10 maggio 2006)";"Verbale Integrativo";"Chimici";"FEDERCHIMICA - FARMINDUSTRIA - FILCEM CGIL - FEMCA CISL - UILCEM UIL";"29/06/2007";"";"";"";"CHIMICO FARMACEUTICA e AFFINI: Industrie"
"Accordo in tema di copertura delle spese sanitarie del personale";"Verbale Integrativo";"Credito Assicurazioni";"Banca d'Italia - FALBI - SINDIRETTIVO CIDA - FISAC CGIL - FIBA CISL - UILCA UIL - SIBC CISAL";"19/10/2006";"";"";"";"BANCARI: Banca D'Italia - carriera Operativa"
"Accordo in tema di copertura delle spese sanitarie del personale";"Verbale Integrativo";"Credito Assicurazioni";"Banca d'Italia - FABI";"20/10/2006";"";"";"";"BANCARI: Banca D'Italia - carriera Operativa"
"Accordo in tema di copertura delle spese sanitarie del personale";"Verbale Integrativo";"Credito Assicurazioni";"Banca d'Italia - FALBI - FABI - SINDIRETTIVO CIDA - FISAC CGIL - FIBA CISL - UILCA UIL - SIBC CISAL";"24/11/2006";"";"";"";"BANCARI: Banca D'Italia - carriera Operativa"
"Accordo per il personale delle carriere operative";"Verbale Integrativo";"Credito Assicurazioni";"Banca d'Italia - SINDIRETTIVO CIDA - FISAC CGIL - SIBC CISAL - FABI - FIBA CISL - UILCA UIL - FALBI";"18/06/2007";"";"";"";"BANCARI: Banca D'Italia - carriera Operativa"
"Accordo per il personale della carriera direttiva";"Verbale Integrativo";"Credito Assicurazioni";"Banca d'Italia - SINDIRETTIVO CIDA - FISAC CGIL - SIBC CISAL - UILCA UIL - FABI - FIBA CISL";"18/06/2007";"";"";"";"BANCARI: Banca D'Italia - carriera Direttiva"
"Ipotesi di accordo per il rinnovo del CCNL per i dipendenti da aziende del settore turismo";"Accordo di rinnovo";"Commercio";"FEDERALBERGHI;FIPE;FIAVET;FAITA;CONFCOMMERCIO;FEDERRETI;FILCAMS CGIL;FISASCAT CISL;UILTUCS UIL";"26/07/2007";"01/01/2006";"";"31/12/2009";"TURISMO (AZIENDE CONFCOMMERCIO)"
"Ipotesi di accordo per il rinnovo del CCNL turismo";"Accordo di rinnovo";"Commercio";"ASSOTURISMO;ASSHOTEL;ASSOCAMPING;ASSOVIAGGI;FIBA;FIEPET;CONFESERCENTI;FILCAMS CGIL;FISASCAT CISL;UILTUCS UIL";"31/07/2007";"01/01/2006";"";"31/12/2009";"TURISMO (AZIENDE CONFESERCENTI)"
"Verbale di accordo di rinnovo del CCNL 7 ottobre 1998 per il settore della coibentazione";"Accordo di rinnovo";"Chimici";"ANICTA; FEMCA CISL; FILCEM CGIL; UILCEM UIL";"12/07/2006";"01/01/2006";"31/12/2007";"31/12/2009";"COIBENTAZIONI TERMICHE ACUSTICHE"
"CHIMICA, VETRO, GOMMA E PLASTICA: PMI, Cooperative, Artigiane";"Testo definitivo";"Chimici";"FEDARCOM; CIFA; FESICA CONFSAL; CONFSAL FISALS; CONFSAL";"30/11/2005";"01/12/2005";"01/12/2008";"30/11/2009";"CHIMICA, VETRO, GOMMA E PLASTICA: PMI, Cooperative, Artigiane"
"MINERO-METALLURGICHE: Industrie";"Testo definitivo";"Chimici";"ASSOMINERARIA;FILCEM CGIL;FEMCA CISL;UILCEM UIL";"06/07/2004";"01/04/2004";"31/03/2006";"31/03/2008";"MINERO-METALLURGICHE: Industrie"
"MINERO-METALLURGICHE: Industrie";"Economico secondo biennio";"Chimici";"ASSOMINERARIA - FILCEM CGIL - FEMCA CISL - UILCEM UIL";"19/07/2006";"01/04/2006";"";"31/03/2008";"MINERO-METALLURGICHE: Industrie"
"MINERO-METALLURGICHE: Industrie";"Testo definitivo";"Chimici";"ASSOMINERARIA - FILCEM CGIL - FEMCA CISL - UILCEM UIL";"20/12/2006";"";"";"";"MINERO-METALLURGICHE: Industrie"
"CONTO TERZISTI, A FACON: PMI, Cooperative";"Testo definitivo";"Tessili";"FEDARCOM; CIFA; FESICA CONFSAL; CONFSAL FISALS; CONFSAL";"30/11/2005";"01/12/2005";"30/11/2007";"30/11/2009";"CONTO TERZISTI, A FACON: PMI, Cooperative"
"PESCA: Cooperative";"Testo definitivo";"Alimentaristi - Agroindustriale";"Fai - Uila - Flai - Agci - Federcoopesca - Legapesca";"05/02/2003";"01/01/2003";"31/12/2004";"31/12/2006";"PESCA: Cooperative"
"PESCA: Cooperative";"Economico secondo biennio";"Alimentaristi - Agroindustriale";"AGCI SISTEMA AGRO ITTICO ALIMENTARE - LEGA PESCA - FEDERCOOPESCA CONFCOOPERATIVE - FAI CISL - FLAI CGIL - UILA UIL";"26/10/2005";"01/01/2005";"";"31/12/2006";"PESCA: Cooperative"
"LEGNO, ARREDAMENTO: Industrie";"Testo definitivo";"Edilizia";"FEDERLEGNOARREDO CONFINDUSTRIA; FENEAL UIL; FILCA CISL; FILLEA CGIL";"21/07/2004";"01/07/2004";"31/12/2005";"31/12/2007";"LEGNO, ARREDAMENTO: Industrie"
"LEGNO, ARREDAMENTO: Industrie";"Economico secondo biennio";"Edilizia";"FEDERLEGNOARREDO; FENEAL UIL; FILCA CISL; FILLEA CGIL";"06/06/2006";"01/01/2006";"";"31/12/2007";"LEGNO, ARREDAMENTO: Industrie"
"LEGNO, ARREDAMENTO: P.M.I.";"Verbale integrativo";"Edilizia";"UNITAL CONFAPI - FILLEA CGIL - FILCA CISL - FENEAL UIL";"22/12/2005";"16/01/2006";"";"";"LEGNO, ARREDAMENTO: P.M.I."
"LEGNO, ARREDAMENTO: P.M.I.";"Economico secondo biennio";"Edilizia";"UNITAL CONFAPI - FENEAL UIL - FILCA CISL - FILLEA CGIL";"05/07/2006";"01/01/2006";"";"31/12/2007";"LEGNO, ARREDAMENTO: P.M.I."
"LEGNO, ARREDAMENTO: P.M.I.";"Economico secondo biennio";"Edilizia";"UNITAL CONFAPI - FENEAL UIL - FILCA CISL - FILLEA CGIL";"21/07/2006";"01/01/2006";"";"31/12/2007";"LEGNO, ARREDAMENTO: P.M.I."
"LEGNO, ARREDAMENTO: P.M.I.";"Verbale integrativo";"Edilizia";"UNITAL CONFAPI - FENEAL UIL - FILCA CISL - FILLEA CGIL";"21/07/2006";"";"";"";"LEGNO, ARREDAMENTO: P.M.I."
"GIORNALI (Edicole Rivendite Giornali)";"Testo definitivo";"Poligrafici e Spettacolo";"FIEG - SINAGI-CGIL - UILTUCS-GIORNALAI - SNAG-COMMERCIO - FENAGI-CONFESERCENTI";"04/03/1994";"01/05/1994";"";"30/04/1999";"GIORNALI (Edicole Rivendite Giornali)"
"GIORNALI (Edicole Rivendite Giornali)";"Verbale integrativo";"Poligrafici e Spettacolo";"Fieg - Cisl-Giornalai - Uiltucs-giornalai - Snag-Confcommercio - Fenagi-Confesercenti - Sinagi-Cgil";"30/10/1997";"";"";"";"GIORNALI (Edicole Rivendite Giornali)"
"PUBBLICITA' (SIPRA PUBLICITAS)";"Testo definitivo";"Poligrafici e Spettacolo";"SIPRA; SLC CGIL; FISTEL CISL; UILCOM UIL; SNATER";"13/12/2005";"01/01/2005";"31/12/2006";"31/12/2008";"PUBBLICITA' (SIPRA PUBLICITAS)"
"RAI";"Accordo di rinnovo";"Poligrafici e Spettacolo";"Rai-Radiotelevisione Italiana Spa - Rai Way Spa, Rai Cinema Spa - Slc-Cgil - Fistel-Cisl - Uilsic-Uil";"08/06/2000";"08/06/2000";"31/12/2001";"31/12/2003";"RAI"
"RAI";"Accordo di rinnovo";"Poligrafici e Spettacolo";"RAI;UGL Informazione;Libersind CONFSAL";"23/12/2004";"01/01/2004";"31/12/2005";"31/12/2007";"RAI"
"RAI";"Testo definitivo";"Poligrafici e Spettacolo";"INTERSIND; RAI; FED.IT.LAV.INF. E SPETT; FED.INF. E SPETT.; UN.IT. LAV. STAMPA,SPETT.,SPORT, INFORM.,COMUN.,CULTURA, CARTAI; SNATER";"09/05/1990";"01/01/1990";"";"30/04/1993";"RAI"
"RAI";"Accordo di rinnovo";"Poligrafici e Spettacolo";"INTERSIND; FILIS-CGIL; FIS-CISL; UILSIC-UIL; SNATER";"06/04/1995";"01/01/1995";"31/12/1996";"31/12/1998";"RAI"
"RAI";"Economico 2° biennio";"Poligrafici e Spettacolo";"INTERSIND - SLC-CGIL - FIS-CISL - UILSIC-UIL - RAI RADIOTELEVISIONE ITALIANA";"05/05/1997";"01/01/1997";"";"31/12/1998";"RAI"
"RAI: Artisti (Prof. D'Orchestra, Artisti del coro...)";"Testo definitivo";"Poligrafici e Spettacolo";"PERSONALE AFFARI SINDACALI; INTERSIND;";"09/05/1990";"01/01/1990";"";"30/04/1993";"RAI: Artisti (Prof. D'Orchestra, Artisti del coro...)"
"RAI: Artisti (Prof. D'Orchestra, Artisti del coro...)";"Accordo di rinnovo";"Poligrafici e Spettacolo";"RAI;INTERSIND;SLC CGIL;FISTEL CISL;UILSIC UIL";"21/12/1995";"01/01/1995";"31/12/1996";"31/12/1998";"RAI: Artisti (Prof. D'Orchestra, Artisti del coro...)"
"RAI: Artisti (Prof. D'Orchestra, Artisti del coro...)";"Verbale integrativo";"Poligrafici e Spettacolo";"Rai - Cgil - Cisl - Uil - Snater";"24/07/1996";"";"";"";"RAI: Artisti (Prof. D'Orchestra, Artisti del coro...)"
"RAI: Artisti (Prof. D'Orchestra, Artisti del coro...)";"Economico 2° biennio";"Poligrafici e Spettacolo";"INTERSIND - RAI - SLC-CGIL - FISTEL-CISL - UILSIC-UIL";"04/06/1997";"01/01/1997";"";"31/12/1998";"RAI: Artisti (Prof. D'Orchestra, Artisti del coro...)"
"CINEMA: Tecnici e Maestranze";"Economico secondo biennio";"Poligrafici e Spettacolo";"Anica - Slc - Fistel - Uilcom";"27/01/2003";"31/03/2002";"";"31/03/2004";"CINEMA: Tecnici e Maestranze"
"CINEMA: Generici Produzione A.V.";"Testo definitivo";"Poligrafici e Spettacolo";"ANICA;SLC CGIL;FIS CISL;UILSIC UIL";"26/09/1996";"01/01/1997";"26/09/1998";"26/09/2000";"CINEMA: Generici Produzione A.V."
"SPETTACOLO: Lavoratori Intermittenti";"Testo definitivo";"Poligrafici e Spettacolo";"COS; SOS; Alai Cisl; Clacs Cisl";"28/11/2003";"01/01/2004";"";"31/12/2007";"SPETTACOLO: Lavoratori Intermittenti"
"ENTI LIRICI";"Testo definitivo";"Poligrafici e Spettacolo";"Agis - Anfols - Fials-Cisal - Slc - Fistel - Uilsic";"01/06/2000";"01/01/1998";"31/12/1999";"31/12/2001";"ENTI LIRICI"
"ENTI LIRICI";"Economico secondo biennio";"Poligrafici e Spettacolo";"Agis-Anfols - Fistel-Cisl - Uilsic-Uil - Fials-Cisal";"29/05/2001";"01/01/2000";"";"31/12/2001";"ENTI LIRICI"
"AZIENDE AEROFOTOGRAMMETRICHE";"Testo definitivo";"Poligrafici e Spettacolo";"ANIAF;FITA;SLC CGIL;FISTEL CISL;UILSIC UIL";"09/05/2000";"01/07/1999";"30/06/2001";"30/06/2003";"AZIENDE AEROFOTOGRAMMETRICHE"
"AZIENDE AEROFOTOGRAMMETRICHE";"Economico secondo biennio";"Poligrafici e Spettacolo";"Aniaf - Fita - Unione industriali - Slc-Cgil - Fistel-Cisl - Uilcom-Uil";"06/06/2002";"01/07/2001";"";"30/06/2003";"AZIENDE AEROFOTOGRAMMETRICHE"
"AZIENDE AEROFOTOGRAMMETRICHE";"Verbale integrativo";"Poligrafici e Spettacolo";"Aniaf - Fita - Unione industriali - Slc-Cgil - Fistel-Cisl - Uilcom-Uil";"06/06/2002";"";"";"";"AZIENDE AEROFOTOGRAMMETRICHE"
"COMMERCIO E SERVIZI (CONFTERZIARIO)";"Testo definitivo";"Commercio";"CONFTERZIARIO; ALAR; CIU; CONFLAVORATORI";"24/07/2004";"01/09/2004";"31/08/2006";"31/08/2008";"COMMERCIO E SERVIZI (CONFTERZIARIO)"
"COMMERCIO E SERVIZI (CONFTERZIARIO)";"Economico secondo biennio";"Commercio";"CONFTERZIARIO - CIU - CONFLAVORATORI";"01/08/2006";"01/09/2004";"";"31/08/2008";"COMMERCIO E SERVIZI (CONFTERZIARIO)"
"TURISMO (AZIENDE CONFCOMMERCIO)";"Verbale integrativo";"Commercio";"Fipe-Confcommercio - filcams - Fisascat - Uiltucs";"20/11/2001";"20/11/2001";"";"31/12/2001";"TURISMO (AZIENDE CONFCOMMERCIO)"
"TURISMO (AZIENDE CONFCOMMERCIO)";"Verbale integrativo";"Commercio";"Fipe-Confcommercio";"21/11/2001";"20/11/2001";"";"31/12/2001";"TURISMO (AZIENDE CONFCOMMERCIO)"
"TURISMO (AZIENDE CONFCOMMERCIO)";"Accordo di rinnovo";"Commercio";"Federalberghi - Fipe - Faita - Fiavet - Federreti - Filcams-Cgil - Fisascat-Cisl - Uiltucs-Uil";"19/07/2003";"01/01/2002";"";"31/12/2005";"TURISMO (AZIENDE CONFCOMMERCIO)"
"TURISMO (AZIENDE CONFCOMMERCIO)";"Testo definitivo";"Commercio";"Federalberghi - Fipe - Fiavert -. Faita - Confcommercio - Filcams - Fisascat - Uiltucs";"22/01/1999";"01/07/1998";"31/12/2001";"31/12/2001";"TURISMO (AZIENDE CONFCOMMERCIO)"
"TURISMO (AZIENDE CONFESERCENTI)";"Testo definitivo";"Commercio";"Confesercenti  - Assoturismo - Asshotel - Fiepet - Assoviaggi - Fiba - Assocamping - Filcams Cgil - Fisascat Cisl - Uiltucs Uil";"22/07/2003";"01/01/2002";"";"31/12/2005";"TURISMO (AZIENDE CONFESERCENTI)"
"STUDI Professionali Contabili";"Testo definitivo";"Commercio";"LAIT; CONFTERZIARIO; CIU; CONFLAVORATORI";"23/07/2004";"01/09/2004";"31/08/2006";"31/08/2008";"STUDI Professionali Contabili"
"AUTOFERROTRANVIERI: Dirigenti";"Economico 2° biennio";"Trasporti";"Asstra - Federmanager";"26/05/2003";"01/01/2002";"";"31/12/2003";"AUTOFERROTRANVIERI: Dirigenti"
"AUTOFERROTRANVIERI: Dirigenti";"Testo definitivo";"Trasporti";"FENIT; FEDERAZIONE NAZIONALE DIRIGENTI AZIENDE INDUSTRIALI;";"13/12/1989";"01/07/1989";"";"30/06/1993";"AUTOFERROTRANVIERI: Dirigenti"
"AUTOFERROTRANVIERI: Dirigenti";"Economico 2° biennio";"Trasporti";"FENIT; F.N.D.A.I.";"02/04/1992";"01/01/1992";"";"30/06/1993";"AUTOFERROTRANVIERI: Dirigenti"
"AUTOFERROTRANVIERI: Dirigenti";"Accordo di rinnovo";"Trasporti";"FENIT - FNDAI";"26/06/1995";"01/01/1995";"31/12/1996";"31/12/1998";"AUTOFERROTRANVIERI: Dirigenti"
"AUTOFERROTRANVIERI: Dirigenti";"Accordo di rinnovo";"Trasporti";"FENIT - FNDAI";"22/12/1997";"";"31/12/1999";"31/12/1999";"AUTOFERROTRANVIERI: Dirigenti"
"AUTOFERROTRANVIERI";"Accordo di rinnovo";"Trasporti";"Frdertrasporti - Fenit - Anav - Filt - Fit - Uiltrasporti";"27/11/2000";"01/01/2000";"31/12/2001";"31/12/2003";"AUTOFERROTRANVIERI"
"AUTOFERROTRANVIERI";"Verbale integrativo";"Trasporti";"Asstra - Anav - Filt - Fit - Uiltrasporti";"25/01/2001";"";"";"";"AUTOFERROTRANVIERI"
"AUTOFERROTRANVIERI";"Verbale integrativo";"Trasporti";"Asstra - Anav - Filt - Fit - Uiltrasporti";"08/02/2001";"";"";"";"AUTOFERROTRANVIERI"
"AUTOFERROTRANVIERI";"Verbale integrativo";"Trasporti";"Asstra - Anav - Filt - Fit - Uiltrasporti";"04/04/2001";"";"";"";"AUTOFERROTRANVIERI"
"AUTOFERROTRANVIERI";"Verbale integrativo";"Trasporti";"Asstra - Anav - Filt - Fit - Uiltrasporti";"10/10/2001";"";"";"";"AUTOFERROTRANVIERI"
"AUTOFERROTRANVIERI";"Economico 2° biennio";"Trasporti";"Asstra - Anav - Filt - Fit - Uiltrasporti";"20/12/2003";"01/01/2002";"";"31/12/2003";"AUTOFERROTRANVIERI"
"AUTOFERROTRANVIERI";"Accordo di rinnovo";"Trasporti";"Asstra;Anav;Filt CGIL;Fit CISL;Uiltrasporti UIL";"14/12/2004";"18/11/2004";"31/12/2005";"31/12/2007";"AUTOFERROTRANVIERI"
"AUTOFERROTRANVIERI";"Testo definitivo";"Trasporti";"";"23/07/1976";"23/07/1976";"";"31/12/1989";"AUTOFERROTRANVIERI"
"AUTOFERROTRANVIERI";"Accordo di rinnovo";"Trasporti";"";"12/07/1985";"";"";"";"AUTOFERROTRANVIERI"
"AUTOFERROTRANVIERI";"Accordo di rinnovo";"Trasporti";"";"20/06/1986";"20/06/1986";"";"";"AUTOFERROTRANVIERI"
"AUTOFERROTRANVIERI";"Accordo di rinnovo";"Trasporti";"";"03/07/1986";"03/07/1986";"";"";"AUTOFERROTRANVIERI"
"AUTOFERROTRANVIERI";"Accordo di rinnovo";"Trasporti";"MINISTRO DEI TRASPORTI; Parti Stipulanti";"27/02/1987";"27/02/1987";"";"31/12/1988";"AUTOFERROTRANVIERI"
"AUTOFERROTRANVIERI";"Accordo di rinnovo";"Trasporti";"";"28/07/1989";"01/01/1989";"";"31/12/1991";"AUTOFERROTRANVIERI"
"AUTOFERROTRANVIERI";"Accordo di rinnovo";"Trasporti";"FILT-CGIL; FIT-CISL; UILTRASPORTI, FEDERTRASPORTI; ANAC; FENIT";"07/02/1991";"";"";"";"AUTOFERROTRANVIERI"
"AUTOFERROTRANVIERI";"Accordo di rinnovo";"Trasporti";"FEDERTRASPORTI; ANAC; FENIT; CGIL; CISL; UIL; FILT; FIT; UILTRASPORTI FAISA CISAL";"13/12/1994";"01/12/1994";"";"31/12/1995";"AUTOFERROTRANVIERI"
"AUTOFERROTRANVIERI";"Accordo di rinnovo";"Trasporti";"FEDERTRASPORTI; ANAC; FENIT; FILT-CGIL; FIT-CISL; UILTRASPORTI";"11/04/1995";"";"";"31/12/1995";"AUTOFERROTRANVIERI"
"AUTOFERROTRANVIERI";"Verbale integrativo";"Trasporti";"FILT-CGIL - FIT-CISL - UILTRASPORTI - ANAC - FENIT";"28/03/1996";"";"";"";"AUTOFERROTRANVIERI"
"AUTOFERROTRANVIERI";"Verbale integrativo";"Trasporti";"FILT-CGIL - FIT-CISL - UILTRASPORTI - ANAC";"06/05/1996";"";"";"";"AUTOFERROTRANVIERI"
"AUTOFERROTRANVIERI";"Accordo di rinnovo";"Trasporti";"FEDERTRASPORTI - ANAC - FENIT - FILT-CGIL - FIT-CISL - UILTRASPORTI";"25/07/1997";"01/01/1997";"31/12/1999";"31/12/1999";"AUTOFERROTRANVIERI"
"PILOTI Collaudatori Dip. da Az. di Costruzioni Aerospaziali";"Testo definitivo";"Trasporti";"AIAD CONFINDUSTRIA;ANPICO";"20/07/2000";"01/07/2000";"30/06/2002";"30/06/2004";"PILOTI Collaudatori Dip. da Az. di Costruzioni Aerospaziali"
"CARICO E SCARICO (per Ministero Difesa)";"Testo definitivo";"Trasporti";"AUSITRA; FILT-CGIL; FIT-CISL SETTORE TRASPORTI; UILTRASPORTI-UIL;";"20/10/1989";"20/10/1989";"";"31/08/1991";"CARICO E SCARICO (per Ministero Difesa)"
"CARICO E SCARICO (per Ministero Difesa)";"Accordo di rinnovo";"Trasporti";"AUSITRA;FILT CGIL;FIT CISL;UILTRASPORTI UIL";"30/05/1995";"01/06/1995";"31/12/1996";"31/12/1996";"CARICO E SCARICO (per Ministero Difesa)"
"BANCARI: Banca D'Italia - carriera Direttiva";"Verbale integrativo";"Credito Assicurazioni";"Banca d'Italia - Sindirettivo-Cida";"16/10/2000";"";"";"";"BANCARI: Banca D'Italia - carriera Direttiva"
"BANCARI: Banca D'Italia - carriera Direttiva";"Verbale integrativo";"Credito Assicurazioni";"Banca d'Italia - Sindirettivo-Cida";"27/03/2001";"";"";"";"BANCARI: Banca D'Italia - carriera Direttiva"
"BANCARI: Banca D'Italia - carriera Direttiva";"Accordo di rinnovo";"Credito Assicurazioni";"Banca d'Italia - Sindirettivo-Cida";"26/06/2002";"01/07/2002";"";"";"BANCARI: Banca D'Italia - carriera Direttiva"
"BANCARI: Banca D'Italia - carriera Direttiva";"Verbale integrativo";"Credito Assicurazioni";"Banca d'Italia Uilca-Uil";"11/11/2002";"01/07/2002";"";"";"BANCARI: Banca D'Italia - carriera Direttiva"
"BANCARI: Banca D'Italia - carriera Direttiva";"Verbale integrativo";"Credito Assicurazioni";"Banca d'Italia - Sindirettivo-Cida";"25/07/2002";"";"";"";"BANCARI: Banca D'Italia - carriera Direttiva"
"BANCARI: Banca D'Italia - carriera Direttiva";"Verbale integrativo";"Credito Assicurazioni";"Banca d'Italia - Sindirettivo-Cida";"30/04/2003";"";"";"";"BANCARI: Banca D'Italia - carriera Direttiva"
"BANCARI: Banca D'Italia - carriera Direttiva";"Verbale integrativo";"Credito Assicurazioni";"Banca d'Italia - Sindirettivo-Cida";"19/05/2003";"";"";"";"BANCARI: Banca D'Italia - carriera Direttiva"
"BANCARI: Banca D'Italia - carriera Direttiva";"Verbale integrativo";"Credito Assicurazioni";"Banca d'Italia - Fiba-Cisl";"19/05/2003";"";"";"";"BANCARI: Banca D'Italia - carriera Direttiva"
"BANCARI: Banca D'Italia - carriera Direttiva";"Verbale integrativo";"Credito Assicurazioni";"Banca d'Italia - Sindirettivo-Cida";"26/03/2003";"";"";"";"BANCARI: Banca D'Italia - carriera Direttiva"
"BANCARI: Banca D'Italia - carriera Direttiva";"Verbale integrativo";"Credito Assicurazioni";"Banca d'Italia Uilca-Uil";"06/10/2004";"";"";"";"BANCARI: Banca D'Italia - carriera Direttiva"
"BANCARI: Banca D'Italia - carriera Direttiva";"Verbale integrativo";"Credito Assicurazioni";"Banca d'Italia - Fisac-Cgil - Cida-Sindirettivo - Cisl-Fiba - Fabi - Falbi - Sbc-Cisal - Uilca-Uil";"06/10/2004";"";"";"";"BANCARI: Banca D'Italia - carriera Direttiva"
"BANCARI: Banca D'Italia - carriera Direttiva";"Verbale integrativo";"Credito Assicurazioni";"Banca d'Italia Uilca-Uil";"06/10/2004";"";"";"";"BANCARI: Banca D'Italia - carriera Direttiva"
"BANCARI: Banca D'Italia - carriera Direttiva";"Verbale integrativo";"Credito Assicurazioni";"BANCA D'ITALIA - FALBI - SIBC CISAL - FIBA CISL - UILCA UIL - SINDIRETTIVO CIDA";"30/05/2005";"";"";"";"BANCARI: Banca D'Italia - carriera Direttiva"
"BANCARI: Banca D'Italia - carriera Direttiva";"Verbale integrativo";"Credito Assicurazioni";"BANCA D'ITALIA - FISAC CGIL";"27/04/2006";"";"";"";"BANCARI: Banca D'Italia - carriera Direttiva"
"BANCARI: Banca D'Italia - carriera Direttiva";"Accordo di rinnovo";"Credito Assicurazioni";"BANCA D'ITALIA;FALBI;SIBC CISAL;SINDIRETTIVO CIDA;FISAC CGIL;FIBA CISL;UILCA UIL";"27/04/2006";"01/01/2002";"";"31/12/2005";"BANCARI: Banca D'Italia - carriera Direttiva"
"BANCARI: Banca D'Italia - carriera Direttiva";"Verbale integrativo";"Credito Assicurazioni";"BANCA D'ITALIA - FALBI - SIBC CISAL - SINDIRETTIVO CIDA - FISAC CGIL - FIBA CISL - UILCA UIL";"27/04/2006";"";"";"";"BANCARI: Banca D'Italia - carriera Direttiva"
"BANCARI: Banca D'Italia - carriera Direttiva";"Verbale integrativo";"Credito Assicurazioni";"BANCA D'ITALIA - FALBI - SIBC CISAL - SINDIRETTIVO CIDA - FISAC CGIL - FIBA CISL - UILCA UIL";"27/04/2006";"";"";"";"BANCARI: Banca D'Italia - carriera Direttiva"
"BANCARI: Banca D'Italia - carriera Direttiva";"Verbale integrativo";"Credito Assicurazioni";"BANCA D'ITALIA - FABI";"21/06/2006";"";"";"";"BANCARI: Banca D'Italia - carriera Direttiva"
"BANCARI: Banca D'Italia - carriera Direttiva";"Verbale integrativo";"Credito Assicurazioni";"BANCA D'ITALIA - FABI - SINDIRETTIVO CIDA - FALBI - SIBC CISAL - UILCA UIL - FIBA CISL";"13/07/2006";"";"";"";"BANCARI: Banca D'Italia - carriera Direttiva"
"BANCARI: Banca D'Italia - carriera Direttiva";"Testo definitivo";"Credito Assicurazioni";"SINDIRETTIVO-CIDA - FABI - SIBC-CISAL - SNALBI-CONFSAL - FISAC-CGIL - UIB-UIL";"28/03/1996";"01/01/1994";"31/12/1995";"31/12/1997";"BANCARI: Banca D'Italia - carriera Direttiva"
"BANCARI: Banca D'Italia - carriera Direttiva";"Verbale integrativo";"Credito Assicurazioni";"BANCA D'ITALIA - SINDIRETTIVO-CIDA";"29/07/1997";"";"";"";"BANCARI: Banca D'Italia - carriera Direttiva"
"BANCARI: Banca D'Italia - carriera Direttiva";"Verbale integrativo";"Credito Assicurazioni";"BANCA D'ITALIA - SINDIRETTIVO-CIDA";"29/07/1998";"01/01/1998";"";"31/12/2001";"BANCARI: Banca D'Italia - carriera Direttiva"
"BANCARI: Banca D'Italia - carriera Direttiva";"Verbale integrativo";"Credito Assicurazioni";"BANCA D'ITALIA - FABI";"23/09/1998";"01/01/1998";"";"31/12/2001";"BANCARI: Banca D'Italia - carriera Direttiva"
"BANCARI: Banca D'Italia - carriera Operativa";"Verbale integrativo";"Credito Assicurazioni";"Banca d'Italia - fisac-cgil - Fiba-Cisl - Uilca-Uil";"16/10/2000";"";"";"";"BANCARI: Banca D'Italia - carriera Operativa"
"BANCARI: Banca D'Italia - carriera Operativa";"Verbale integrativo";"Credito Assicurazioni";"Banca d'Italia - Fiba-Cisl";"27/03/2001";"";"";"";"BANCARI: Banca D'Italia - carriera Operativa"
"BANCARI: Banca D'Italia - carriera Operativa";"Accordo di rinnovo";"Credito Assicurazioni";"Banca d'Italia - Falbi - Sibc -Cisal";"26/06/2002";"01/07/2002";"";"";"BANCARI: Banca D'Italia - carriera Operativa"
"BANCARI: Banca D'Italia - carriera Operativa";"Verbale integrativo";"Credito Assicurazioni";"Banca d'Italia - Uilca-Uil";"11/11/2002";"";"";"";"BANCARI: Banca D'Italia - carriera Operativa"
"BANCARI: Banca D'Italia - carriera Operativa";"Verbale integrativo";"Credito Assicurazioni";"Banca d'Italia - Falbi - Sbc-Cisal";"25/07/2002";"";"";"";"BANCARI: Banca D'Italia - carriera Operativa"
"BANCARI: Banca D'Italia - carriera Operativa";"Verbale integrativo";"Credito Assicurazioni";"Banca d'Italia  - Uilca-Uil";"30/04/2003";"";"";"";"BANCARI: Banca D'Italia - carriera Operativa"
"BANCARI: Banca D'Italia - carriera Operativa";"Verbale integrativo";"Credito Assicurazioni";"Banca d'Italia - Fiba-Cisl";"19/05/2003";"";"";"";"BANCARI: Banca D'Italia - carriera Operativa"
"BANCARI: Banca D'Italia - carriera Operativa";"Verbale integrativo";"Credito Assicurazioni";"Banca d'Italia - Fiba-Cisl";"19/05/2003";"";"";"";"BANCARI: Banca D'Italia - carriera Operativa"
"BANCARI: Banca D'Italia - carriera Operativa";"Verbale integrativo";"Credito Assicurazioni";"Banca d'Italia - Falbi - Sbc-Cisal";"26/03/2003";"";"";"";"BANCARI: Banca D'Italia - carriera Operativa"
"BANCARI: Banca D'Italia - carriera Operativa";"Verbale integrativo";"Credito Assicurazioni";"Banca d'Italia - Uilca-Uil";"22/03/2004";"";"";"";"BANCARI: Banca D'Italia - carriera Operativa"
"BANCARI: Banca D'Italia - carriera Operativa";"Verbale integrativo";"Credito Assicurazioni";"Banca d'Italia - Fisac-Cgil - Cida-Sindirettivo - Cisl-Fiba - Fabi - Falbi - Sbc-Cisal - Uilca-Uil";"06/10/2004";"";"";"";"BANCARI: Banca D'Italia - carriera Operativa"
"BANCARI: Banca D'Italia - carriera Operativa";"Verbale integrativo";"Credito Assicurazioni";"Banca d'Italia Uilca-Uil";"06/10/2004";"";"";"";"BANCARI: Banca D'Italia - carriera Operativa"
"BANCARI: Banca D'Italia - carriera Operativa";"Verbale integrativo";"Credito Assicurazioni";"";"18/10/2004";"";"";"";"BANCARI: Banca D'Italia - carriera Operativa"
"BANCARI: Banca D'Italia - carriera Operativa";"Verbale integrativo";"Credito Assicurazioni";"BANCA D'ITALIA - FALBI - SIBC CISAL - FIBA CISL - UILCA UIL - SINDIRETTIVO CIDA";"30/05/2005";"";"";"";"BANCARI: Banca D'Italia - carriera Operativa"
"BANCARI: Banca D'Italia - carriera Operativa";"Verbale integrativo";"Credito Assicurazioni";"BANCA D'ITALIA - FISAC CGIL";"27/04/2006";"";"";"";"BANCARI: Banca D'Italia - carriera Operativa"
"BANCARI: Banca D'Italia - carriera Operativa";"Accordo di rinnovo";"Credito Assicurazioni";"BANCA D'ITALIA;FALBI;SIBC CISAL;FISAC CGIL;FIBA CISL;UILCA UIL";"27/04/2006";"01/01/2002";"";"31/12/2005";"BANCARI: Banca D'Italia - carriera Operativa"
"BANCARI: Banca D'Italia - carriera Operativa";"Verbale integrativo";"Credito Assicurazioni";"BANCA D'ITALIA - FALBI - SIBC CISAL - FISAC CGIL - FIBA CISL - UILCA UIL";"27/04/2006";"";"";"";"BANCARI: Banca D'Italia - carriera Operativa"
"BANCARI: Banca D'Italia - carriera Operativa";"Verbale integrativo";"Credito Assicurazioni";"BANCA D'ITALIA - FALBI - SIBC CISAL - SINDIRETTIVO CIDA - FISAC CGIL - FIBA CISL - UILCA UIL";"27/04/2006";"";"";"";"BANCARI: Banca D'Italia - carriera Operativa"
"BANCARI: Banca D'Italia - carriera Operativa";"Verbale integrativo";"Credito Assicurazioni";"BANCA D'ITALIA - FABI";"21/06/2006";"";"";"";"BANCARI: Banca D'Italia - carriera Operativa"
"BANCARI: Banca D'Italia - carriera Operativa";"Verbale integrativo";"Credito Assicurazioni";"BANCA D'ITALIA - FABI - SINDIRETTIVO CIDA - FALBI - SIBC CISAL - UILCA UIL - FIBA CISL";"13/07/2006";"";"";"";"BANCARI: Banca D'Italia - carriera Operativa"
"BANCARI: Banca D'Italia - carriera Operativa";"Testo definitivo";"Credito Assicurazioni";"FABI - SIBC-CISAL - SNALBI-CONFSAL - FISAC-CGIL - UIB-UIL";"28/03/1996";"01/01/1994";"31/12/1995";"31/12/1997";"BANCARI: Banca D'Italia - carriera Operativa"
"BANCARI: Banca D'Italia - carriera Operativa";"Verbale integrativo";"Credito Assicurazioni";"BANCA D'ITALIA - FALBI - SIBC-CISAL";"18/12/1996";"";"";"";"BANCARI: Banca D'Italia - carriera Operativa"
"BANCARI: Banca D'Italia - carriera Operativa";"Verbale integrativo";"Credito Assicurazioni";"BANCA D'ITALIA - FISAC-CGIL - FIBA-CISL - UILCA-UIL - FALBI - SIBC-CISAL - SINDIRETTIVO-CIDA - FABI";"05/06/1997";"";"";"";"BANCARI: Banca D'Italia - carriera Operativa"
"BANCARI: Banca D'Italia - carriera Operativa";"Verbale integrativo";"Credito Assicurazioni";"BANCA D'ITALIA - FABI RSA";"04/07/1997";"";"";"";"BANCARI: Banca D'Italia - carriera Operativa"
"BANCARI: Banca D'Italia - carriera Operativa";"Verbale integrativo";"Credito Assicurazioni";"BANCA D'ITALIA - FABI";"29/07/1997";"";"";"";"BANCARI: Banca D'Italia - carriera Operativa"
"BANCARI: Banca D'Italia - carriera Operativa";"Accordo di rinnovo";"Credito Assicurazioni";"BANCA D'ITALIA - FABI";"29/07/1998";"01/01/1998";"";"31/12/2001";"BANCARI: Banca D'Italia - carriera Operativa"
"BANCARI: Banca D'Italia - carriera Operativa";"Accordo di rinnovo";"Credito Assicurazioni";"BANCA D'ITALIA - FABI";"23/09/1998";"01/01/1998";"";"31/12/2001";"BANCARI: Banca D'Italia - carriera Operativa"
"BANCARI: Banca D'Italia - carriera Operativa";"Verbale integrativo";"Credito Assicurazioni";"BANCA D'ITALIA - SINDIRETTIVO-CIDA";"26/03/1998";"";"";"";"BANCARI: Banca D'Italia - carriera Operativa"
"BANCARI: Banca D'Italia - carriera Operativa";"Verbale integrativo";"Credito Assicurazioni";"BANCA D'ITALIA - SINDIRETTIVO-CIDA";"28/10/1998";"";"";"";"BANCARI: Banca D'Italia - carriera Operativa"
"PULIZIA Disinfezione Disinfestazione (PMI Cooperative Artigiane)";"Verbale integrativo";"Aziende di Servizi";"Confartigianato - Cna - Casartigiani - Claai - Filcams - Fisascat - Uiltrasporti";"12/11/2001";"01/11/2001";"";"30/06/2003";"PULIZIA Disinfezione Disinfestazione (PMI Cooperative Artigiane)"
"PULIZIA Disinfezione Disinfestazione (PMI Cooperative Artigiane)";"Verbale integrativo";"Aziende di Servizi";"Cna - Confartigianato - Casartigiani - Cgil - Cisl - Uil";"20/05/2002";"";"";"";"PULIZIA Disinfezione Disinfestazione (PMI Cooperative Artigiane)"
"PULIZIA Disinfezione Disinfestazione (PMI Cooperative Artigiane)";"Verbale integrativo";"Aziende di Servizi";"Cna - Confartigianato - Casartigiani - Filcams - Fisascat - Uiltrasporti";"24/02/2003";"";"";"";"PULIZIA Disinfezione Disinfestazione (PMI Cooperative Artigiane)"
"PULIZIA Disinfezione Disinfestazione (PMI Cooperative Artigiane)";"Testo definitivo";"Aziende di Servizi";"CONFARTIGIANATO;Assopulizie CNA;CASA;CLAAI;FILCAMS CGIL;FISASCAT CISL;UILTRASPORTI UIL";"12/07/1999";"01/07/1999";"";"30/06/2003";"PULIZIA Disinfezione Disinfestazione (PMI Cooperative Artigiane)"
"CISL (Lavoratori Dipendenti)";"Testo definitivo";"Enti e Istituzioni Private";"Delibera del Comitato Esecutivo Confederale";"22/06/2004";"01/04/2004";"";"31/03/2008";"CISL (Lavoratori Dipendenti)"
"CISL (Dirigenti)";"Testo definitivo";"Enti e Istituzioni Private";"Delibera del Comitato Esecutivo Confederale";"22/06/2004";"01/04/2004";"";"31/03/2008";"CISL (Dirigenti)"
"DIRIGENTI: Aziende Industriali";"Testo definitivo";"Altri Vari";"Confindustria - Fndai";"23/05/2000";"01/01/2000";"31/12/2001";"31/12/2003";"DIRIGENTI: Aziende Industriali"
"DIRIGENTI: Aziende Industriali";"Economico secondo biennio";"Altri Vari";"Federmanager - Confindustria";"26/03/2003";"01/01/2002";"";"31/12/2003";"DIRIGENTI: Aziende Industriali"
"DIRIGENTI: Aziende Industriali";"Accordo di rinnovo";"Altri Vari";"Confindustria;Federmanager";"24/11/2004";"01/01/2004";"";"31/12/2008";"DIRIGENTI: Aziende Industriali"
"DIRIGENTI: Cooperative";"Testo definitivo";"Altri Vari";"Legacoop - Agci - Cgil - Cisl - Uil";"10/07/2000";"01/01/2000";"31/12/2001";"31/12/2003";"DIRIGENTI: Cooperative"
"DIRIGENTI: Cooperative";"Economico secondo biennio";"Altri Vari";"Legacoop - Agci - Cigl - Cisl - Uil";"09/05/2002";"01/01/2002";"";"31/12/2003";"DIRIGENTI: Cooperative"
"DIRIGENTI: Cooperative";"Accordo di rinnovo";"Altri Vari";"Legacoop;Agci, Cgil;Cisl;Uil;Coordinamento nazionale CGIL CISL UIL dei Dirigenti di Azienda delle Imprese Cooperative";"28/09/2004";"01/01/2004";"31/12/2005";"31/12/2007";"DIRIGENTI: Cooperative"
"COLLABORAZIONI Coordinate e Continuative (UNPEC)";"Testo definitivo";"Altri Vari";"UNPEC;CONFILL;FILC;CUSAL;CASIL;CISMI";"29/10/1998";"01/01/1998";"";"31/12/2002";"COLLABORAZIONI Coordinate e Continuative (UNPEC)"
"COLLABORAZIONI Coordinate e Continuative (CISI)";"Testo definitivo";"Altri Vari";"CISI;FAICA";"04/04/2000";"04/04/2000";"";"03/04/2004";"COLLABORAZIONI Coordinate e Continuative (CISI)"
"Ipotesi di accordo per il rinnovo del CCNL per i dipendenti da aziende del settore turismo";"Accordo di rinnovo";"Commercio";"FEDERALBERGHI;FIPE;FIAVET;FAITA;CONFCOMMERCIO;UGL Commercio e Turismo";"28/07/2007";"01/01/2006";"";"31/12/2009";"TURISMO (AZIENDE CONFCOMMERCIO)"
"Verbale di accordo";"Accordo di rinnovo";"Poligrafici e Spettacolo";"FEDERIPPODROMI;TRENNO srl;SLC CGIL;FISASCAT CISL;UILCOM UIL";"16/10/2007";"01/11/2007";"";"31/12/2010";"IPPICA: Addetti al totalizzatore, ingressi e ss.vv."
"Accordo economico normativo collettivo per la disciplina dei rapporti fra società di corse dei cavalli e addetti al totalizzatore, ingressi e ss.vv.";"Testo definitivo";"Poligrafici e Spettacolo";"FEDERIPPODROMI - Società TRENNO - SLC CGIL - FISASCAT CISL - UILCOM UIL";"15/07/2004";"01/07/2004";"";"30/06/2007";"IPPICA: Addetti al totalizzatore, ingressi e ss.vv."
"CCNL imprese esercenti attività di pompe e trasporto funebre";"Testo definitivo";"Trasporti";"FENIOF;FILT CGIL;FIT CISL;UILTRASPORTI UIL";"21/02/2006";"01/01/2005";"31/12/2006";"31/12/2008";"POMPE FUNEBRI: Agenzie Private"
"Ipotesi di accordo per il rinnovo del Ccnl per il personale dipendente da Fondazioni Liriche e Sinfoniche";"Accordo di rinnovo";"Poligrafici e Spettacolo";"Anfols;Fials Cisal;Slc Cgil;Fistel Cisl;Uilcom Uil";"30/10/2003";"01/01/2002";"31/12/2003";"31/12/2005";"ENTI LIRICI"
"Accordo di rinnovo di II biennio del CCNL per gli addetti all'industria chimica, chimico-farmaceutica, delle fibre chimiche e dei settori abrasivi, lubrificanti e GPL del 10 maggio 2006";"Economico secondo biennio";"Chimici";"FEDERCHIMICA - FARMINDUSTRIA - FILCEM CGIL - FEMCA CISL - UILCEM UIL";"06/12/2007";"01/01/2008";"";"31/12/2009";"CHIMICO FARMACEUTICA e AFFINI: Industrie"
"Accordo di rinnovo di II biennio del CCNL per gli addetti all'industria chimica, chimico-farmaceutica, delle fibre chimiche e dei settori abrasivi, lubrificanti e GPL del 10 maggio 2006";"Economico secondo biennio";"Chimici";"FEDERCHIMICA - FARMINDUSTRIA - UGL CHIMICI - FAILC CONFAIL - FIALC CISAL";"06/12/2007";"01/01/2008";"";"31/12/2009";"CHIMICO FARMACEUTICA e AFFINI: Industrie"
"Conclusione lavori della commissione bilaterale inquadramento";"Verbale Integrativo";"Chimici";"FEDERCHIMICA - FARMINDUSTRIA - FILCEM CGIL - FEMCA CISL - UILCEM UIL";"05/12/2007";"";"";"";"CHIMICO FARMACEUTICA e AFFINI: Industrie"
"Conclusione lavori della commissione bilaterale inquadramento";"Verbale Integrativo";"Chimici";"FEDERCHIMICA - FARMINDUSTRIA - UGL CHIMICI - FAILC CONFAIL - FIALC CISAL";"05/12/2007";"";"";"";"CHIMICO FARMACEUTICA e AFFINI: Industrie"
"Accordo di rinnovo di 2° biennio del CCNL per gli addetti all'industria chimica-farmaceutica, settore Coibentazioni Termiche Acustiche 10 maggio 2006 - 12 luglio 2006";"Economico secondo biennio";"Chimici";"ANICTA; FEMCA CISL; FILCTEM CGIL; UILTEC UIL";"18/02/2008";"01/01/2008";"";"31/12/2009";"COIBENTAZIONI TERMICHE ACUSTICHE"
"Accordo in tema di copertura delle spese sanitarie del personale";"Verbale Integrativo";"Credito Assicurazioni";"Banca d'Italia - FALBI - SINDIRETTIVO CIDA - FISAC CGIL - FIBA CISL - UILCA UIL - SIBC CISAL";"19/10/2006";"";"";"";"BANCARI: Banca D'Italia - carriera Direttiva"
"Accordo in tema di copertura delle spese sanitarie del personale";"Verbale Integrativo";"Credito Assicurazioni";"Banca d'Italia - FABI";"20/10/2006";"";"";"";"BANCARI: Banca D'Italia - carriera Direttiva"
"Accordo in tema di copertura delle spese sanitarie del personale";"Verbale Integrativo";"Credito Assicurazioni";"Banca d'Italia - FALBI - FABI - SINDIRETTIVO CIDA - FISAC CGIL - FIBA CISL - UILCA UIL - SIBC CISAL";"24/11/2006";"";"";"";"BANCARI: Banca D'Italia - carriera Direttiva"
"CCNL per i dipendenti delle Aziende Artigiane di lavanderie, tintorie ed affini";"Testo definitivo";"Tessili";"CAPIMED;FENAPI;USAE;USPPI;CEL";"08/04/2008";"01/01/2007";"31/12/2008";"31/12/2010";"Az. Artigiane di Lavanderie, Tintorie, affini (CAPIMED-FENAPI-USAE-USPPI-CEL)"
"CCNL per il personale tecnico/amministrativo della Università telematica non statale "Giustino Fortunato"";"Testo definitivo";"Enti e Istituzioni Private";"UNIVERSITA' TELEMATICA NON STATALE GIUSTINO FORTUNATO;CISL UNIVERSITA'";"23/01/2008";"01/01/2008";"31/12/2010";"31/12/2012";"UNIVERSITA' TELEMATICA 'GIUSTINO FORTUNATO'"
"Rinnovo parte economica CCNL per il personale delle imprese esercenti in appalto per conto dell'Amministrazione della Difesa prestazioni di carico e scaricocomposizione e scomposizione colli, appillaggio e disappillaggio dei materiali in arrivo e in partenza, spostamento dei materiali e quant'altro definito manovalanza comune per la necessità di magazzini, opifici, enti, mezzi navali e aeroportuali militari e di enti militari";"Economico secondo biennio";"Trasporti";"FISE;ANIM;FILT CGIL;FIT CISL;UILTRASPORTI UIL";"03/02/2004";"01/03/2004";"";"31/08/2005";"CARICO E SCARICO (per Ministero Difesa)"
"Accordo relativo ai soci lavoratori di cooperative con rapporto di lavoro non dipendente";"Accordo di rinnovo";"Altri Vari";"UNCI;CLACS CISL";"04/06/2008";"04/06/2008";"";"01/06/2011";"Lavoratori non dipendenti: Cooperative"
"Verbale di accordo per il rinnovo del CCNL per i dipendenti delle aziende operanti nei settori Legno, Sughero, Mobile, Arredamento e Boschivi forestali";"Accordo di rinnovo";"Edilizia";"FEDERLEGNOARREDO; UGL COSTRUZIONI";"04/06/2008";"01/01/2008";"31/03/2010";"31/03/2012";"LEGNO, ARREDAMENTO: Industrie"
"Accordo per il rinnovo del CCNL per il personale dipendente da imprese di pulizia e servizi integrati/multiservizi";"Accordo di rinnovo";"Aziende di Servizi";"FNIP CONFCOMMERCIO;UGL Igiene Ambientale";"15/01/2008";"01/01/2008";"31/12/2009";"31/12/2011";"PULIZIA: Imprese (Confcommercio)"
"Accordo per il rinnovo del CCNL per i dipendenti dalle aziende operanti nei settori legno, sughero, mobile, arredamento e boschivi forestali";"Accordo di rinnovo";"Edilizia";"FEDERLEGNOARREDO; FENEAL UIL; FILCA CISL; FILLEA CGIL";"28/05/2008";"01/01/2008";"31/03/2010";"31/03/2012";"LEGNO, ARREDAMENTO: Industrie"
"CCNL per i soci coimprenditori ed i lavoratori dipendenti delle cooperative esercenti servizi all'infanzia negli asili nido o nelle ludoteche";"Testo definitivo";"Enti e Istituzioni Private";"UNCI;SNALS CONFSAL;CONFSAL FISALS;CONFSAL";"25/06/2008";"01/07/2008";"30/06/2010";"30/06/2012";"Asili Nido o Ludoteche: Cooperative"
"Accordo tra UNCI e CONFSAL in materia di Apprendistato valevole come riferimento ed oggetto di specifico richiamo per la contrattazione sottoscrivenda dalle Parti firmatarie in materia di apprendistato";"Verbale Integrativo";"Enti e Istituzioni Private";"UNCI;CONFSAL";"25/06/2008";"";"";"";"Asili Nido o Ludoteche: Cooperative"
"CCNL sulla disciplina del rapporto di lavoro domestico colf e badanti";"Testo definitivo";"Commercio";"CONFIMPRESEITALIA;CONFPENSIONATI;USAE FNEL;COSNIL Colf e Badanti;COSNIL;SILSE";"15/07/2008";"15/07/2008";"";"15/07/2013";"Lavoro Domestico - Colf e Badanti"
"Accordo per il rinnovo per il CCNL del 22 settembre 2004 a valere per gli addetti dell'industria del legno, del sughero, del mobile e dell'arredamento e per le industrie boschive e forestali";"Accordo di rinnovo";"Edilizia";"UNITAL CONFAPI;FENEAL UIL;FILCA CISL;FILLEA CGIL";"12/09/2008";"01/01/2008";"31/05/2010";"31/05/2012";"LEGNO, ARREDAMENTO: P.M.I."
"CCNL per i dirigenti dei consorzi di bonifica degli enti similari di diritto pubblico e dei consorzi di miglioramento fondiario";"Testo definitivo";"Agricoltura";"SNEBI;SINDICOB";"29/03/2006";"01/01/2004";"31/12/2005";"31/12/2007";"CONSORZI di Bonifica: Dirigenti"
"CCNL per i dipendenti da aziende dell'industria cineaudiovisiva";"Testo definitivo";"Poligrafici e Spettacolo";"ANICA;UNITEC;UNPF;UNIDIM;UNICS;SLC CGIL;FISTEL CISL;UILCOM UIL";"07/03/2005";"01/01/2004";"31/12/2005";"31/12/2007";"CINEMA AUDIOVISIVI: Industrie"
"Rinnovo biennio economico CCNL audiovisivo del 25/7/2006";"Economico 2° biennio";"Poligrafici e Spettacolo";"ANICA;UNITEC;UNPF;UNIDIM;UNICS;SLC CGIL;FISTEL CISL;UILCOM UIL";"25/07/2006";"01/01/2006";"";"31/12/2007";"CINEMA AUDIOVISIVI: Industrie"
"Contratto Nazionale per la disciplina dell'apprendistato professionalizzante nell'industria cineaudiovisiva";"Verbale Integrativo";"Poligrafici e Spettacolo";"ANICA;UNITEC;UNPF;UNIDIM;UNICS;SLC CGIL;FISTEL CISL;UILCOM UIL";"20/12/2006";"";"";"";"CINEMA AUDIOVISIVI: Industrie"
"Verbale di accordo 2° biennio CCNL imprese aerofotogrammetriche";"Economico secondo biennio";"Poligrafici e Spettacolo";"ANIAF;FITA;SLC CGIL;FISTEL CISL;UILCOM UIL";"04/04/2006";"01/07/2005";"";"30/06/2007";"AZIENDE AEROFOTOGRAMMETRICHE"
"CCNL per i dipendenti delle aziende grafiche ed affini e delle aziende editoriali anche multimediali";"Testo definitivo";"Poligrafici e Spettacolo";"ASSOGRAFICI;AIE;ANES;CONFINDUSTRIA;SLC CGIL;FISTEL CISL;UILCOM UIL";"28/03/2008";"01/05/2008";"31/03/2010";"31/03/2012";"EDITORIA E GRAFICA: Industrie"
"Rinnovo CCNL Attività Minerarie";"Accordo di rinnovo";"Chimici";"ASSOMINERARIA;UGL CHIMICI";"29/09/2008";"01/04/2008";"31/03/2010";"31/03/2012";"MINERO-METALLURGICHE: Industrie"
"Avviso comune settore turismo";"Verbale Integrativo";"Commercio";"FEDERALBERGHI;FIPE;FIAVET;FAITA;FEDERRETI;FILCAMS CGIL;FISASCAT CISL;UILTUCS UIL";"12/06/2008";"01/01/2008";"";"";"TURISMO (AZIENDE CONFCOMMERCIO)"
"CCNL per i dipendenti AVIS dei profili professionali direttivo-dirigenziali amministrativi, sanitari e medici";"Accordo di rinnovo";"Enti e Istituzioni Private";"AVIS;FP CGIL;FP CISL;FPL UIL";"07/11/2008";"";"";"31/12/2009";"SANITA': Dirigenti AVIS"
"CCNL per i lavoratori dipendenti dalle industrie di lavanderie e di sterilizzazione tessile e strumentario chirurgico";"Testo definitivo";"Tessili";"AUIL;UGL TESSILI";"15/01/2008";"01/07/2007";"30/06/2009";"30/06/2011";"LAVANDERIE, TINTORIE ... : Industrie"
"CCNL per i quadri direttivi e per il personale delle aree professionali (dalla 1a alla 3a) dipendente dalle aziende concessionarie del servizio di riscossione dei tributi";"Testo definitivo";"Credito Assicurazioni";"ASCOTRIBUTI; FABI; FALCRI; FIBA CISL; FISAC CGIL; SILCEA; DIRCREDITO (firma per adesione relativamente alle tre aree professionali); SNALEC; UGL ESATTORIALI; UILCA";"04/11/2005";"04/11/2005";"";"31/12/2005";"Concessionari Servizi Tributi"
"CCNL per i lavoratori dipendenti dalle industrie di lavanderia e di sterilizzazione tessile e strumentario chirurgico";"Testo definitivo";"Tessili";"FISE AUIL;FEMCA CISL;FILTEA CGIL;UILTA UIL";"17/12/2007";"01/07/2007";"30/06/2009";"30/06/2011";"LAVANDERIE, TINTORIE ... : Industrie"
"CCNL per i dirigenti, quadri di direzione, quadri, ricercatori e professionisti dipendenti italiani nonchè cittadini di Paesi terzi che hanno un rapporto di lavoro con le aziende aderenti ad UNIMPRESA ed operanti nell'ambito delle micro piccole e medie imprese così come individuate dalle norme dell'Unione Europea nei settori di appartenenza dell'attività primaria, secondaria e terziaria esistenti";"Testo definitivo";"Altri Vari";"UNIMPRESA;CIU";"19/03/2009";"19/03/2009";"";"19/03/2012";"DIRIGENTI e QUADRI (UNIMPRESA)"
"Accordo riguardante il personale della carriera direttiva della Banca d'Italia per regolare le ricadute contrattuali della confluenza del personale dell'Ufficio Italiano Cambi nella Banca";"Verbale Integrativo";"Credito Assicurazioni";"BANCA D'ITALIA;SINDIRETTIVO CIDA;FISAC CGIL;SIBC CISAL;UILCA UIL;FABI;FIBA CISL";"13/12/2007";"";"";"";"BANCARI: Banca D'Italia - carriera Direttiva"
"Accordo riguardante il personale delle carriere operativa e se.ge.si. della Banca d'Italia per regolare le ricadute contrattuali della confluenza del personale dell'Ufficio Italiano Cambi nella Banca";"Verbale Integrativo";"Credito Assicurazioni";"BANCA D'ITALIA;FISAC CGIL;SIBC CISAL;FABI;FIBA CISL;UILCA UIL";"13/12/2007";"";"";"";"BANCARI: Banca D'Italia - carriera Operativa"
"Accordo in tema di garanzie delle prestazioni indispensabili richieste dall'art. 1 della L. 146/1990 e successive modifiche in relazione all'attribuzione alla Banca d'Italia delle attività dell'Ufficio Italiano Cambi collegate al pagamento di stipendi e pensioni a cittadini residenti all'estero";"Verbale Integrativo";"Credito Assicurazioni";"BANCA D'ITALIA;FISAC CGIL;SINDIRETTIVO CIDA;SIBC CISAL;FABI;FIBA CISL;UILCA UIL";"13/12/2007";"";"";"";"BANCARI: Banca D'Italia - carriera Direttiva"
"Accordo riguardante i diritti sindacali e i rappresentanti dei lavoratori per la sicurezza in relazione alla confluenza del personale dell'Ufficio Italiano Cambi nella Banca d'Italia";"Verbale Integrativo";"Credito Assicurazioni";"BANCA D'ITALIA;FISAC CGIL;SINDIRETTIVO CIDA;SIBC CISAL;FABI;FIBA CISL;UILCA UIL";"13/12/2007";"";"";"";"BANCARI: Banca D'Italia - carriera Direttiva"
"Accordo per il personale della carriera direttiva della Banca d'Italia nell'ambito del negoziato per il quadriennio 2006-2009";"Verbale Integrativo";"Credito Assicurazioni";"BANCA D'ITALIA;SINDIRETTIVO CIDA;FISAC CGIL;SIBC CISAL;UILCA UIL;FABI;FIBA CISL";"12/02/2008";"";"";"";"BANCARI: Banca D'Italia - carriera Direttiva"
"Accordo per il personale delle carriere operativa, dei servizi generali e di sicurezza ed operaia della Banca d'Italia nell'ambito del negoziato per il quadriennio 2006-2009";"Verbale Integrativo";"Credito Assicurazioni";"BANCA D'ITALIA;FISAC CGIL;SIBC CISAL;FABI;FIBA CISL;UILCA UIL";"12/02/2008";"";"";"";"BANCARI: Banca D'Italia - carriera Operativa"
"Accordo riguardante il personale della carriera direttiva della Banca d'Italia per regolare le ricadute contrattuali della confluenza del personale dell'Ufficio Italiano Cambi nella Banca";"Verbale Integrativo";"Credito Assicurazioni";"BANCA D'ITALIA;FALBI";"07/03/2008";"";"";"";"BANCARI: Banca D'Italia - carriera Direttiva"
"Accordo riguardante il personale delle carriere operativa e se.ge.si. della Banca d'Italia per regolare le ricadute contrattuali della confluenza del personale dell'Ufficio Italiano Cambi nella Banca";"Verbale Integrativo";"Credito Assicurazioni";"BANCA D'ITALIA;FALBI";"07/03/2008";"";"";"";"BANCARI: Banca D'Italia - carriera Operativa"
"Accordo in tema di garanzie delle prestazioni indispensabili richieste dall'art. 1 della L. 146/1990 e successive modifiche in relazione all'attribuzione alla Banca d'Italia delle attività dell'Ufficio Italiano Cambi collegate al pagamento di stipendi e pensioni a cittadini residenti all'estero";"Verbale Integrativo";"Credito Assicurazioni";"BANCA D'ITALIA;FALBI";"07/03/2008";"";"";"";"BANCARI: Banca D'Italia - carriera Direttiva"
"Accordo riguardante i diritti sindacali e i rappresentanti dei lavoratori per la sicurezza in relazione alla confluenza del personale dell'Ufficio Italiano Cambi nella Banca d'Italia";"Verbale Integrativo";"Credito Assicurazioni";"BANCA D'ITALIA;FALBI";"07/03/2008";"";"";"";"BANCARI: Banca D'Italia - carriera Direttiva"
"Accordo in tema di utilizzo da parte delle Organizzazioni Sindacali di alcune funzionalità dell'Intranet della Banca d'Italia";"Verbale Integrativo";"Credito Assicurazioni";"BANCA D'ITALIA;FISAC CGIL;SINDIRETTIVO CIDA;SIBC CISAL;FABI;FIBA CISL;UILCA UIL";"26/06/2008";"";"";"";"BANCARI: Banca D'Italia - carriera Direttiva"
"Accordo in tema di utilizzo da parte delle Organizzazioni Sindacali di alcune funzionalità dell'Intranet della Banca d'Italia";"Verbale Integrativo";"Credito Assicurazioni";"BANCA D'ITALIA;FALBI";"26/06/2008";"";"";"";"BANCARI: Banca D'Italia - carriera Direttiva"
"Accordo in materia di trattamento previdenziale per il personale della Banca d'Italia";"Verbale Integrativo";"Credito Assicurazioni";"BANCA D'ITALIA;FISAC CGIL;SINDIRETTIVO CIDA;SIBC CISAL;FABI;FIBA CISL;UILCA UIL";"26/06/2008";"";"";"";"BANCARI: Banca D'Italia - carriera Direttiva"
"Accordo in materia di trattamento previdenziale per il personale della Banca d'Italia";"Verbale Integrativo";"Credito Assicurazioni";"BANCA D'ITALIA;FALBI";"26/06/2008";"";"";"";"BANCARI: Banca D'Italia - carriera Direttiva"
"Accordo concernente la disciplina negoziale dei "servizi sociali" riconosciuti dal C.A.S.C.-B.I. in favore del personale della Banca d'Italia";"Verbale Integrativo";"Credito Assicurazioni";"BANCA D'ITALIA;FISAC CGIL;SINDIRETTIVO CIDA;SIBC CISAL;FABI;FIBA CISL;UILCA UIL";"26/11/2008";"";"";"";"BANCARI: Banca D'Italia - carriera Direttiva"
"Accordo concernente la disciplina negoziale dei "servizi sociali" riconosciuti dal C.A.S.C.-B.I. in favore del personale della Banca d'Italia";"Verbale Integrativo";"Credito Assicurazioni";"BANCA D'ITALIA;FALBI";"26/11/2008";"";"";"";"BANCARI: Banca D'Italia - carriera Direttiva"
"Accordo in relazione a quanto stabilito con l'accordo del 26/6/2002";"Verbale Integrativo";"Credito Assicurazioni";"BANCA D'ITALIA;FISAC CGIL;SIBC CISAL;FABI;FIBA CISL;UILCA UIL";"26/11/2008";"";"";"";"BANCARI: Banca D'Italia - carriera Operativa"
"Accordo in tema di Convenzione per i diritti sindacali per il personale della Banca d'Italia";"Verbale Integrativo";"Credito Assicurazioni";"BANCA D'ITALIA;FISAC CGIL;SINDIRETTIVO CIDA;SIBC CISAL;FABI;FIBA CISL;UILCA UIL";"18/12/2008";"";"";"";"BANCARI: Banca D'Italia - carriera Direttiva"
"Accordo in tema di Convenzione per i diritti sindacali per il personale della Banca d'Italia";"Verbale Integrativo";"Credito Assicurazioni";"BANCA D'ITALIA;FALBI";"18/12/2008";"";"";"";"BANCARI: Banca D'Italia - carriera Direttiva"
"Accordo per il personale della carriera direttiva della Banca d'Italia";"Verbale Integrativo";"Credito Assicurazioni";"BANCA D'ITALIA;SINDIRETTIVO CIDA;FISAC CGIL;SIBC CISAL;FIBA CISL;UILCA UIL;FABI";"18/12/2008";"";"";"";"BANCARI: Banca D'Italia - carriera Direttiva"
"Accordo per il personale della carriera direttiva della Banca d'Italia";"Verbale Integrativo";"Credito Assicurazioni";"BANCA D'ITALIA;FALBI";"18/12/2008";"";"";"";"BANCARI: Banca D'Italia - carriera Direttiva"
"Accordo per il personale delle altre carriere della Banca d'Italia";"Verbale Integrativo";"Credito Assicurazioni";"BANCA D'ITALIA;FISAC CGIL;SIBC CISAL;FABI;FIBA CISL;UILCA UIL";"18/12/2008";"";"";"";"BANCARI: Banca D'Italia - carriera Operativa"
"Accordo per il personale delle altre carriere della Banca d'Italia";"Verbale Integrativo";"Credito Assicurazioni";"BANCA D'ITALIA;FALBI";"18/12/2008";"";"";"";"BANCARI: Banca D'Italia - carriera Operativa"
"Accordo in tema di copertura delle spese sanitarie per il personale della Banca d'Italia";"Verbale Integrativo";"Credito Assicurazioni";"BANCA D'ITALIA;FISAC CGIL;SINDIRETTIVO CIDA;SIBC CISAL;FABI;FIBA CISL;UILCA UIL";"06/02/2009";"";"";"";"BANCARI: Banca D'Italia - carriera Direttiva"
"Accordo in tema di copertura delle spese sanitarie per il personale della Banca d'Italia";"Verbale Integrativo";"Credito Assicurazioni";"BANCA D'ITALIA;FISAC CGIL;SINDIRETTIVO CIDA;SIBC CISAL;FABI;FIBA CISL;UILCA UIL";"06/02/2009";"";"";"";"BANCARI: Banca D'Italia - carriera Operativa"
"Accordo in tema di Convenzione per i diritti sindacali per il personale della Banca d'Italia";"Verbale Integrativo";"Credito Assicurazioni";"BANCA D'ITALIA;FALBI";"18/12/2008";"";"";"";"BANCARI: Banca D'Italia - carriera Operativa"
"Accordo in tema di Convenzione per i diritti sindacali per il personale della Banca d'Italia";"Verbale Integrativo";"Credito Assicurazioni";"BANCA D'ITALIA;FISAC CGIL;SINDIRETTIVO CIDA;SIBC CISAL;FABI;FIBA CISL;UILCA UIL";"18/12/2008";"";"";"";"BANCARI: Banca D'Italia - carriera Operativa"
"Accordo concernente la disciplina negoziale dei "servizi sociali" riconosciuti dal C.A.S.C.-B.I. in favore del personale della Banca d'Italia";"Verbale Integrativo";"Credito Assicurazioni";"BANCA D'ITALIA;FALBI";"26/11/2008";"";"";"";"BANCARI: Banca D'Italia - carriera Operativa"
"Accordo concernente la disciplina negoziale dei "servizi sociali" riconosciuti dal C.A.S.C.-B.I. in favore del personale della Banca d'Italia";"Verbale Integrativo";"Credito Assicurazioni";"BANCA D'ITALIA;FISAC CGIL;SINDIRETTIVO CIDA;SIBC CISAL;FABI;FIBA CISL;UILCA UIL";"26/11/2008";"";"";"";"BANCARI: Banca D'Italia - carriera Operativa"
"Accordo in materia di trattamento previdenziale per il personale della Banca d'Italia";"Verbale Integrativo";"Credito Assicurazioni";"BANCA D'ITALIA;FALBI";"26/06/2008";"";"";"";"BANCARI: Banca D'Italia - carriera Operativa"
"Accordo in materia di trattamento previdenziale per il personale della Banca d'Italia";"Verbale Integrativo";"Credito Assicurazioni";"BANCA D'ITALIA;FISAC CGIL;SINDIRETTIVO CIDA;SIBC CISAL;FABI;FIBA CISL;UILCA UIL";"26/06/2008";"";"";"";"BANCARI: Banca D'Italia - carriera Operativa"
"Accordo in tema di utilizzo da parte delle Organizzazioni Sindacali di alcune funzionalità dell'Intranet della Banca d'Italia";"Verbale Integrativo";"Credito Assicurazioni";"BANCA D'ITALIA;FALBI";"26/06/2008";"";"";"";"BANCARI: Banca D'Italia - carriera Operativa"
"Accordo in tema di utilizzo da parte delle Organizzazioni Sindacali di alcune funzionalità dell'Intranet della Banca d'Italia";"Verbale Integrativo";"Credito Assicurazioni";"BANCA D'ITALIA;FISAC CGIL;SINDIRETTIVO CIDA;SIBC CISAL;FABI;FIBA CISL;UILCA UIL";"26/06/2008";"";"";"";"BANCARI: Banca D'Italia - carriera Operativa"
"Accordo riguardante i diritti sindacali e i rappresentanti dei lavoratori per la sicurezza in relazione alla confluenza del personale dell'Ufficio Italiano Cambi nella Banca d'Italia";"Verbale Integrativo";"Credito Assicurazioni";"BANCA D'ITALIA;FALBI";"07/03/2008";"";"";"";"BANCARI: Banca D'Italia - carriera Operativa"
"Accordo in tema di garanzie delle prestazioni indispensabili richieste dall'art. 1 della L. 146/1990 e successive modifiche in relazione all'attribuzione alla Banca d'Italia delle attività dell'Ufficio Italiano Cambi collegate al pagamento di stipendi e pensioni a cittadini residenti all'estero";"Verbale Integrativo";"Credito Assicurazioni";"BANCA D'ITALIA;FALBI";"07/03/2008";"";"";"";"BANCARI: Banca D'Italia - carriera Operativa"
"Accordo riguardante i diritti sindacali e i rappresentanti dei lavoratori per la sicurezza in relazione alla confluenza del personale dell'Ufficio Italiano Cambi nella Banca d'Italia";"Verbale Integrativo";"Credito Assicurazioni";"BANCA D'ITALIA;FISAC CGIL;SINDIRETTIVO CIDA;SIBC CISAL;FABI;FIBA CISL;UILCA UIL";"13/12/2007";"";"";"";"BANCARI: Banca D'Italia - carriera Operativa"
"Accordo in tema di garanzie delle prestazioni indispensabili richieste dall'art. 1 della L. 146/1990 e successive modifiche in relazione all'attribuzione alla Banca d'Italia delle attività dell'Ufficio Italiano Cambi collegate al pagamento di stipendi e pensioni a cittadini residenti all'estero";"Verbale Integrativo";"Credito Assicurazioni";"BANCA D'ITALIA;FISAC CGIL;SINDIRETTIVO CIDA;SIBC CISAL;FABI;FIBA CISL;UILCA UIL";"13/12/2007";"";"";"";"BANCARI: Banca D'Italia - carriera Operativa"
"Protocollo di intesa CCNL Mobilità";"Accordo di rinnovo";"Trasporti";"FEDERTRASPORTO;AGENS;ANAV;ANCP;ASSTRA;FILT CGIL, FIT CISL;UIL TRASPORTI;UGL TRASPORTI;FAISA CISAL;ORSA;FAST";"30/04/2009";"";"";"";"AUTOFERROTRANVIERI"
"Rinnovo CCNL per i dipendenti del terziario: commercio, distribuzione e servizi. Anche in forma cooperativa";"Testo definitivo";"Commercio";"FEDARCOM;CIFA;FESICA CONFSAL;CONFSAL FISALS;CONFSAL";"16/04/2009";"01/05/2009";"";"30/04/2012";"TERZIARIO, DISTRIBUZIONE E SERVIZI - CONFSAL FEDARCOM CIFA"
"CCNL per i dirigenti di aziende produttrici di beni e servizi";"Testo definitivo";"Altri Vari";"CONFINDUSTRIA;FEDERMANAGER";"24/11/2004";"01/01/2004";"";"31/12/2008";"DIRIGENTI: Aziende Industriali"
"Rinnovo 2008-2009 del CCNL 29/03/2006 per i dirigenti dei consorzi di bonifica e di miglioramento fondiario";"Accordo di rinnovo";"Agricoltura";"SNEBI;SINDICOB";"15/12/2009";"01/01/2008";"";"31/12/2009";"CONSORZI di Bonifica: Dirigenti"
"Ipotesi di accordo 4 marzo 2010 per il rinnovo del CCNL per i dipendenti da aziende del settore turismo";"Accordo di rinnovo";"Commercio";"ASSOTURISMO;ASSHOTEL;ASSOCAMPING;ASSOVIAGGI;FIBA;FIEPET;CONFESERCENTI;FILCAMS CGIL;FISASCAT CISL;UILTUCS UIL";"04/03/2010";"01/01/2010";"";"30/04/2013";"TURISMO (AZIENDE CONFESERCENTI)"
"Rinnovo della parte economica del CCNL imprese onoranze funebri";"Economico 2° biennio";"Trasporti";"FENIOF;CONFCOMMERCIO;FILT CGIL;FIT CISL;UILTRASPORTI";"02/03/2010";"01/01/2007";"";"31/12/2008";"POMPE FUNEBRI: Agenzie Private"
"CCNL 4 dicembre 2009 per i dirigenti dei Consorzi Agrari";"Testo definitivo";"Agricoltura";"ASSOCIAZIONE NAZIONALE DEI CONSORZI AGRARI;ASSOCIAZIONE NAZIONALE DEI DIRIGENTI DEI CONSORZI AGRARI FNDA CIDA;FEDERAZIONE NAZIONALE DIRIGENTI AZIENDE INDUSTRIALI FEDERMANAGER CIDA";"04/12/2009";"01/01/2010";"";"31/12/2012";"CONSORZI AGRARI: Dirigenti"
"Accordo di adesione al CCNL per gli addetti all'industria chimica-farmaceutica, settore Coibentazioni Termiche Acustiche 27 maggio 2010";"Verbale integrativo";"Chimici";"ANICTA; UGL CHIMICI";"16/06/2010";"";"";"";"COIBENTAZIONI TERMICHE ACUSTICHE"
"Ipotesi di accordo 4 marzo 2010 per il rinnovo del CCNL per i dipendenti da aziende del settore turismo";"Accordo di rinnovo";"Commercio";"ASSOTURISMO;ASSHOTEL;ASSOCAMPING;ASSOVIAGGI;FIBA;FIEPET;CONFESERCENTI;UGL";"04/03/2010";"01/01/2010";"";"30/04/2013";"TURISMO (AZIENDE CONFESERCENTI)"
"Verbale di rettifica ad IPOTESI DI ACCORDO 7 dicembre 2010 relativo a CCNL addetti lavori sistemazione idraulico-forestale e idraulico-agraria";"Verbale Integrativo";"Agricoltura";"AGCI AGRITAL;FEDAGRI CONFCOOPERATIVE;FEDERLAVORO E SERVIZI CONFCOOPERATIVE;FEDERAZIONE ITALIANA COMUNITA' FORESTALI;LEGACOOP AGROALIMENTARE;UNCEM;FLAI CGIL;FAI CISL;UILA UIL";"15/12/2010";"01/01/2010";"";"31/12/2012";"SISTEMAZIONI IDRAULICO FORESTALI"
"Rinnovo CCNL per i dipendenti dell'Università Telematica "Giustino Fortunato" parte economica - biennio 2011-2012";"Economico 2° biennio";"Enti e Istituzioni Private";"UNIVERSITA' TELEMATICA GIUSTINO FORTUNATO;FEDERAZIONE CISL UNIVERSITA'";"08/03/2011";"01/01/2011";"";"31/12/2012";"UNIVERSITA' TELEMATICA 'GIUSTINO FORTUNATO'"
"CCNL per i soci e i dipendenti delle cooperative esercenti attività non medica presso Case di Cura, Comunità Educative e Socio-Assistenziali, Case di Soggiorno per anziani, Servizi Socio-Assistenziali ed Educativi per minori, Disabili, Anziani, Studi Dentistici";"Testo definitivo";"Enti e Istituzioni Private";"UNCI;FIALS CONFSAL;CONFSAL";"18/04/2011";"01/04/2011";"";"31/03/2014";"SANITA': Personale non medico Cooperative"
"Verbale di accordo 8 aprile 2011 visto il CCNL per i dipendenti da aziende del settore turismo del 28 maggio 2010";"Verbale Integrativo";"Commercio";"FEDERALBERGHI;FIPE;FIAVET;FAITA;CONFCOMMERCIO IMPRESE PER L'ITALIA;FEDERAZIONE  TERZIARIO UGL";"08/04/2011";"";"";"";"TURISMO (AZIENDE CONFCOMMERCIO)"
"Sottoscrizione del CCNL 7 dicembre 2010 per i lavoratori addetti ad attività di sistemazione idraulico-forestale ed idraulico-agraria da parte della ISA (Intesa Sindacato Autonomo)  -  Agricoli Idraulici Forestali in data 7 luglio 2011";"Verbale integrativo";"Agricoltura";"UNCEM;ISA AGRICOLI IDRAULICI FORESTALI";"07/07/2011";"01/01/2010";"";"31/12/2012";"SISTEMAZIONI IDRAULICO FORESTALI"
"Accordo di rinnovo del CCNL per i dipendenti AVIS dei profili professionali direttivo dirigenziali amministrativi, sanitari e medici CCNL 2006-2009";"Accordo di rinnovo";"Enti e Istituzioni Private";"AVIS;FP CGIL;FP CISL;FPL UIL";"09/06/2011";"01/01/2006";"";"31/12/2009";"SANITA': Dirigenti AVIS"
"Ipotesi di accordo per il rinnovo della parte economica del CCL per i professori di orchestra della RAI";"Economico secondo biennio";"Poligrafici e Spettacolo";"RAI RADIOTELEVISIONE ITALIANA SPA;SLC CGIL;FISTEL CISL;UILCOM UIL;SNATER";"03/12/2009";"01/01/2008";"";"31/12/2009";"RAI: Artisti (Prof. D'Orchestra, Artisti del coro...)"
"CCNL per i dipendenti delle scuderie dei cavalli da corsa al galoppo";"Testo definitivo";"Poligrafici e Spettacolo";"UNAG;ASSOGALOPPO;SLC CGIL;FISASCAT CISL;UILCOM UIL;FAAG CISAL";"21/05/2007";"01/03/2007";"";"28/02/2010";"IPPICA: Scuderie Cavalli da Corsa al Galoppo"
"CCNL per i dipendenti delle società di corse dei cavalli";"Testo definitivo";"Poligrafici e Spettacolo";"FEDERIPPODROMI;UNI;SLC CGIL;FISASCAT CISL;UILCOM UIL";"07/11/2006";"07/11/2006";"30/06/2008";"30/06/2010";"IPPICA: Dipendenti Societa' Corse dei Cavalli"
"Contratto nazionale di lavoro per i dipendenti di aziende editrici e stampatrici di giornali quotidiani ed agenzie di stampa";"Testo definitivo";"Poligrafici e Spettacolo";"FIEG;ASSOCIAZIONE STAMPATORI ITALIANA GIORNALI;SLC CGIL;FISTEL CISL;UILCOM UIL";"04/04/2008";"01/01/2008";"30/06/2010";"31/12/2011";"GIORNALI E QUOTIDIANI: Operai e Impiegati"
"Verbale di accordo 4 aprile 2006  Contratto Nazionale per la disciplina dell'apprendistato professionalizzante per i dipendenti delle aziende aerofotogrammetriche e geomatiche";"Verbale Integrativo";"Poligrafici e Spettacolo";"ANIAF;FITA;SLC CGIL;FISTEL CISL;UILCOM UIL";"04/04/2006";"01/01/2006";"";"30/06/2007";"AZIENDE AEROFOTOGRAMMETRICHE"
"CCNL per il personale dipendente da residenze sanitarie assistenziali e centri di riabilitazione";"Testo definitivo";"Enti e Istituzioni Private";"ARIS; CISL FP; UIL FPL; UGL SANITA'";"05/12/2012";"01/01/2013";"";"31/12/2015";"RESIDENZE SANITARIE ASSISTENZIALI (ARIS)"
"CCNL per i dipendenti delle società di assicurazione assistenza e le aziende di servizi intrinsecamente ordinate e funzionali alle stesse";"Testo definitivo";"Credito Assicurazioni";"AISA;FISAC CGIL;FIBA CISL;UILCA UIL;FNA";"03/12/2012";"01/01/2011";"";"30/09/2014";"ASSICURAZIONI: Dipendenti (AISA-AISSA)"
"CCNL per i dipendenti delle Piccole e Medie Imprese";"Testo definitivo";"Altri Vari";"MIDA;SNIAL";"16/04/2013";"16/05/2013";"";"16/05/2016";"Dipendenti delle PICCOLE E MEDIE IMPRESE - MIDA-SNIAL"
"Interpretazione autentica delle Parti stipulanti l'Accordo collettivo 1° agosto 2013 per la disciplina delle collaborazioni a progetto nelle attività di vendita di beni e servizi e di recupero crediti realizzati attraverso call center outbound";"Verbale Integrativo";"Aziende di Servizi";"ASSTEL;ASSOCONTACT;SLC CGIL;FISTEL CISL;UILCOM UIL";"30/09/2013";"";"";"";"TELECOMUNICAZIONI"
"Accordo di rinnovo del CCNL 22 luglio 2008 per i dirigenti di azienda dipendenti da imprese cooperative";"Accordo di rinnovo";"Altri Vari";"LEGACOOP;AGCI;CGIL;CISL;UIL;Coordinamento Nazionale CGIL-CISL-UIL dei Dirigenti di Azienda delle Imprese Cooperative";"30/09/2013";"01/01/2012";"";"31/12/2014";"DIRIGENTI: Cooperative"
"CCNL Acconciatura - Estetica - Accordo per la proroga della disciplina dell'apprendistato professionalizzante di cui al D.Lgs. 167/2011";"Verbale Integrativo";"Commercio";"CONFARTIGIANATO BENESSERE ACCONCIATORI;CONFARTIGIANATO BENESSERE  ESTETICA;CNA BENESSERE E SANITA';CASARTIGIANI;CLAAI FEDERNAS UNAMEM;FILCAMS CGIL;FISASCAT CISL;UILTUCS UIL";"28/10/2013";"";"";"";"PARRUCCHIERI: Artigiane"
"CCNL Acconciatura - Estetica - Accordo per la proroga della disciplina dell'apprendistato professionalizzante di cui al D.Lgs. 167/2011";"Verbale Integrativo";"Commercio";"CONFARTIGIANATO BENESSERE ACCONCIATORI;CONFARTIGIANATO BENESSERE  ESTETICA;CNA BENESSERE E SANITA';CASARTIGIANI;CLAAI FEDERNAS UNAMEM;FILCAMS CGIL;FISASCAT CISL;UILTUCS UIL";"24/01/2014";"";"";"";"PARRUCCHIERI: Artigiane"
"CCNL per i dipendenti da Istituti e Imprese di Vigilanza Privata e Servizi Fiduciari";"Testo definitivo";"Commercio";"ANIVP; ASSVIGILANZA; UNIV; FILCAMS CGIL; FISASCAT CISL";"28/02/2014";"01/02/2013";"";"31/12/2015";"VIGILANZA"
"CCNL per le imprese e i lavoratori dipendenti delle Cooperative esercenti servizi di pulizia, facchinaggio, igiene ambientale ed ausiliari nonché servizi integrativi e multiservizi ai vari settori merceologici";"Testo definitivo";"Aziende di Servizi";"CESID;USIPE;SEL";"16/01/2014";"01/01/2014";"";"31/12/2019";"PULIZIA: Imprese e Cooperative (CESID-USIPE-SEL)"
"CCNL Acconciatura-Estetica - Accordo per la proroga della disciplina dell'apprendistato professionalizzante di cui al D.Lgs. 167/2011";"Verbale Integrativo";"Commercio";"CNA BENESSERE E SANITA';CONFARTIGIANATO BENESSERE ACCONCIATORI;CASARTIGIANI;CLAAI FEDERNAS UNAMEM;FILCAMS CGIL;FISASCAT CISL;UILTUCS UIL";"28/04/2014";"";"";"30/06/2014";"PARRUCCHIERI: Artigiane"
"CCNL per i dipendenti e collaboratori degli studi legali";"Testo definitivo";"Commercio";"ANAI;CSE;CSE FULSCAM";"17/04/2014";"01/05/2014";"";"30/04/2016";"STUDI LEGALI: Dipendenti e Collaboratori"
"CCNL per i dipendenti delle aziende del COMMERCIO, DISTRIBUZIONE E SERVIZI";"Testo definitivo";"Commercio";"CONFIMPRESA;CONSIL";"30/04/2014";"01/05/2014";"";"30/04/2017";"COMMERCIO, DISTRIBUZIONE E SERVIZI (CONFIMPRESA-CONSIL)"
"CCNL per i dipendenti delle aziende artigiane LAVANDERIE TINTORIE ED AFFINI";"Testo definitivo";"Tessili";"CONFIMPRESA;CONSIL";"30/04/2014";"01/05/2014";"";"30/04/2017";"Az. Artigiane di Lavanderie, Tintorie, affini (CONFIMPRESA-CONSIL)"
"CCNL Acconciatura-Estetica - Accordo per la proroga della disciplina dell'apprendistato professionalizzante di cui al D.Lgs. 167/2011";"Verbale Integrativo";"Commercio";"CNA BENESSERE E SANITA';CONFARTIGIANATO BENESSERE ACCONCIATORI;CASARTIGIANI;CLAAI FEDERNAS UNAMEM;FILCAMS CGIL;FISASCAT CISL;UILTUCS UIL";"09/06/2014";"";"";"31/07/2014";"PARRUCCHIERI: Artigiane"
"CCNL per il personale dipendente non medico da strutture sanitarie, socio-sanitarie e cooperative socio sanitarie ed assistenziali private";"Testo definitivo";"Enti e Istituzioni Private";"FEDERTERZIARIO;CONFIMEA;CFC;UGL SANITA'";"18/06/2014";"01/07/2014";"";"30/06/2017";"STRUTTURE SANITARIE, SOCIO-SANITARIE E COOPERATIVE SOCIO SANITARIE ED ASSISTENZIALI PRIVATE: Personale non medico"
"CCNL Acconciatura-Estetica - Accordo per la proroga della disciplina dell'apprendistato professionalizzante di cui al D.Lgs. 167/2011";"Verbale Integrativo";"Commercio";"CNA BENESSERE E SANITA';CONFARTIGIANATO BENESSERE ACCONCIATORI;CASARTIGIANI;CLAAI FEDERNAS UNAMEM;FILCAMS CGIL;FISASCAT CISL;UILTUCS UIL";"30/07/2014";"";"";"30/09/2014";"PARRUCCHIERI: Artigiane"
"Regolamento parte integrante del CCNL dipendenti studi legali siglato da ANAI e CSE";"Verbale Integrativo";"Commercio";"ANAI;CSE";"29/07/2014";"";"";"30/04/2016";"STUDI LEGALI: Dipendenti e Collaboratori"
"CCNL per i dipendenti delle aziende artigiane di LAVANDERIE TINTORIE ED AFFINI";"Testo definitivo";"Tessili";"UNFI;ISA";"28/07/2014";"01/08/2014";"";"31/07/2017";"Az. artigiane di Lavanderia, Tintorie ed affini (UNFI-ISA)"
"CCNL per i dipendenti e soci delle Cooperative sociali esercenti attività nel settore socio-sanitario, assistenziale-educativo e di inserimento lavorativo";"Testo definitivo";"Enti e Istituzioni Private";"UNFI;ISA";"28/07/2014";"01/08/2014";"";"31/07/2017";"Cooperative sociali"
"CCNL Settore: Formazione, Istruzione e Università per i lavoratori ed i collaboratori di Enti di formazione, scuole private e paritarie, Università non statale";"Testo definitivo";"Enti e Istituzioni Private";"UNFI;ANFOP;ISA;FEDERFORMATORI";"28/07/2014";"01/08/2014";"";"31/07/2017";"FORMAZIONE ISTRUZIONE E UNIVERSITA'"
"Accordo Economico Collettivo 30 luglio 2014 per la disciplina dei rapporti di agenzia e rappresentanza commerciale nei settori industriali e della cooperazione";"Accordo di rinnovo";"Commercio";"CONFINDUSTRIA;CONFCOOPERATIVE;FNAARC;FIARC;USARCI;FILCAMS CGIL;FISASCAT CISL; UILTUCS UIL;UGL";"30/07/2014";"01/09/2014";"";"31/12/2017";"AGENTI DI COMMERCIO: Aziende Industriali"
"CCNL per i dipendenti delle aziende del COMMERCIO, DISTRIBUZIONE E SERVIZI";"Testo definitivo";"Commercio";"UNFI;ISA";"29/07/2014";"01/08/2014";"";"31/07/2017";"COMMERCIO, DISTRIBUZIONE E SERVIZI (UNFI-ISA)"
"Verbale di accordo di allineamento contrattuale, modificativo e integrativo del "CCNL per i dipendenti del Terziario: Commercio, Distribuzione e Servizi" siglato in data 1 luglio 2013";"Verbale integrativo";"Commercio";"SISTEMA COMMERCIO E IMPRESA SCI;FESICA CONFSAL;CONFSAL FISALS;CONFSAL";"26/11/2014";"";"";"";"DIPENDENTI DEL TERZIARIO: COMMERCIO, DISTRIBUZIONE E SERVIZI (SCI-CONFSAL)"
"CCNL per artisti, tecnici, amministrativi e ausiliari dipendenti da società cooperative e imprese sociali operanti nel settore della produzione culturale e dello spettacolo";"Testo definitivo";"Poligrafici e Spettacolo";"AGCI CULTURALIA;FEDERCULTURA CONFCOOPERATIVE;LEGACOOP SETTORE CULTURA;SLC CGIL;FISTEL CISL;UILCOM UIL";"06/11/2014";"01/01/2015";"";"31/12/2017";"PRODUZIONE CULTURALE E SPETTACOLO: Cooperative e Imprese Sociali"
"CCNL per i dipendenti del Comparto Metalmeccanico";"Testo definitivo";"Meccanici";"CPMI ITALIA;FESICA;FISALS";"01/07/2014";"01/07/2014";"";"30/06/2017";"METALMECCANICA: Aziende del comparto (CPMI ITALIA)"
"Accordo economico collettivo del 10 dicembre 2014 disciplina dei rapporti di agenzia e rappresentanza commerciale del comparto artigiano";"Testo definitivo";"Commercio";"CNA;CONFARTIGIANATO IMPRESE;CASARTIGIANI;CLAAI;USARCI;FNAARC;FIARC;FILCAMS CGIL;FISASCAT CISL;UILTUCS UIL;UGL TERZIARIO";"10/12/2014";"01/01/2015";"";"31/12/2017";"AGENTI DI COMMERCIO: Artigiane"
"CCNL per gli addetti operanti nel settore del trasporto e della logistica";"Testo definitivo";"Trasporti";"ITALIA IMPRESA;ASSOCIAZIONE IMPRESE ITALIANE;AIVA SGSL;FITRA ITALIA;UNION FORMATORI;ASSOBEAUTYMANAGER;SITLAV";"22/12/2014";"01/01/2015";"";"31/12/2017";"TRASPORTO E LOGISTICA"
"CCNL dipendenti delle imprese edili e affini";"Testo definitivo";"Edilizia";"FEDERIMPRESEITALIA;ALPAI;SALPS";"14/01/2015";"14/01/2015";"";"14/01/2018";"EDILI: Imprese edili e affini (FEDERIMPRESEITALIA)"
"CCNL per i dipendenti delle PMI del settore metalmeccanico";"Testo definitivo";"Meccanici";"FEDERIMPRESEITALIA;ALPAI;SALPS";"14/01/2015";"14/01/2015";"";"14/01/2018";"METALMECCANICA: P.M.I. - FEDERIMPRESEITALIA"
"CCNL per i dipendenti da aziende del terziario, della distribuzione e dei servizi";"Testo definitivo";"Commercio";"FEDERIMPRESEITALIA;ALPAI;SALPS";"14/01/2015";"14/01/2015";"";"14/01/2018";"TERZIARIO, DISTRIBUZIONE E SERVIZI (FEDERIMPRESEITALIA-ALPAI-SALPS)"
"ESAARCO CCNL per i dipendenti delle aziende e società cooperative del settore autodemolizione, smaltimento, recupero, trasporto, reciclaggio e trasformazione in energie rinnovabili";"Testo definitivo";"Meccanici";"ESAARCO;CEPA A;CEPA A Federcoop;SAI;ALIM;FER;CONFIMPRESA;UNI PMI;PMI ITALIA INTERNATIONAL;CIU;SI CEL;CGEL FNLM;ONAPS";"01/11/2014";"01/11/2014";"";"31/12/2015";"AUTODEMOLIZIONE, SMALTIMENTO, RECUPERO, TRASPORTO, RICICLAGGIO E TRASFORMAZIONE (ESAARCO)"
"CCNL per i lavoratori dipendenti delle imprese di autotrasporto e spedizione merci dell'artigianato, delle piccole e medie imprese e della cooperazione";"Testo definitivo";"Trasporti";"FEDIMPRESE;FAMAR NAZIONALE;SNAPEL";"10/12/2014";"01/11/2014";"";"31/12/2017";"AUTOTRASPORTO E SPEDIZIONE MERCI (FEDIMPRESE-FAMAR NAZIONALE-SNAPEL)"
"CCNL per i lavoratori dipendenti delle imprese anche cooperative esercenti attività di Sicurezza, Custodia e Vigilanza Privata";"Testo definitivo";"Commercio";"UNSIC;UNSICOOP;SIVIPPS;CESALP;CONFIAL";"18/02/2015";"01/03/2015";"";"28/02/2018";"SICUREZZA, CUSTODIA E VIGILANZA PRIVATA"
"1° CCNL del personale dirigente della CONI SERVIZI SPA e delle Federazioni sportive nazionali";"Testo definitivo";"Aziende di Servizi";"CONI SERVIZI SPA;CISL FP;UIL PA";"04/12/2008";"01/01/2006";"31/12/2007";"31/12/2009";"CONI SERVIZI SpA: Dirigenti"
"CCNL per i dipendenti ed i soci lavoratori delle Cooperative esercenti attività nei settori TERZIARIO E SERVIZI, FACILITY MANAGEMENT, LAVORAZIONI MECCANICHE, LAVORI EDILI AUSILIARI";"Testo definitivo";"Altri Vari";"UNCI;ANPIT;CISAL Terziario;FAILMS CISAL Metalmeccanici;CISAL Edili;CISAL; (sottoscritto da UAI il 5/6/2017)";"24/02/2015";"01/03/2015";"";"28/02/2018";"TERZIARIO E SERVIZI, FACILITY MANAGEMENT, LAVORAZIONI MECCANICHE, LAVORI EDILI AUSILIARI: Cooperative"
"CCNL per i dipendenti degli Studi Professionali";"Testo definitivo";"Commercio";"ITALIA IMPRESA; ASSOCIAZIONE IMPRESE ITALIANE; ASSOCIAZIONE EspertiAmbientali.it; ASSIPRO; AIVA sgsl; SIASO CONFSAL; CONFSAL; UNION FORMATORI; ASSOSPAMANAGER; ASSOBEAUTYMANAGER; SITLAV";"30/03/2015";"01/04/2015";"";"31/03/2018";"Studi Professionali"
"Accordo del 4 febbraio 2015 si contratti a termine / somministrazione e apprendistato";"Verbale integrativo";"Edilizia";"FEDERLEGNOARREDO; FILCA CISL; FILLEA CGIL; FENEAL UIL";"04/02/2015";"";"";"31/03/2016";"LEGNO, ARREDAMENTO: Industrie"
"CCNL per i lavoratori dipendenti delle aziende e cooperative esercenti attività del settore COMMERCIO, TERZIARIO, SERVIZI, TRASPORTI E LOGISTICA, ARTIGIANATO";"Testo definitivo";"Altri Vari";"NORD INDUSTRIALE;FAL";"30/04/2015";"01/05/2015";"";"30/04/2018";"COMMERCIO, TERZIARIO, SERVIZI, TRASPORTI E LOGISTICA, ARTIGIANATO (NORD INDUSTRIALE - FAL)"
"CCNL per i lavoratori addetti all'industria delle calzature 29 NOVEMBRE 2013";"Testo definitivo";"Tessili";"ASSOCALZATURIFICI;FEMCA CISL;FILCTEM CGIL;UILTEC UIL";"29/11/2013";"01/04/2013";"";"31/03/2016";"CALZATURE: Industrie"
"CCNL per i soci lavoratori e i dipendenti delle imprese esercenti attività nel settore artistico, informativo, sport e spettacolo, svolte anche in forma cooperativa";"Testo definitivo";"Poligrafici e Spettacolo";"UNIONE NAZIONALE COMMERCIALISTI ED ESPERTI CONTABILI;CONFIMPRESEITALIA;FESICA CONFSAL;CONFSAL FISALS;CONFSAL";"27/04/2015";"01/04/2015";"";"31/03/2018";"SPETTACOLO: Imprese settore artistico, informativo e sportivo"
"CCNL per i dipendenti delle aziende con più di 14 dipendenti, associate all'UCICT, ed esercenti l'attività nel turismo e nei pubblici esercizi";"Testo definitivo";"Commercio";"CNAI;UCICT;FISMIC CONFSAL;FILCOM FISMIC";"21/04/2015";"01/05/2015";"";"30/04/2018";"TURISMO e PUBBLICI ESERCIZI (aziende con piu' di 14 dip.)"
"CCNL per i dipendenti da aziende esercenti attività del settore "COMMERCIO, TURISMO E TERZIARIO"";"Testo definitivo";"Commercio";"CEPI UCI;CONFAEL";"27/05/2015";"27/05/2015";"";"30/06/2018";"COMMERCIO, TURISMO E TERZIARIO"
"Addendum al CCNL per i dipendenti ed i soci lavoratori delle Cooperative esercenti attività nei settori TERZIARIO E SERVIZI, FACILITY MANAGEMENT, LAVORAZIONI MECCANICHE, LAVORI EDILI AUSILIARI UNCI - ANPIT";"Verbale Integrativo";"Altri Vari";"UNCI;ANPIT;CISAL Terziario;FAILMS CISAL Metalmeccanici;CISAL Edili;CISAL";"25/06/2015";"";"";"";"TERZIARIO E SERVIZI, FACILITY MANAGEMENT, LAVORAZIONI MECCANICHE, LAVORI EDILI AUSILIARI: Cooperative"
"ANAP CCNL per gli addetti delle piccole e medie industrie edili ed affini";"Testo definitivo";"Edilizia";"ANAP;ALIM;SELP; (sottoscritto il 27/6/2018 da PMI ITALIA)";"02/07/2015";"02/07/2015";"";"31/12/2015";"EDILI: PMI ed affini (ANAP)"
"CCNL per i dipendenti delle imprese di attività del settore Agricoltura delle Piccole e Medie Imprese e della Cooperazione Agricola";"Testo definitivo";"Agricoltura";"FEDIMPRESE;FAMAR;SNAPEL";"01/06/2015";"01/06/2015";"";"31/12/2018";"AGRICOLTURA: PMI e Cooperative (FEDIMPRESE-FAMAR-SNAPEL)"
"CCNL per la disciplina del rapporto degli agenti operanti per conto di società cooperative esercenti attività nei settori del Commercio - Servizi - Terziario - Turismo - Artigianato";"Testo definitivo";"Commercio";"UNCI;CISAL;FEDERAGENTI CISAL";"27/07/2015";"01/08/2015";"";"31/07/2018";"AGENZIA E RAPPRESENTANZA COMMERCIALE: Cooperative (Commercio-Servizi-Terziario-Turismo-Artigianato)"
"CCNL per i dipendenti di aziende operanti nel settore dell'Autotrasporto merci, Logistica, Spedizioni e Affini";"Testo definitivo";"Trasporti";"CONFIMPRENDITORI;USIL";"02/07/2015";"06/07/2015";"";"05/07/2018";"AUTOTRASPORTO MERCI, LOGISTICA, SPEDIZIONI E AFFINI"
"CCNL per le imprese Edili e affini";"Testo definitivo";"Edilizia";"CONFIMPRENDITORI;USIL";"02/07/2015";"06/07/2015";"";"05/07/2018";"EDILI: imprese edili e affini (CONFIMPRENDITORI-USIL)"
"CCNL per il personale non medico dipendente da case di cura private e centri di riabilitazione";"Testo definitivo";"Enti e Istituzioni Private";"CONFIMPRENDITORI;USIL";"02/07/2015";"06/07/2015";"";"05/07/2018";"CASE DI CURA PRIVATE E CENTRI DI RIABILITAZIONE: personale non medico (CONFIMPRENDITORI-USIL)"
"CCNL per i dipendenti degli Studi Professionali";"Testo definitivo";"Commercio";"CONFIMPRENDITORI;USIL";"02/07/2015";"06/07/2015";"";"05/07/2015";"Studi Professionali (CONFIMPRENDITORI-USIL)"
"CCNL per i dipendenti delle imprese esercenti attività di Produzione, Installazione, Manutenzione Mezzi ed Impianti Antincendio, Sorveglianza Antincendio e connessa formazione";"Testo definitivo";"Commercio";"FISA;CONFSAL;CONFSAL Vigili del Fuoco";"14/09/2015";"01/09/2015";"";"31/08/2018";"Produzione, Installazione, Manutenzione Mezzi ed Impianti Antincendio"
"Accordo per il rinnovo del CCNL per i dipendenti delle aziende grafiche ed affini e delle aziende editoriali anche multimediali";"Accordo di rinnovo";"Poligrafici e Spettacolo";"ASSOGRAFICI;AIE;ANES;SLC CGIL;FISTEL CISL;UILCOM UIL";"16/10/2014";"16/10/2014";"";"31/12/2015";"EDITORIA E GRAFICA: Industrie"
"Verbale di accordo integrativo per i dipendenti operanti nel settore del trasporto e della logistica";"Verbale Integrativo";"Trasporti";"ITALIA IMPRESA;ASSOCIAZIONE IMPRESE ITALIANE;FITRA ITALIA;AIVA sgsl;CONSORZIO CONSART;UNION FORMATORI;SITLAV";"23/09/2015";"";"";"";"TRASPORTO E LOGISTICA"
"CCNL del TRASPORTO AEREO - Parte specifica GESTORI AEROPORTUALI";"Accordo di rinnovo";"Trasporti";"ASSAEROPORTI; FILT CGIL; FIT CISL; UILTRASPORTI; UGL Trasporto Aereo";"01/10/2014";"01/01/2014";"";"31/12/2016";"AEREI: Trasporto Aereo"
"Accordo di rinnovo del CCNL per gli addetti all'industria chimica, chimico-farmaceutica, delle fibre chimiche e dei settori abrasivi, lubrificanti e gpl";"Accordo di rinnovo";"Chimici";"FEDERCHIMICA;FARMINDUSTRIA;UGL CHIMICI;FAILC CONFAIL;FIALC CISAL";"15/10/2015";"01/01/2016";"";"31/12/2018";"CHIMICO FARMACEUTICA e AFFINI: Industrie"
"Accordo di rinnovo del CCNL per gli addetti all'industria chimica, chimico-farmaceutica, delle fibre chimiche e dei settori abrasivi, lubrificanti e gpl";"Accordo di rinnovo";"Chimici";"FEDERCHIMICA;FARMINDUSTRIA;FILCTEM CGIL;FEMCA CISL;UILTEC UIL";"15/10/2015";"01/01/2016";"";"31/12/2018";"CHIMICO FARMACEUTICA e AFFINI: Industrie"
"CCNL per gli addetti alle piccole e medie industrie edili ed affini";"Testo definitivo";"Edilizia";"LEGA IMPRESA;FILAP";"09/11/2015";"09/11/2015";"";"31/12/2015";"EDILI: PMI ed affini (LEGA IMPRESA)"
"CCNL INTERSETTORIALE: Commercio, Terziario, Distribuzione, Servizi, Pubblici Esercizi e Turismo";"Testo definitivo";"Commercio";"LEGA IMPRESA;FILAP";"09/11/2015";"09/11/2015";"";"31/07/2018";"INTERSETTORIALE: Commercio, Terziario, Distribuzione, Servizi, Pubblici Esercizi e Turismo (LEGA IMPRESA)"
"CCNL del personale del comparto CHIMICA/CERAMICA";"Accordo di rinnovo";"Chimici";"LEGA IMPRESA;FILAP";"09/11/2015";"09/11/2015";"";"31/12/2016";"CHIMICA - CERAMICA (LEGA IMPRESA)"
"CCNL per gli addetti alla Sicurezza, Stewart, Portierato e Controllo";"Testo definitivo";"Commercio";"LEGA IMPRESA;FILAP";"09/11/2015";"09/11/2015";"";"31/12/2018";"SICUREZZA, STEWART, PORTIERATO E CONTROLLO (LEGA IMPRESA)"
"CCNL per gli operai agricoli e florovivaisti";"Testo definitivo";"Agricoltura";"MIDA;SNIAL";"06/11/2015";"01/01/2016";"";"31/12/2019";"AGRICOLTURA: Operai e Florovivaisti (MIDA-SNIAL)"
"CCNL del TRASPORTO AEREO - Parte specifica SERVIZI ATM DIRETTI E COMPLEMENTARI";"Accordo di rinnovo";"Trasporti";"ASSOCONTROL; FILT CGIL; FIT CISL; UILTRASPORTI; UGL Trasporti";"27/05/2014";"01/01/2014";"";"31/12/2016";"AEREI: Trasporto Aereo"
"CCNL per i dipendenti delle aziende sanitarie private, delle altre strutture residenziali, assistenziali, socio-assistenziali e delle cooperative socio-sanitarie";"Testo definitivo";"Enti e Istituzioni Private";"CEPA A; CEPA SANITA'; ESAARCO; FISNALCTA UGL; ONAPS; SI CEL; FNAOPS";"07/10/2015";"07/10/2015";"";"06/10/2018";"AZIENDE SANITARIE PRIVATE, ALTRE STRUTTURE RESIDENZIALI, ASSISTENZIALI, SOCIO-ASSISTENZIALI, COOP. SOCIO-SANITARIE (CEPA)"
"CCNL per i dipendenti delle micro, piccole e medie imprese, esercenti l'attività nel settore turismo";"Testo definitivo";"Commercio";"CEPA A; CEPA A TURISMO; ESAARCO; FISNALCTA UGL; ONAPS; SI CEL; FLT";"29/10/2015";"29/10/2015";"";"28/10/2018";"TURISMO: micro piccole medie imprese del settore (CEPA A)"
"CCNL per i dipendenti e soci delle Cooperative della Pesca Professionale ed esercenti attività nel settore Ittico ed Acquacoltura";"Testo definitivo";"Alimentaristi - Agroindustriale";"UNCI;UNCI PESCA;CISAL;CISAL FNASLA;CISAL TERZIARIO";"25/11/2015";"01/12/2015";"";"30/11/2018";"PESCA: Cooperative (UNCI-CISAL)"
"CCNL per i soci coimprenditori e i lavoratori dipendenti delle Cooperative esercenti servizi di pulizia, facchinaggio, igiene ambientale ed ausiliari nonché servizi integrativi e multiservizi ai vari settori merceologici";"Testo definitivo";"Aziende di Servizi";"CONFIMPRESA;CNL";"30/11/2015";"01/12/2015";"";"30/11/2018";"PULIZIA: Cooperative (CONFIMPRESA-CNL)"
"Protocollo d'intesa per la sottoscrizione da parte della FENAV, aderente alla CONFAPI, del contratto per i dipendenti degli istituti e delle aziende di vigilanza, investigazioni e servizi fiduciari stipulato tra ANPIT, CIDEC, CONFAZIENDA, UNICA, UNIQUALITY e CISAL SINALV con l'assistenza della CISAL";"Verbale Integrativo";"Commercio";"ANPIT;CONFAZIENDA;CIDEC;UNICA;UNIQUALITY;CISAL;CISAL TERZIARIO;CISAL SINALV;FENAV";"10/12/2015";"10/12/2015";"";"";"VIGILANZA PRIVATA, INVESTIGAZIONI E SERVIZI FIDUCIARI"
"Accordo Collettivo Nazionale per i Collaboratori di enti di ricerca privati, istituti di ricovero e cura a carattere scientifico (IRCCS) di diritto privato e strutture sanitarie private che svolgono attività di ricerca";"Testo definitivo";"Enti e Istituzioni Private";"ARIS;FP CGIL;CISL FP;UIL FPL;UGL SANITA'";"30/12/2015";"01/01/2016";"";"";"Collaboratori di Enti di Ricerca privati, IRCCS E Strutture Sanitarie private (ARIS)"
"Accordo collettivo nazionale di riferimento per i Collaboratori delle università non statali";"Testo definitivo";"Enti e Istituzioni Private";"LUISS; UNIVERSITA' COMMERCIALE LUIGI BOCCONI; UNIVERSITA' CATTOLICA DEL SACRO CUORE; UNIVERSITA' CAMPUS BIOMEDICO; UNIVERSITA' CARLO CATTANEO LIUC; UNIVERSITA' VITA SALUTE SAN RAFFAELE; FONDAZIONE CENTRO SAN RAFFAELE; UNIVERSITA' DEGLI STUDI DI SCIENZE GASTRONOMICHE; LIBERA UNIVERSITA' DEGLI STUDI KORE DI ENNA; UNINT UNIVERSITA' DEGLI STUDI INTERNAZIONALI DI ROMA; LIBERA UNIVERSITA'DI LINGUE E COMUNICAZIONE UILM; LIBERA UNIVERSITA' MARIA SS ASSUNTA; UNIVERSITA' DEGLI STUDI SUOR ORSOLA BENINCASA; FLC CGIL; CISL UNIVERSITA'; UIL RUA";"10/12/2015";"10/12/2015";"";"09/12/2016";"Collaboratori UNIVERSITA' NON STATALI"
"CCNL METALMECCANICA - AZIENDE ARTIGIANE";"Testo definitivo";"Meccanici";"MIDA;SNIAL";"21/12/2015";"01/01/2016";"";"31/12/2019";"METALMECCANICA: artigiani (MIDA-SNIAL)"
"CCNL Autotrasporto merci e logistica";"Testo definitivo";"Trasporti";"MIDA;SNIAL";"23/12/2015";"01/01/2016";"";"31/12/2019";"AUTOTRASPORTO MERCI E LOGISTICA (MIDA-SNIAL)"
"CCNL per i lavoratori dipendenti delle imprese, anche cooperative, operanti nel settore TURISMO E PUBBLICI ESERCIZI";"Testo definitivo";"Commercio";"UNSIC;UNSICOOP;ANAP;CONFIMPRESEITALIA;SELP;SNALV CONFSAL;CONFIAL";"27/01/2016";"01/02/2016";"";"31/01/2018";"TURISMO E PUBBLICI ESERCIZI: imprese, anche cooperative, operanti nel settore"
"CCNL per i quadri e gli impiegati del settore agricolo";"Testo definitivo";"Agricoltura";"CONFIMPRENDITORI;USIL";"11/02/2016";"15/02/2016";"";"14/02/2019";"AGRICOLTURA: Impiegati (CONFIMPRENDITORI-USIL)"
"CCNL per gli operai agricoli e florovivaisti";"Testo definitivo";"Agricoltura";"CONFIMPRENDITORI;USIL";"11/02/2016";"15/02/2016";"";"14/02/2019";"AGRICOLTURA: Operai e Florovivaisti (CONFIMPRENDITORI-USIL)"
"CCNL per gli addetti delle micro, piccole e medie imprese operanti nel settore Commercio e attività affini del sistema di rappresentanza FOR.ITALY";"Testo definitivo";"Commercio";"FOR ITALY;IMPRENDITORI&IMPRESE;SISTEMA INDUSTRIA DELL'AREA VASTA;SISTEMA INDUSTRIA LAZIO;SISTEMA INDUSTRIA CAMPANIA;API CALABRIA;SICILIA IMPRESA;UGL TERZIARIO;UGL";"22/02/2016";"22/02/2016";"";"30/06/2018";"COMMERCIO E AFFINI: micro, piccole e medie imprese (FOR.ITALY)"
"CCNL per gli addetti delle micro, piccole e medie imprese operanti nel settore Turismo e attività affini del sistema di rappresentanza FOR.ITALY";"Testo definitivo";"Commercio";"FOR ITALY;IMPRENDITORI&IMPRESE;SISTEMA INDUSTRIA DELL'AREA VASTA;SISTEMA INDUSTRIA LAZIO;SISTEMA INDUSTRIA CAMPANIA;API CALABRIA;SICILIA IMPRESA;UGL TERZIARIO;UGL";"22/02/2016";"22/02/2016";"";"30/06/2018";"TURISMO E AFFINI: micro, piccole e medie imprese (FOR.ITALY)"
"CCNL per gli addetti delle cooperative e micro, piccole e medie imprese operanti nel settore Servizi e attività affini del sistema di rappresentanza FOR.ITALY";"Testo definitivo";"Commercio";"FOR ITALY;SISTEMA INDUSTRIA DELL'AREA VASTA;SISTEMA INDUSTRIA LAZIO;SISTEMA INDUSTRIA CAMPANIA;API CALABRIA;SICILIA IMPRESA;AIC;FAGRI;ASPERA;ASSOTEC;IMPRENDITORI&IMPRESE;UGL TERZIARIO;UGL";"22/02/2016";"22/02/2016";"";"30/06/2018";"SERVIZI E AFFINI: cooperative e micro, piccole e medie imprese (FOR.ITALY)"
"Addendum al CCNL per i dipendenti di aziende artigiane, del settore industria e cooperative";"Verbale Integrativo";"Altri Vari";"CONFIMPRENDITORI;USIL";"25/02/2016";"14/03/2016";"";"08/03/2018";"AZIENDE ARTIGIANE, DEL SETTORE INDUSTRIA E COOPERATIVE"
"Addendum al CCNL per i dipendenti di aziende operanti nel settore dell'Autotrasporto merci, Logistica e Spedizioni e Affini";"Verbale Integrativo";"Trasporti";"CONFIMPRENDITORI;USIL";"25/02/2016";"14/03/2016";"";"05/07/2018";"AUTOTRASPORTO MERCI, LOGISTICA, SPEDIZIONI E AFFINI"
"Addendum al CCNL per i dipendenti di imprese Edili e affini";"Verbale Integrativo";"Edilizia";"CONFIMPRENDITORI;USIL";"25/02/2016";"14/03/2016";"";"05/07/2018";"EDILI: imprese edili e affini (CONFIMPRENDITORI-USIL)"
"Addendun al CCNL per il personale non medico dipendente da case di cura private e centri di riabilitazione";"Verbale Integrativo";"Enti e Istituzioni Private";"CONFIMPRENDITORI;USIL";"25/02/2016";"14/03/2016";"";"05/07/2018";"CASE DI CURA PRIVATE E CENTRI DI RIABILITAZIONE: personale non medico (CONFIMPRENDITORI-USIL)"
"Addendum al CCNL per i dipendenti degli Studi Professionali";"Verbale Integrativo";"Commercio";"CONFIMPRENDITORI;USIL";"25/02/2016";"14/03/2016";"";"05/07/2015";"Studi Professionali (CONFIMPRENDITORI-USIL)"
"Verbale di accordo integrativo alla parte salariale del CCNL Edilizia del 15/1/2015";"Accordo economico";"Edilizia";"FEDERIMPRESEITALIA;SALPS";"17/03/2016";"";"";"";"EDILI: Imprese edili e affini (FEDERIMPRESEITALIA)"
"CCNL per i dipendenti delle imprese di attività del settore AGRICOLTURA delle piccole e medie imprese e della cooperazione";"Testo definitivo";"Agricoltura";"FEDIMPRESE;CIU;FAMAR;CONFAMAR;SNAPEL";"31/01/2016";"31/01/2016";"";"31/01/2019";"AGRICOLTURA: PMI e Cooperative (FEDIMPRESE-CIU-FAMAR-SNAPEL)"
"CCNL per i lavoratori dipendenti delle imprese del Comparto Metalmeccanico";"Testo definitivo";"Meccanici";"ANAP;ALIM;SELP; (sottoscritto il 27/6/2018 da PMI ITALIA)";"11/01/2016";"30/12/2015";"";"30/12/2018";"METALMECCANICA: Imprese del comparto (ANAP-ALIM-SELP)"
"CCNL per i lavoratori dipendenti delle imprese di Facon dell'artigianato, delle piccole e medie imprese e della cooperazione";"Testo definitivo";"Tessili";"ADLI;FAMAR;CONFAMAR";"22/03/2016";"22/03/2016";"";"21/03/2019";"FACON: Artigianato, PMI, Cooperazione (ADLI-FAMAR)"
"CCNL per i dipendenti delle imprese esercenti attività del settore METALMECCANICI per i lavoratori dipendenti delle imprese Metalmeccaniche, Orafe, Argentiere d'installazione Impianti ed affini ai suindicati settori delle Piccole e Medie Imprese e della Cooperazione";"Testo definitivo";"Meccanici";"ACIS;UNIONLIBERI;FEDERLIBERI;FAMAR;CONFAMAR";"13/04/2016";"13/04/2016";"";"31/12/2020";"METALMECCANICA: Imprese, PMI e Cooperazione (ACIS-UNIONLIBERI-FAMAR)"
"CCNL per i dipendenti da aziende esercenti attività del settore TURISMO";"Testo definitivo";"Commercio";"ACIS;UNIONLIBERI;FEDERLIBERI;FAMAR;CONFAMAR";"13/04/2016";"13/04/2016";"";"31/12/2020";"TURISMO (ACIS-UNIONLIBERI-FAMAR)"
"CCNL per i lavoratori dipendenti delle imprese di Facility Management dell'artigianato, delle piccole e medie imprese e della cooperazione";"Testo definitivo";"Aziende di Servizi";"ACIS;UNIONLIBERI;FEDERLIBERI;FAMAR;CONFAMAR";"13/04/2016";"13/04/2016";"";"31/12/2020";"FACILITY MANAGEMENT (ACIS-UNIONLIBERI-FAMAR)"
"Adesione di UNIONLIBERI al CCNL per i lavoratori dipendenti delle imprese di autotrasporto e spedizione merci dell'artigianato, delle piccole e medie imprese e della cooperazione sottoscritto in data 23/3/2016 tra ACIS e FAMAR";"Verbale Integrativo";"Trasporti";"ACIS;UNIONLIBERI;FAMAR;CONFAMAR";"13/04/2016";"01/04/2016";"";"31/12/2020";"AUTOTRASPORTO E SPEDIZIONE MERCI (ACIS-FAMAR)"
"CCNL Turismo e Pubblici Esercizi";"Testo definitivo";"Commercio";"UAI; CONFAE; UNIAP; CONFENAL; FSE COBAS";"07/04/2016";"15/04/2016";"";"31/12/2019";"TURISMO E PUBBLICI ESERCIZI (UAI)"
"Addendum al CCNL per i dipendenti operanti nel settore Pubblici Esercizi - Operatori Turistici - Strutture Ricettive - Operatori Artistici - Assistenti alla Cura della Persona/Casa - Operatori in ambito Sicurezza";"Verbale Integrativo";"Commercio";"CONFIMPRENDITORI;USIL";"12/04/2016";"09/05/2016";"";"08/03/2018";"PUBBLICI ESERCIZI, OPERATORI TURISTICI, STRUTTURE RICETTIVE,..."
"Accordo per la proroga al 31 dicembre 2017 del CCNL TURISMO 20 febbraio 2010";"Verbale Integrativo";"Commercio";"FEDERALBERGHI;FAITA;CONFCOMMERCIO;FILCAMS CGIL;FISASCAT CISL;UILTUCS UIL";"30/03/2016";"";"";"31/12/2017";"TURISMO (AZIENDE CONFCOMMERCIO)"
"CCNL per le lavoratrici e i lavoratori delle cooperative, consorzi e società consortili operanti nel settore della pulizia e servizi integrati/multiservizi";"Testo definitivo";"Aziende di Servizi";"SISTEMACOOP;SISTEMA COMMERCIO E IMPRESA;FESICA CONFSAL;CONFSAL FISALS;CONFSAL";"15/03/2016";"15/03/2016";"";"14/03/2019";"PULIZIA: Cooperative (SISTEMACOOP-SCI-CONFSAL)"
"CCNL per i dipendenti di aziende e cooperative esercenti lavorazioni conto terzi a facon";"Testo definitivo";"Tessili";"LEGA IMPRESA;FILAP;CIU";"21/04/2016";"21/04/2016";"";"28/02/2019";"LAVORAZIONI CONTO TERZI A FACON: aziende e cooperative"
"CCNL per i lavoratori addetti alle piccole e medie industrie metalmeccaniche e di installazione di impianti";"Testo definitivo";"Meccanici";"SISTEMA IMPRESA; FISMIC CONFSAL; CONFSAL";"14/06/2016";"01/07/2016";"";"30/06/2020";"METALMECCANICA: P.M.I. (SISTEMA IMPRESA - CONFSAL)"
"CCNL per i lavoratori dipendenti non soci e per i soci lavoratori dipendenti delle cooperative esercenti attività del settore "delle ATTIVITA' AUSILIARIE E COMPLEMENTARI ai PRINCIPALI SETTORI MERCEOLOGICI"";"Testo definitivo";"Commercio";"UNSIC;UNSICOOP;ASNALI;FNA CONFSAL;SNALV CONFSAL;CONFIAL";"12/05/2016";"01/06/2016";"";"31/05/2019";"TURISMO: ATTIVITA' AUSILIARIE E COMPLEMENTARI AI PRINCIPALI SETTORI MERCEOLOGICI (cooperative)"
"CCNL per i dipendenti delle aziende, i soci lavoratori e i dipendenti delle cooperative e loro consorzi che svolgono attività stagionale";"Testo definitivo";"Altri Vari";"UNSIC;UNSICOOP;ASNALI;FNA CONFSAL;SNALV CONFSAL;CONFIAL";"19/05/2016";"01/06/2016";"";"31/05/2019";"ATTIVITA' STAGIONALE"
"CCNL per i lavoratori dipendenti delle imprese, anche cooperative, che svolgono attività nel settore della distribuzione di carburante e combustibile per uso domestico, agricolo ed industriale";"Testo definitivo";"Commercio";"UNSIC;UNSICOOP;ASNALI;FNA CONFSAL;SNALV CONFSAL;CONFIAL";"26/05/2016";"01/06/2016";"";"31/05/2019";"DISTRIBUZIONE DI CARBURANTE E COMBUSTIBILE PER USO DOMESTICO, AGRICOLO E INDUSTRIALE"
"CCNL per i dipendenti delle cooperative socio-sanitarie, aziende sanitarie private, strutture residenziali, assistenziali e socio-assistenziali";"Testo definitivo";"Enti e Istituzioni Private";"LEGA IMPRESA;FILAP;CIU";"21/03/2016";"21/03/2016";"";"28/02/2019";"COOPERATIVE SOCIO-SANITARIE, AZIENDE SANITARIE PRIVATE, STRUTTURE RESIDENZIALI, ASSISTENZIALI E SOCIO-ASSISTENZIALI"
"CCNL per i dirigenti dipendenti dalle imprese creditizie, finanziarie e strumentali";"Testo definitivo";"Credito Assicurazioni";"ABI;FABI;FIRST CISL;FISAC CGIL;SINFUB;UGL CREDITO;UILCA UIL;UNISIN";"13/07/2015";"13/07/2015";"";"31/12/2018";"BANCARI: ABI (Dirigenti)"
"CCNL per i dipendenti delle aziende artigiane di LAVANDERIE TINTORIE ED AFFINI";"Testo definitivo";"Tessili";"CONFIMPRESA;CNL";"30/06/2016";"01/07/2016";"";"30/06/2018";"Az. Artigiane di Lavanderie, Tintorie, affini (CONFIMPRESA-CNL)"
"CCNL per i dipendenti degli intermediari assicurativi";"Testo definitivo";"Credito Assicurazioni";"ULIAS;FESICA CONFSAL;CONFSAL FISALS";"06/07/2016";"01/07/2016";"";"30/06/2019";"Intermediari Assicurativi"
"Ipotesi di accordo collettivo nazionale per la disciplina delle collaborazioni coordinate e continuative per call center, servizi non di telefonia e servizi realizzati attraverso operatori telefonici";"Accordo di rinnovo";"Altri Vari";"ANCIC;ASSEPRIM;ASSINTEL;FEDERTELSERVIZI;CONFCOMMERCIO;CONFCOMMERCIO MILANO;FILCAMS CGIL;FISASCAT CISL;UILTUCS UIL;NIDIL CGIL";"14/07/2016";"14/07/2016";"";"31/12/2018";"COLLABORAZIONI Coordinate e Continuative (Call Center, Servizi non di telefonia, Servizi realizzati attraverso operatori telefonici)"
"CCNL per i dipendenti da aziende operanti nel settore autotrasporti merci, logistica, spedizioni e affini";"Testo definitivo";"Trasporti";"LEGA IMPRESA;FILAP;CIU";"22/06/2016";"22/06/2016";"";"20/06/2019";"AUTOTRASPORTI MERCI, LOGISTICA, SPEDIZIONI E AFFINI (LEGA IMPRESA-FILAP-CIU)"
"CCNL per gli addetti delle imprese del settore agroalimentare e attività affini";"Testo definitivo";"Alimentaristi - Agroindustriale";"FOR ITALY;AIC;FAGRI;ASSOTEC FAGRI;IMPRENDITORI&IMPRESE;FAMAR;CONFAMAR";"21/07/2016";"21/07/2016";"";"31/07/2019";"AGROALIMENTARE E ATTIVITA' AFFINI (FOR.ITALY)"
"CCNL per gli addetti delle imprese del settore dell'agricoltura e attività affini";"Testo definitivo";"Agricoltura";"FOR ITALY;AIC;FAGRI;ASSOTEC FAGRI;IMPRENDITORI&IMPRESE;FAMAR;CONFAMAR";"21/07/2016";"21/07/2016";"";"31/07/2019";"AGRICOLTURA E ATTIVITA' AFFINI (FOR.ITALY)"
"CCNL per gli addetti delle imprese del settore della pesca e attività affini";"Testo definitivo";"Alimentaristi - Agroindustriale";"FOR ITALY;AIC;FAGRI;ASSOTEC FAGRI;IMPRENDITORI&IMPRESE;FAMAR;CONFAMAR";"21/07/2016";"21/07/2016";"";"31/07/2019";"PESCA E ATTIVITA' AFFINI (FOR.ITALY)"
"CCNL per i lavoratori dipendenti delle aziende e cooperative esercenti attività del PRIMO SETTORE: AGRICOLTURA, ZOOTECNIA, FORESTAZIONE";"Testo definitivo";"Agricoltura";"NORD INDUSTRIALE;CONFIMI;FASPI;FAL;CONFAEL;SNALP";"21/07/2016";"01/08/2016";"";"31/07/2019";"PRIMO SETTORE: AGRICOLTURA, ZOOTECNIA, FORESTAZIONE"
"CCNL INTERSETTORIALE: Servizi alle imprese, Terziario, Commercio e Distribuzione, Pubblici Esercizi e Turismo";"Testo definitivo";"Commercio";"UAI; UNAPRI; ASSIDAL; ANIF; CONFSAL FASPI; FEDARMEC; CONFSAAP; SIAT; FIRAS SPP; UIPS; ALPPI; IMMEXA";"27/07/2016";"27/07/2016";"";"26/07/2019";"INTERSETTORIALE: Servizi alle imprese, Terziario, Commercio e Distribuzione, Pubblici Esercizi e Turismo"
"Verbale di accordo relativo alla procedura in caso di successione di imprese nel contratto di appalto con il medesimo committente e per la medesima attività di call center";"Verbale Integrativo";"Aziende di Servizi";"ASSOTELECOMUNICAZIONI ASSTEL;SLC CGIL;FISTEL CISL;UILCOM UIL";"30/05/2016";"";"";"";"TELECOMUNICAZIONI"
"Ipotesi di accordo per il rinnovo del CCNL Unionchimica Confapi per i lavoratori della piccola e media industria dei settori: chimica, concia e settori accorpati, plastica e gomma, abrasivi, ceramica e vetro";"Accordo di rinnovo";"Chimici";"UNIONCHIMICA CONFAPI;FILCTEM CGIL;FEMCA CISL;UILTEC UIL";"26/07/2016";"01/01/2016";"";"31/12/2018";"CHIMICA E AFFINI (Piccola e Media Impresa)"
"CCNL del settore Studi Professionali";"Testo definitivo";"Commercio";"FEDERIMPRESEITALIA;ALPAI;SALPS";"30/09/2016";"01/10/2016";"";"30/09/2019";"Studi Professionali (FEDERIMPRESEITALIA-ALPAI-SALPS)"
"CCNL dell'Agricoltura (Operai e Florovivaisti)";"Testo definitivo";"Agricoltura";"FEDERIMPRESEITALIA;ALPAI;SALPS";"30/09/2016";"01/01/2017";"";"31/12/2021";"AGRICOLTURA: Operai e Florovivaisti (FEDERIMPRESEITALIA)"
"CCNL del settore TURISTICO e ALBERGHIERO";"Testo definitivo";"Commercio";"FEDERIMPRESEITALIA;ALPAI;SALPS";"30/09/2016";"01/10/2016";"";"31/12/2019";"TURISTICO E ALBERGHIERO (FEDERIMPRESEITALIA-ALPAI-SALPS)"
"Verbale di Accordo modificativo del CCNL PER I DIPENDENTI DEL TERZIARIO: COMMERCIO, DISTRIBUZIONE E SERVIZI siglato in data 1 luglio 2013";"Accordo economico";"Commercio";"SISTEMA IMPRESA;FESICA CONFSAL;CONFSAL FISALS;CONFSAL";"12/10/2016";"";"";"";"DIPENDENTI DEL TERZIARIO: COMMERCIO, DISTRIBUZIONE E SERVIZI (SCI-CONFSAL)"
"CCNL per i dipendenti delle PMI, del settore edile e affini";"Testo definitivo";"Edilizia";"CONFSAAP;UPLA;FENAPI;FASPI;UAI;ALPPI;FENALPI;FIRAS SPP;FIRAS Edilizia;IMMEXA;CONFELP;ALI CONFSAL";"13/10/2016";"17/10/2016";"";"17/10/2019";"EDILI: Dipendenti delle PMI del settore Edile e affini"
"CCNL per i dipendenti e per i soci lavoratori delle imprese esercenti Servizi al Marketing Operativo e delle attività ad esso collaterali";"Testo definitivo";"Commercio";"CONFIMPRENDITORI;CIU";"11/10/2016";"12/10/2016";"";"11/10/2019";"SERVIZI AL MARKETING OPERATIVO (CONFIMPRENDITORI-CIU)"
"Ipotesi di accordo per il rinnovo del CCNL per i dipendenti della piccola e media industria dei settori tessile, abbigliamento, moda, calzature, pelli e cuoio, penne, spazzole e pennelli, occhiali, giocattoli";"Accordo di rinnovo";"Tessili";"UNIONTESSILE CONFAPI;FILCTEM CGIL;FEMCA CISL;UILTEC UIL";"12/10/2016";"01/04/2016";"";"31/03/2019";"TESSILI ABBIGLIAMENTO: P.M.I."
"CCNL 22 settembre 2004 settore piccola e media industria Legno – Mobili – Arredamento – Sughero – Forestale";"Testo definitivo";"Edilizia";"UNITAL;CONFAPI;FILLEA CGIL;FILCA CISL;FENEAL UIL";"22/09/2004";"01/09/2004";"31/12/2005";"31/12/2007";"LEGNO, ARREDAMENTO: P.M.I."
"Ipotesi di Accordo di rinnovo del CCNL per la piccola e media industria manifatturiera metalmeccanica e della installazione di impianti";"Accordo di rinnovo";"Meccanici";"CONFIMI IMPRESA MECCANICA;FIM CISL;UILM UIL";"22/07/2016";"01/06/2016";"";"31/05/2019";"METALMECCANICA: P.M.I. - CONFIMI"
"CCNL per i dipendenti delle imprese adili artigiane e delle piccole e medie imprese industriali edili e affini";"Testo definitivo";"Edilizia";"CONFINNOVA;FEDERSICUREZZA ITALIA;SINAST;FIADEL CISAL";"02/12/2016";"01/12/2016";"";"30/11/2019";"EDILI: Dipendenti imprese artigiane e PMI industriali e affini"
"CCNL per i dipendenti del terziario, commercio, distribuzione e servizi";"Testo definitivo";"Commercio";"CONFINNOVA;FEDERSICUREZZA ITALIA;SINAST";"13/12/2016";"01/01/2017";"";"31/12/2019";"TERZIARIO, COMMERCIO, DISTRIBUZIONE E SERVIZI (CONFINNOVA-FEDERSICUREZZA ITALIA-SINAST)"
"CCNL Commercio e Terziario";"Testo definitivo";"Commercio";"ASSPIM;SIDA;Sindacato SLI";"29/11/2016";"01/12/2016";"";"31/12/2020";"COMMERCIO E TERZIARIO (aziende con massimo 30 dipendenti)"
"CCNL unico Commercio e Terziario";"Testo definitivo";"Commercio";"UAI;CONFAE;CONFENAL;CONFENAL FEDITES;FSE COBAS";"22/12/2016";"22/12/2016";"";"31/12/2019";"COMMERCIO E TERZIARIO (UAI-CONFAE-CONFENAL FEDITES-FSE COBAS)"
"CCNL Agricoltura e Florovivaismo per impiegati, operai agricoli e florovivaisti";"Testo definitivo";"Agricoltura";"UAI;CONFAE;CONFENAL;CONFENAL FEDAGRI;FSE COBAS";"22/12/2016";"22/12/2016";"";"31/12/2019";"AGRICOLTURA E FLOROVIVAISMO"
"Accordo sul riconoscimento dell'adeguamento IPCA - CCNL per i dipendenti degli Istituti e Aziende di Vigilanza Privata, Investigazioni e Servizi Fiduciari del 15 ottobre 2015";"Verbale Integrativo";"Commercio";"ANPIT;CIDEC;UNICA;UNIQUALITY;CISAL SINALV;CISAL TERZIARIO;CISAL";"13/12/2016";"01/11/2016";"";"";"VIGILANZA PRIVATA, INVESTIGAZIONI E SERVIZI FIDUCIARI"
"CCNL per le lavoratrici e i lavoratori delle cooperative del settore socio-sanitario, umanitario, assistenziale-educativo e di inserimento lavorativo";"Testo definitivo";"Enti e Istituzioni Private";"UNICOOP;UGL Sanità Nazionale;UGL";"22/12/2016";"01/01/2017";"";"31/12/2019";"COOPERATIVE SETTORE SOCIO-SANITARIO, UMANITARIO, ASSISTENZIALE-EDUCATIVO E DI INSERIMENTO LAVORATIVO (UNICOOP-UGL)"
"CCNL per i dipendenti di istituti e imprese di vigilanza privata e servizi di portierato";"Testo definitivo";"Commercio";"ANSL;SINAL;CIDAT";"19/12/2016";"01/01/2017";"";"31/12/2019";"VIGILANZA PRIVATA E SERVIZI DI PORTIERATO"
"Verbale di accordo di modifica del contenuto dell'accordo per il rinnovo del CCNL Turismo del 18 gennaio 2014";"Verbale Integrativo";"Commercio";"FEDERALBERGHI;FAITA;CONFCOMMERCIO;FILCAMS CGIL;FISASCAT CISL;UILTUCS UIL";"30/11/2016";"";"";"";"TURISMO (AZIENDE CONFCOMMERCIO)"
"CCNL per gli addetti delle imprese del settore Trasporto, Spedizioni, Logistica e attività affini";"Testo definitivo";"Trasporti";"FOR ITALY;FAMAR;CONFAMAR";"30/12/2016";"30/12/2016";"";"31/12/2019";"TRASPORTO, SPEDIZIONI, LOGISTICA E ATTIVITA' AFFINI (FOR ITALY - FAMAR)"
"Proroga del CCNL del 16/2/2013 Domestici - Colf e badanti - conviventi e non conviventi";"Accordo di rinnovo";"Commercio";"Sindacato SLI;SIDA";"01/02/2017";"01/03/2016";"";"28/02/2020";"Domestici - Colf e Badanti - conviventi e non conviventi"
"CCNL per gli addetti delle imprese operanti nel settore Manifatturiero, produzione e fabbricazione di beni";"Testo definitivo";"Altri Vari";"FOR ITALY;FAMAR;CONFAMAR";"09/02/2017";"09/02/2017";"";"31/12/2019";"IMPRESE OPERANTI NEL SETTORE MANIFATTURIERO, PRODUZIONE E FABBRICAZIONE DI BENI (FOR.ITALY-FAMAR)"
"CCNL per gli addetti delle imprese del settore AGRICOLTURA delle Piccole e Medie Imprese";"Testo definitivo";"Agricoltura";"ADLI; ASSIDAL; FAMAR; FIRAS SPP CIU; FLS CONFAMAR";"01/03/2017";"01/03/2017";"";"28/02/2020";"AGRICOLTURA: PMI e Cooperative (ADLI-ASSIDAL-FAMAR-FIRAS SPP CIU-FLS CONFAMAR)"
"Verbale di integrazione dell'accordo di data 16 settembre 2016 per il rinnovo del CCNL per i lavoratori dipendenti della piccola e media industria alimentare";"Verbale Integrativo";"Alimentaristi - Agroindustriale";"UNIONALIMENTARI CONFAPI;FAI CISL;FLAI CGIL;UILA UIL";"06/03/2017";"";"";"";"ALIMENTARISTI: P.M.I."
"ESAARCO CCNL per i dipendenti da Enti, Aziende e Associazioni del settore Olistico";"Testo definitivo";"Altri Vari";"ESAARCO;ESAARCO Olistici;CONFAB;FENALS;ONAPS CIU;SIDOS";"01/03/2017";"01/03/2017";"";"28/02/2020";"SETTORE OLISTICO (ESAARCO)"
"Ipotesi di Accordo nazionale 28 novembre 2015 di rinnovo del CCNL Autoferrotranvieri-Internavigatori (Mobilità - TPL)";"Accordo di rinnovo";"Trasporti";"ASSTRA; ANAV; FILT CGIL; FIT CISL; UILTRASPORTI UIL; FAISA CISAL; UGL FNA; (sottoscritto da AGENS il 24/1/2018)";"28/11/2015";"01/01/2015";"";"31/12/2017";"AUTOFERROTRANVIERI"
"CCNL del personale dirigente medico dipendente degli Ospedali Classificati ancorché riconosciuti IRCCS";"Testo definitivo";"Enti e Istituzioni Private";"ARIS;ANMIRS";"05/02/2001";"01/01/1998";"";"31/12/2001";"Dirigenti Medici di Ospedali Classificati e IRCCS (ARIS)"
"Accordo Ponte per i dirigenti medici dipendenti degli Ospedali Classificati ed IRCCS";"Accordo di rinnovo";"Enti e Istituzioni Private";"ARIS;ANMIRS";"28/12/2006";"01/01/2002";"";"31/12/2005";"Dirigenti Medici di Ospedali Classificati e IRCCS (ARIS)"
"CCNL ARIS ANMIRS Biennio economico 2006-2007";"Accordo economico";"Enti e Istituzioni Private";"ARIS;ANMIRS";"29/12/2008";"01/01/2006";"";"31/12/2007";"Dirigenti Medici di Ospedali Classificati e IRCCS (ARIS)"
"CCNL per i dipendenti degli Studi Odontoiatrici e Medico Dentistici";"Testo definitivo";"Commercio";"CIFA;AIO;FIALS CONFSAL;CONFSAL";"30/03/2017";"01/03/2017";"";"29/02/2020";"Studi Odontoiatrici e Medico Dentistici"
"Accordo integrativo in materia retributiva del CCNL PER I DIPENDENTI DEL TERZIARIO: COMMERCIO, DISTRIBUZIONE E SERVIZI del 1° luglio 2013";"Accordo economico";"Commercio";"SISTEMA IMPRESA;FESICA CONFSAL;CONFSAL FISALS;CONFSAL";"04/04/2017";"";"";"";"DIPENDENTI DEL TERZIARIO: COMMERCIO, DISTRIBUZIONE E SERVIZI (SCI-CONFSAL)"
"Accordo di rinnovo del CCNL PER I DIPENDENTI DEL TERZIARIO: COMMERCIO, DISTRIBUZIONE E SERVIZI del 1° luglio 2013";"Accordo di rinnovo";"Commercio";"SISTEMA IMPRESA;FESICA CONFSAL;CONFSAL FISALS;CONFSAL";"20/04/2017";"01/05/2017";"";"30/04/2020";"DIPENDENTI DEL TERZIARIO: COMMERCIO, DISTRIBUZIONE E SERVIZI (SCI-CONFSAL)"
"Accordo Economico Collettivo buone prassi per la regolamentazione del lavoro autonomo";"Testo definitivo";"Altri Vari";"FOR ITALY;FAMAR;CONFAMAR";"20/04/2017";"20/04/2017";"";"31/12/2019";"Lavoro Autonomo (FOR.ITALY-FAMAR)"
"CCNL per gli addetti delle imprese del settore TERZIARIO";"Testo definitivo";"Commercio";"FOR ITALY;FAMAR;CONFAMAR";"20/04/2017";"20/04/2017";"";"30/06/2020";"TERZIARIO (FOR.ITALY-FAMAR)"
"CCNL per i lavoratori dipendenti delle imprese, anche cooperative, esercenti attività di trasformazione e posa di prodotti in vetro, legno, ceramica, gomma, ferro, plastica, cristallo, carta, tessuto, anche conto terzi e in somministrazione, nel settore dell'Industria "della Grande Carpenteria, Saldatura e Molatura"";"Testo definitivo";"Altri Vari";"UNSIC;UNSICOOP;CONFIAL";"04/04/2017";"01/04/2017";"";"31/03/2020";"GRANDE CARPENTERIA, SALDATURA E MOLATURA"
"Contratto nazionale di lavoro giornalistico";"Testo definitivo";"Poligrafici e Spettacolo";"FIEG;FNSI";"24/06/2014";"01/04/2013";"";"31/03/2016";"GIORNALISTI"
"Verbale di Accordo per la proroga della validità del Contratto nazionale di lavoro giornalistico fino al prossimo rinnovo";"Verbale Integrativo";"Poligrafici e Spettacolo";"FIEG;FNSI";"28/09/2016";"";"";"";"GIORNALISTI"
"CCNL per i lavoratori dipendenti delle imprese esercenti attività nel settore dei servizi";"Testo definitivo";"Altri Vari";"FAPI;CESAC;FILDI CIU";"05/04/2017";"05/04/2017";"";"30/03/2020";"SERVIZI (FAPI-CESAC-FILDI CIU)"
"CCNL per i lavoratori dipendenti delle imprese esercenti attività nel settore del Commercio";"Testo definitivo";"Commercio";"FAPI;CESAC;FILDI CIU";"05/04/2017";"05/04/2017";"";"30/03/2020";"COMMERCIO (FAPI-CESAC-FILDI CIU)"
"CCNL per i dipendenti delle Aziende Agricole, Agrituristiche e florovivaiste costituite anche in forma cooperativa";"Testo definitivo";"Agricoltura";"ESAARCO;CEPA;CEPA Agricoltura;UIPA;CLI;FLAAF;CIU";"31/05/2017";"31/05/2017";"";"30/05/2019";"AZIENDE AGRICOLE, AGRITURISTICHE E FLOROVIVAISTE (ESAARCO)"
"CCNL per i lavoratori dipendenti delle imprese esercenti attività nei settori agricoltura e florovivaismo, fioricoltura, forestale e manutenzione giardini";"Testo definitivo";"Agricoltura";"CONFINNOVA;FEDERSICUREZZA ITALIA;FIADEL SP CISAL";"01/04/2017";"01/04/2017";"";"31/03/2020";"AGRICOLTURA, FLOROVIVAISMO, FIORICOLTURA, FORESTALE E MANUTENZIONE GIARDINI"
"CCNL per i lavoratori dipendenti e soci lavoratori delle Associazioni";"Testo definitivo";"Altri Vari";"FAPI;CESAC;FILDI CIU";"05/04/2017";"05/04/2017";"";"30/03/2020";"LAVORATORI DELLE ASSOCIAZIONI (FAPI-CESAC-FILDI CIU)"
"CCNL per i quadri direttivi e per il personale delle aree professionali dipendenti dalle imprese creditizie, bancarie, finanziarie e strumentali";"Testo definitivo";"Credito Assicurazioni";"FENAFI;ASSIMEC;FEDERPROMM UILTUCS;UILTUCS UIL;FIDICC SINADI";"10/04/2017";"10/04/2017";"";"28/06/2019";"SOCIETA' FINANZIARIE E SERVIZI: Dipendenti"
"CCNL per i lavoratori dipendenti del settore PULIZIE";"Testo definitivo";"Aziende di Servizi";"FEDERSICUREZZA ITALIA;CONFINNOVA;FIADEL SP";"30/05/2017";"01/05/2017";"";"30/04/2021";"PULIZIE (FEDERSICUREZZA ITALIA - CONFINNOVA - FIADEL SP)"
"Ipotesi di accordo sindacale per il rinnovo del CCNL per il personale dipendente da imprese esercenti l'attività funebre";"Accordo di rinnovo";"Trasporti";"FENIOF;CONFCOMMERCIO;FILT CGIL;FIT CISL;UILTRASPORTI";"05/05/2017";"01/01/2017";"";"31/12/2020";"POMPE FUNEBRI: Agenzie Private"
"CCNL per il personale dipendente non medico da strutture sanitarie, socio-sanitarie, e cooperative socio sanitarie ed assistenziali private";"Testo definitivo";"Enti e Istituzioni Private";"FMPI CONAPI;CONAPI;CNAL";"15/05/2017";"15/05/2017";"";"14/05/2020";"STRUTTURE SANITARIE, SOCIO-SANITARIE E COOPERATIVE SOCIO SANITARIE ED ASSISTENZIALI PRIVATE: personale non medico (CONAPI-CNAL)"
"Accordo Economico Collettivo buone prassi per la regolamentazione del lavoro autonomo - Integrazione all'Accordo del 20 aprile 2017";"Verbale Integrativo";"Altri Vari";"FOR ITALY;FAMAR;CONFAMAR";"08/06/2017";"";"";"";"Lavoro Autonomo (FOR.ITALY-FAMAR)"
"CCNL per i dipendenti delle Aziende del settore Commercio";"Testo definitivo";"Commercio";"CNAI;UCICT;FISMIC CONFSAL;FILCOM FISMIC";"04/03/2014";"01/03/2014";"";"28/02/2017";"COMMERCIO (fino a 14 dipendenti)"
"Accordo negoziale in tema di trattamento economico per l'anno 2010 per il personale della carriera direttiva";"Economico 2° biennio";"Credito Assicurazioni";"BANCA D'ITALIA;FALBI;FIBA CISL;FABI";"25/10/2010";"01/01/2010";"31/12/2010";"";"BANCARI: Banca D'Italia - carriera Direttiva"
"Accordo negoziale in tema di trattamento economico per l'anno 2010 per il personale della carriera operativa, dei servizi generali e di sicurezza e operaia";"Economico 2° biennio";"Credito Assicurazioni";"BANCA D'ITALIA;FALBI;FIBA CISL;FABI";"25/10/2010";"01/01/2010";"31/12/2010";"";"BANCARI: Banca D'Italia - carriera Operativa"
"Accordo per il rinnovo del CCNL per i dipendenti delle aziende operanti nei settori Legno, Sughero, Mobile ed Arredamento e Boschivi e Forestali";"Accordo di rinnovo";"Edilizia";"FEDERLEGNOARREDO; FENEAL UIL; FILCA CISL; FILLEA CGIL";"13/12/2016";"01/04/2016";"";"31/03/2019";"LEGNO, ARREDAMENTO: Industrie"
"Accordo in tema di copertura delle spese sanitarie per il personale della Banca d'Italia";"Verbale Integrativo";"Credito Assicurazioni";"BANCA D'ITALIA;SINDIRETTIVO CIDA";"28/04/2010";"";"";"";"BANCARI: Banca D'Italia - carriera Direttiva"
"Verbale di accordo di modifica del contenuto dell'accordo per il rinnovo del CCNL Turismo del 18 gennaio 2014";"Verbale Integrativo";"Commercio";"FEDERALBERGHI;FAITA;CONFCOMMERCIO;FILCAMS CGIL;FISASCAT CISL;UILTUCS UIL";"09/02/2017";"";"";"31/12/2018";"TURISMO (AZIENDE CONFCOMMERCIO)"
"Verbale di accordo 15 dicembre 2009 per il rinnovo del CCNL per i lavoratori dipendenti dalle imprese del sistema industriale integrato di servizi tessili e medici affini";"Accordo di rinnovo";"Tessili";"ASSOSISTEMA;FEMCA CISL;FILTEA CGIL;UILTA UIL";"15/12/2009";"01/07/2009";"";"30/06/2012";"LAVANDERIE, TINTORIE ... : Industrie"
"PULIZIA Disinfezione Disinfestazione (PMI Cooperative Artigiane)";"Verbale integrativo";"Aziende di Servizi";"CNA;CONFARTIGIANATO;CASARTIGIANI;CLAAI;FILCAMS CGIL;FISASCAT CISL;UILTRASPORTI UIL";"29/07/2004";"01/07/2003";"";"31/12/2004";"PULIZIA Disinfezione Disinfestazione (PMI Cooperative Artigiane)"
"ASSICURAZIONI: Agenti iscritti all'Albo";"Testo definitivo";"Credito Assicurazioni";"ANIA;SNA;UNAPASS";"23/12/2003";"23/12/2003";"";"31/12/2006";"ASSICURAZIONI: Agenti iscritti all'Albo"
"Verbale di accordo 28 marzo 2012 di adesione all'accordo di rinnovo del CCNL 8 febbraio 2011 per le imprese private operanti nel settore della distribuzione, recapito e servizi postali";"Accordo di rinnovo";"Aziende di Servizi";"FISE ARE; UGL COMUNICAZIONI";"28/03/2012";"01/01/2010";"";"31/12/2012";"RECAPITO CORRISPONDENZA"
"Verbale per il rinnovo del CCNL 24/11/2004 per i dirigenti di aziende produttrici di beni e servizi";"Accordo di rinnovo";"Altri Vari";"CONFINDUSTRIA;FEDERMANAGER";"25/11/2009";"25/11/2009";"";"31/12/2013";"DIRIGENTI: Aziende Industriali"
"CCNL per i dipendenti delle imprese artigiane e delle piccole e medie imprese industriali e dei consorzi artigiani, anche in forma cooperativista, di produzione dei laterizi e dei manufatti in cotto, manufatti in cemento ed affini";"Testo definitivo";"Edilizia";"CONFIMPRESEITALIA;CONFIMPRESE EDILIZIA;ACS;CSE;CSE FNILAPMI;CSE FNLEL;CSE COOP;CSE FNILASU;CSE FNLEI;CSE DIR";"22/12/2011";"01/04/2010";"";"31/03/2014";"Laterizi e manuf. in cemento: artigiane, PMI, cooperative (CONFIMPRESEITALIA-ACS-CSE)"
"AGENTI IN ATTIVITA' FINANZIARIE";"Testo definitivo";"Credito Assicurazioni";"UFI;MANAGERITALIA";"21/10/2004";"01/01/2005";"";"31/12/2008";"AGENTI IN ATTIVITA' FINANZIARIE"
"Ipotesi di accordo per il rinnovo del CCNL per i dipendenti delle piccole e medie aziende della comunicazione, informatica e dei servizi innovativi";"Accordo di rinnovo";"Poligrafici e Spettacolo";"UNIGEC CONFAPI;UNIMATICA CONFAPI;SLC CGIL;FISTEL CISL;UILCOM UIL;USPI";"12/04/2006";"01/01/2005";"30/06/2007";"30/06/2009";"COMUNICAZIONE, INFORMATICA E SERVIZI INNOVATIVI: P.M.I."
"CCNL della Mobilità / Area contrattuale Attività Ferroviarie";"Testo definitivo";"Trasporti";"AGENS;FEDERTRASPORTO;ANCP;FILT CGIL;FIT CISL;UILTRASPORTI;UGL TRASPORTI;FAST FERROVIE";"20/07/2012";"01/01/2012";"";"31/12/2014";"FERROVIE: Attivita' ferroviarie"
"Accordo recante la disciplina pattizia attuativa in Banca d'Italia della L.146/1990 e successive modifiche";"Verbale Integrativo";"Credito Assicurazioni";"BANCA D'ITALIA;FALBI";"22/12/2009";"";"";"";"BANCARI: Banca D'Italia - carriera Direttiva"
"Verbale di accordo integrativo dell'ipotesi di accordo per il rinnovo del CCNL Area Alimentazione-Panificazione del 19 novembre 2013";"Verbale Integrativo";"Alimentaristi - Agroindustriale";"CNA Alimentare;CONFARTIGIANATO Alimentazione;CASARTIGIANI;CLAAI;FLAI CGIL;FAI CISL;UILA UIL";"10/12/2013";"";"";"";"ALIMENTARISTI: Artigiane"
"Ipotesi di accordo per il rinnovo della parte economica del CCL per i lavoratori dipendenti della SIPRA";"Accordo di rinnovo";"Poligrafici e Spettacolo";"SIPRA; SLC CGIL; FISTEL CISL; UILCOM UIL";"01/12/2009";"01/01/2009";"31/12/2010";"";"PUBBLICITA' (SIPRA PUBLICITAS)"
"Contratto nazionale per gli addetti del settore orafo, argentiero e della gioielleria 23 settembre 2010";"Testo definitivo";"Meccanici";"CONFINDUSTRIA FEDERORAFI;ASSOCIAZIONE ARGENTIERI;FIM CISL;UILM UIL";"23/09/2010";"01/10/2010";"";"31/10/2013";"ORAFI, ARGENTIERI: Industrie"
"Accordo negoziale in tema di Convenzione per i diritti sindacali";"Verbale Integrativo";"Credito Assicurazioni";"BANCA D'ITALIA;SINDIRETTIVO CIDA";"16/12/2010";"";"";"";"BANCARI: Banca D'Italia - carriera Direttiva"
"CCNL per i dipendenti delle imprese artigiane esercenti l'attività di escavazione, trivellazione e lavorazione dei materiali lapidei";"Testo definitivo";"Edilizia";"CEPA A;CEPA A COSTRUTTORI EDILI E AFFINI;CILA;LUCI;SI CEL;FNLE;CONF LAVORATORI";"26/03/2013";"26/03/2013";"";"25/03/2016";"LAPIDEI (Escavazione, Trivellazione e Lavorazione): imprese artigiane"
"Verbale di accordo in materia di indennità sostitutiva del premio di risultato di cui al verbale di accordo del 16 settembre 2010";"Verbale Integrativo";"Poligrafici e Spettacolo";"UNIGEC CONFAPI;UNIMATICA CONFAPI;SLC CGIL;FISTEL CISL;UILCOM UIL;USPI";"16/09/2010";"01/01/2011";"";"";"COMUNICAZIONE, INFORMATICA E SERVIZI INNOVATIVI: P.M.I."
"Accordo cornice in tema di contrattualizzazione del rapporto di impiego del personale della carriera direttiva";"Accordo di rinnovo";"Credito Assicurazioni";"BANCA D'ITALIA;FALBI;FIBA CISL";"18/02/2010";"01/01/2010";"";"31/12/2012";"BANCARI: Banca D'Italia - carriera Direttiva"
"Accordo negoziale con il quale viene definito il quadriennio 2006-2009 del personale della carriera operativa, dei servizi generali e di sicurezza e operaia";"Verbale Integrativo";"Credito Assicurazioni";"BANCA D'ITALIA;UILCA UIL";"25/10/2010";"";"";"";"BANCARI: Banca D'Italia - carriera Operativa"
"Accordo negoziale in tema di codice etico per il personale della Banca d'Italia";"Verbale Integrativo";"Credito Assicurazioni";"BANCA D'ITALIA;FISAC CGIL";"25/10/2010";"";"";"";"BANCARI: Banca D'Italia - carriera Direttiva"
"Accordo economico collettivo per la disciplina del rapporto di agenzia e rappresentanza commerciale del settore del COMMERCIO";"Testo definitivo";"Commercio";"FAPI;UGIFAI";"25/10/2013";"25/10/2013";"";"30/09/2016";"AGENZIA E RAPPRESENTANZA SETTORE COMMERCIO (Fapi-Ugifai)"
"Ipotesi di Accordo 26 luglio 2011 per il rinnovo del CCNL per dipendenti da imprese di pulizia, di disinfestazione e servizi integrati/multiservizi del 19/12/2007";"Accordo di rinnovo";"Aziende di Servizi";"FNIP CONFCOMMERCIO;UGL IGIENE AMBIENTALE";"26/07/2011";"01/01/2010";"";"30/04/2013";"PULIZIA: Imprese (Confcommercio)"
"IPOTESI DI ACCORDO parte economica dipendenti RAI";"Economico 2° biennio";"Poligrafici e Spettacolo";"RAI;SLC CGIL;FISTEL CISL;UILCOM UIL;UGL TELECOMUNICAZIONI;SNATER;LIBERSIND CONFSAL";"28/10/2009";"01/01/2008";"";"31/12/2009";"RAI"
"CCNL area alimentazione-panificazione per i lavoratori dipendenti delle aziende artigiane del settore alimentare e delle aziende del settore della panificazione";"Testo definitivo";"Alimentaristi - Agroindustriale";"CONFARTIGIANATO ALIMENTAZIONE;CNA ALIMENTARE;CASARTIGIANI;CLAAI;FLAI CGIL;FAI CISL;UILA UIL";"27/04/2010";"01/01/2010";"";"31/12/2012";"ALIMENTARISTI: Artigiane"
"Accordo in tema di contrattualizzazione del rapporto di impiego del personale della carriera direttiva";"Accordo di rinnovo";"Credito Assicurazioni";"BANCA D'ITALIA; SIBC CISAL";"13/07/2010";"01/01/2010";"";"31/12/2012";"BANCARI: Banca D'Italia - carriera Direttiva"
"Ipotesi di accordo per il rinnovo del CCNL per il personale artistico scritturato a tempo determinato dai pubblici esercizi con attività di trattenimento e spettacolo";"Accordo di rinnovo";"Poligrafici e Spettacolo";"FIPE SILB;SLC CGIL;FISTEL CISL;UILCOM UIL";"15/12/2011";"01/01/2012";"";"31/12/2014";"SPETTACOLO Esercizi Pubblici: Artisti a tempo determinato"
"CCNL per i dipendenti da aziende artigiane lavanderie, tintorie e affini";"Testo definitivo";"Tessili";"CONFIMPRESEITALIA;CONFIMPRESE ARTIGIANATO;ACS;CSE;CSE FULSCAM;CSE FNILAPMI;CSE FNLEI;CSE DIR;CSE COOP;CSE FNILASU";"22/12/2011";"01/01/2012";"";"31/12/2015";"Az. Artigiane di Lavanderie, Tintorie, affini (CONFIMPRESEITALIA-ACS-CSE)"
"CCNL per i dipendenti da aziende artigiane odontotecniche";"Testo definitivo";"Commercio";"CEPA;CONFIMPRESEITALIA;USAE";"28/01/2011";"02/03/2011";"";"01/03/2014";"Aziende Artigiane Odontotecniche (CEPA-CONFIMPRESEITALIA-USAE)"
"Accordo negoziale in tema di Convenzione per i diritti sindacali";"Verbale Integrativo";"Credito Assicurazioni";"BANCA D'ITALIA;SINDIRETTIVO CIDA";"16/12/2010";"";"";"";"BANCARI: Banca D'Italia - carriera Operativa"
"Accordo recante la disciplina pattizia attuativa in Banca d'Italia della L.146/1990 e successive modifiche";"Verbale Integrativo";"Credito Assicurazioni";"BANCA D'ITALIA;FIBA CISL";"22/12/2009";"";"";"";"BANCARI: Banca D'Italia - carriera Operativa"
"Accordo in tema di copertura delle spese sanitarie per il personale della Banca d'Italia";"Verbale Integrativo";"Credito Assicurazioni";"BANCA D'ITALIA;FABI";"28/04/2010";"";"";"";"BANCARI: Banca D'Italia - carriera Direttiva"
"CCNL per gli addetti ai lavori di sistemazione idraulico-forestale e idraulico-agraria 7 dicembre 2010";"Testo definitivo";"Agricoltura";"UNCEM;FEDERAZIONE ITALIANA COMUNITA' FORESTALI;FEDERFORESTE;LEGACOOP AGROALIMENTARE;FEDAGRI CONFCOOPERATIVE;FEDERLAVORO E SERVIZI CONFCOOPERATIVE;AGRITAL AGCI;FLAI CGIL;FAI CISL;UILA UIL; (sottoscritto da UGL il 02/02/2011; sottoscritto da ISA il 07/07/2011)";"07/12/2010";"01/01/2010";"";"31/12/2012";"SISTEMAZIONI IDRAULICO FORESTALI"
"Accordo di rinnovo del CCNL 31 ottobre 2014 per i dirigenti delle agenzie marittime raccomandatarie, agenzie aeree e mediatori marittimi";"Accordo di rinnovo";"Trasporti";"FEDERAGENTI; MANAGERITALIA";"13/02/2017";"01/01/2015";"";"31/12/2018";"AGENZIE MARITTIME E AEREE E MEDIATORI MARITTIMI: Dirigenti"
"CCNL per i dipendenti delle imprese esercenti attività del settore "VIGILANZA NON ARMATA E SICUREZZA" delle piccole e medie imprese e della cooperazione";"Testo definitivo";"Commercio";"NORD INDUSTRIALE;FAMAR";"26/02/2015";"01/03/2015";"";"31/12/2018";"VIGILANZA NON ARMATA E SICUREZZA"
"Accordo nazionale di riordino della disciplina del contratto di apprendistato per i dipendenti da imprese della distribuzione cooperativa";"Verbale Integrativo";"Commercio";"ANCC COOP;CONFCOOPERATIVE;AGCI;FILCAMS CGIL;FISASCAT CISL;UILTUCS UIL";"13/06/2012";"13/06/2012";"";"";"COMMERCIO: Cooperative di Consumo"
"Accordo economico collettivo per la disciplina del rapporto di agenzia e di rappresentanza commerciale tra i consorzi agrari e i loro agenti con o senza deposito";"Testo definitivo";"Commercio";"ASSOCAP;ANSACAP";"03/04/2009";"01/01/2009";"";"31/12/2013";"AGENTI E RAPPRESENTANTI DI CONSORZI AGRARI"
"Accordo per il personale della carriera direttiva della Banca d'Italia nell'ambito della trattativa 2006-2009";"Verbale Integrativo";"Credito Assicurazioni";"BANCA D'ITALIA;SINDIRETTIVO CIDA;FISAC CGIL;SIBC CISAL;FIBA CISL;UILCA UIL;FABI";"04/11/2009";"";"";"";"BANCARI: Banca D'Italia - carriera Direttiva"
"Accordo in tema di copertura delle spese sanitarie per il personale della Banca d'Italia";"Verbale Integrativo";"Credito Assicurazioni";"BANCA D'ITALIA;FALBI";"14/01/2010";"";"";"";"BANCARI: Banca D'Italia - carriera Direttiva"
"CCNL per i dipendenti delle aziende artigiane e delle piccole imprese industriali edili ed affini";"Testo definitivo";"Edilizia";"CNAI;UNAPI;FISMIC CONFSAL;FILCOM FISMIC";"23/04/2012";"01/05/2012";"";"30/04/2015";"EDILI: P.M.I. Artigiane Cooperative - CNAI"
"Accordo di rinnovo del CCNL 4 novembre 2005 per i quadri direttivi e per il personale delle aree professionali dipendenti da EQUITALIA SPA, RISCOSSIONE SICILIA SPA E SOCIETA' PARTECIPATE";"Accordo di rinnovo";"Credito Assicurazioni";"EQUITALIA SPA;RISCOSSIONE SICILIA SPA;DIRCREDITO FD;FABI;FALCRI;FIBA CISL;FISAC CGIL;SILCEA;SNALEC;UGL;UILCA";"09/04/2008";"09/04/2008";"";"31/12/2010";"Concessionari Servizi Tributi"
"Ipotesi di accordo per il rinnovo del CCNL per i dipendenti della piccola e media industria dei settori: chimica, concia e settori accorpati, plastica e gomma, abrasivi, ceramica e vetro";"Accordo di rinnovo";"Chimici";"UNIONCHIMICA CONFAPI;FILCTEM CGIL;FEMCA CISL;UILCEM UIL";"25/07/2013";"01/01/2013";"";"31/12/2015";"CHIMICA E AFFINI (Piccola e Media Impresa)"
"Accordo in tema di copertura delle spese sanitarie per il personale della Banca d'Italia";"Verbale Integrativo";"Credito Assicurazioni";"BANCA D'ITALIA;FISAC CGIL;SIBC CISAL";"28/04/2010";"";"";"";"BANCARI: Banca D'Italia - carriera Direttiva"
"Accordo economico collettivo per la disciplina del rapporto di agenzia e rappresentanza commerciale del settore commercio";"Testo definitivo";"Commercio";"CIDEC;UGIFAI";"21/06/2013";"01/06/2013";"";"31/05/2016";"AGENZIA E RAPPRESENTANZA SETTORE COMMERCIO (Cidec-Ugifai)"
"CCNL per i dipendenti e i soci lavoratori delle associazioni";"Testo definitivo";"Altri Vari";"CEPI;UCI;UIL PA";"11/04/2012";"01/01/2012";"";"31/12/2014";"LAVORATORI DELLE ASSOCIAZIONI"
"Ipotesi di Accordo 21 luglio 2011 per il rinnovo del CCNL per dipendenti da imprese di pulizia, di disinfestazione e servizi integrati/multiservizi del 19/12/2007";"Accordo di rinnovo";"Aziende di Servizi";"FNIP CONFCOMMERCIO;FILCAMS CGIL;FISASCAT CISL;UILTRASPORTI UIL";"21/07/2011";"01/01/2010";"";"30/04/2013";"PULIZIA: Imprese (Confcommercio)"
"Accordo per il rinnovo del CCNL per il personale dipendente da imprese di pulizia e servizi integrati/multiservizi";"Accordo di rinnovo";"Aziende di Servizi";"FNIP CONFCOMMERCIO;FILCAMS CGIL;FISASCAT CISL;UILTRASPORTI UIL";"19/12/2007";"01/01/2008";"31/12/2009";"31/12/2011";"PULIZIA: Imprese (Confcommercio)"
"CCNL per i dipendenti da aziende artigiane del legno ed affini";"Testo definitivo";"Edilizia";"CEPA;CONFIMPRESEITALIA;USAE";"28/01/2011";"02/03/2011";"";"01/03/2014";"Aziende Artigiane del Legno ed Affini (CEPA-CONFIMPRESEITALIA-USAE)"
"Adesione della FABI all'accordo cornice in tema di contrattualizzazione del rapporto di impiego del personale della carriera direttiva definito il 18/02/2010";"Verbale Integrativo";"Credito Assicurazioni";"BANCA D'ITALIA;FABI";"20/04/2010";"";"";"31/12/2012";"BANCARI: Banca D'Italia - carriera Direttiva"
"Accordo in tema di copertura delle spese sanitarie per il personale della Banca d'Italia";"Verbale Integrativo";"Credito Assicurazioni";"BANCA D'ITALIA;FALBI;SINDIRETTIVO CIDA;FABI;FIBA CISL;UILCA UIL";"23/12/2010";"";"";"";"BANCARI: Banca D'Italia - carriera Direttiva"
"COLLABORAZIONI Coordinate e Continuative (FEDERTERZIARIO)";"Testo definitivo";"Altri Vari";"FEDERTERZIARIO;FEDERTERZIARIO SUD;ALE UGL";"03/10/2000";"01/10/2000";"";"30/09/2002";"COLLABORAZIONI Coordinate e Continuative (FEDERTERZIARIO)"
"Accordo Economico Collettivo buone prassi per la disciplina dell'attività lavorativa non riconducibile ai rapporti di lavoro subordinato nonché alla valorizzazione dell'attività degli imprenditori e loro familiari, degli amministratori e dei soci (UGL-FOR.ITALY)";"Testo definitivo";"Altri Vari";"FAGRI;FAPI;AIC;SISTEMA INDUSTRIA DELL'AREA VASTA;IMPRENDITORI&IMPRESE;ASPERA;ASSOTEC FAGRI;FOR ITALY;UGL";"14/05/2015";"14/05/2015";"";"31/12/2017";"Rapporti di lavoro non subordinato (FOR.ITALY)"
"Accordo negoziale recante norme in tema di rappresentanti dei lavoratori per la sicurezza";"Verbale Integrativo";"Credito Assicurazioni";"BANCA D'ITALIA;SIBC CISAL";"25/10/2010";"";"";"";"BANCARI: Banca D'Italia - carriera Operativa"
"CCNL sulla disciplina del rapporto di lavoro domestico, badanti e colf del terziario";"Testo definitivo";"Commercio";"COMPIE;ULE;SILSE";"15/12/2011";"19/12/2011";"";"18/12/2014";"Lavoro Domestico Badanti e Colf del Terziario"
"Accordo Economico Collettivo per la disciplina del rapporto di agenzia e rappresentanza commerciale del settore del commercio";"Testo definitivo";"Commercio";"CESAC;FISARC";"09/09/2009";"01/10/2009";"";"30/09/2012";"AGENZIA E RAPPRESENTANZA SETTORE COMMERCIO (Cesac-Fisarc)"
"Accordo in tema di Convenzione per i diritti sindacali";"Verbale Integrativo";"Credito Assicurazioni";"BANCA D'ITALIA;FALBI";"22/12/2009";"";"";"";"BANCARI: Banca D'Italia - carriera Operativa"
"CCNL per i dipendenti delle micro e piccole imprese esercenti attività nel settore autotrasporto, spedizione merci, logistica ed affini";"Testo definitivo";"Trasporti";"CONFIMPRESEITALIA;FAST AUTOTRASPORTO E SPEDIZIONE MERCI;FAST CAMIONISTI E AUTISTI DIPENDENTI;FAST CONFSAL;CONFSAL";"28/11/2011";"01/01/2012";"";"31/12/2014";"AUTOTRASPORTO E SPEDIZIONE MERCI (CONFIMPRESEITALIA-CONFSAL)"
"Accordo in tema di Convenzione per i diritti sindacali per le Divisioni specializzate nei compiti di vigilanza bancaria e finanziaria della Banca d'Italia";"Verbale Integrativo";"Credito Assicurazioni";"BANCA D'ITALIA;FISAC CGIL;SINDIRETTIVO CIDA;SIBC CISAL;FABI;FIBA CISL;UILCA UIL";"12/06/2009";"";"";"";"BANCARI: Banca D'Italia - carriera Direttiva"
"CCNL per l'attività di "Codista" utilizzata dalle piccole e medie imprese di tutti i settori produttivi";"Testo definitivo";"Altri Vari";"COMFIE;ASSEOPE;CONFAEL";"02/09/2014";"01/10/2014";"";"30/09/2017";"CODISTA: PMI di tutti i settori produttivi"
"Accordo in tema di copertura delle spese sanitarie per il personale della Banca d'Italia";"Verbale Integrativo";"Credito Assicurazioni";"BANCA D'ITALIA;FABI";"28/04/2010";"";"";"";"BANCARI: Banca D'Italia - carriera Operativa"
"Verbale di accordo per il rinnovo del CCNL per i dipendenti delle aziende operanti nei settori legno, sughero, mobile ed arredamento e boschivi e forestali";"Accordo di rinnovo";"Edilizia";"FEDERLEGNOARREDO; FENEAL UIL; FILCA CISL; FILLEA CGIL";"11/09/2013";"01/04/2013";"";"31/03/2016";"LEGNO, ARREDAMENTO: Industrie"
"ELICOTTERI: Trasporto non di linea, manutenzione e riparaz.";"Testo definitivo";"Trasporti";"FISE; AISE; ANPAC; UP";"19/07/2001";"01/01/2001";"";"31/12/2004";"ELICOTTERI: Trasporto non di linea, manutenzione e riparaz."
"Accordo recante la disciplina pattizia attuativa in Banca d'Italia della L.146/1990 e successive modifiche";"Verbale Integrativo";"Credito Assicurazioni";"BANCA D'ITALIA;FALBI";"22/12/2009";"";"";"";"BANCARI: Banca D'Italia - carriera Operativa"
"CCNL del TRASPORTO AEREO parte specifica VETTORI";"Accordo di rinnovo";"Trasporti";"ASSAEREO; FILT CGIL; FIT CISL; UILTRASPORTI; UGL TRASPORTO AEREO";"17/07/2014";"01/01/2014";"";"31/12/2016";"AEREI: Trasporto Aereo"
"Accordo in tema di copertura delle spese sanitarie per il personale della Banca d'Italia";"Verbale Integrativo";"Credito Assicurazioni";"BANCA D'ITALIA;UILCA UIL";"28/04/2010";"";"";"";"BANCARI: Banca D'Italia - carriera Direttiva"
"CCNL 26 maggio 2009 dei dipendenti da farmacia privata";"Testo definitivo";"Commercio";"FEDERFARMA; FILCAMS CGIL; FISASCAT CISL; UILTUCS UIL";"26/05/2009";"01/02/2006";"";"31/01/2010";"FARMACIE PRIVATE"
"CCNL per i dipendenti delle impreseesercenti attività del settore "PULIZIE" per i lavoratori dipendenti delle imprese esercenti servizi di Pulizie nonché affini ed Ausiliarie al settore del pulimento, della disinfezione, disinfestazione, derattizzazione, sanificazione ed assimilabili ai suindicati settori delle Piccole e Medie Imprese dell'Artigianato e della Cooperazione";"Testo definitivo";"Aziende di Servizi";"NORD INDUSTRIALE;FAMAR";"26/02/2015";"01/03/2015";"";"31/12/2018";"PULIZIA: Imprese, PMI, Artigiane, Cooperative (NORD INDUSTRIALE-FAMAR)"
"Accordo in tema di copertura delle spese sanitarie per il personale della Banca d'Italia";"Verbale Integrativo";"Credito Assicurazioni";"BANCA D'ITALIA;FIBA CISL";"14/01/2010";"";"";"";"BANCARI: Banca D'Italia - carriera Direttiva"
"CCNL per i dipendenti delle imprese industriali edili ed affini";"Testo definitivo";"Edilizia";"CNAI;UNAPI;FISMIC CONFSAL;FILCOM FISMIC";"23/04/2012";"01/05/2012";"";"30/04/2015";"EDILI: Industrie - CNAI-UNAPI"
"Verbale di accordo sulla disciplina della successione dei contratti a tempo determinato nel settore delle RSA";"Verbale Integrativo";"Enti e Istituzioni Private";"AIOP;UGL SANITA'";"27/12/2012";"";"";"";"RESIDENZE SANITARIE ASSISTENZIALI (AIOP)"
"CCNL per i dipendenti degli Istituti e Aziende di Vigilanza Privata, Investigazioni e Servizi Fiduciari";"Testo definitivo";"Commercio";"ANPIT;CIDEC;CONFAZIENDA;UNICA;UNIQUALITY;CISAL SINALV;CISAL TERZIARIO;CISAL;(sottoscritto il 20/4/2017 da PMI ITALIA); (sottoscritto da UAI il 5/6/2017)";"15/10/2015";"01/11/2015";"";"31/10/2018";"VIGILANZA PRIVATA, INVESTIGAZIONI E SERVIZI FIDUCIARI"
"Accordo cornice in tema di contrattualizzazione del rapporto di impiego del personale della carriera direttiva";"Accordo di rinnovo";"Credito Assicurazioni";"BANCA D'ITALIA;SINDIRETTIVO CIDA";"18/02/2010";"01/01/2010";"";"31/12/2012";"BANCARI: Banca D'Italia - carriera Direttiva"
"Verbale di Accordo su Contratto a Termine - CCNL del TRASPORTO AEREO - Parte specifica GESTORI AEROPORTUALI";"Verbale integrativo";"Trasporti";"ASSAEROPORTI; FILT CGIL; FIT CISL; UILTRASPORTI; UGL Trasporto Aereo";"01/10/2014";"";"";"";"AEREI: Trasporto Aereo"
"CCNL per i dipendenti da Aziende esercenti attività nel settore del TERZIARIO E SERVIZI";"Testo definitivo";"Commercio";"CNAI;UCICT;FISMIC CONFSAL;FILCOM FISMIC";"27/06/2012";"01/07/2012";"";"30/06/2015";"TERZIARO E SERVIZI - CNAI-UCICT"
"Protocollo d'intesa per la sottoscrizione da parte della "PMI ITALIA" Confederazione Sindacale Datoriale al CCNL per i dipendenti di aziende e cooperative dei settori: Commercio, Servizi, Turismo, Vigilanza e Servizi Fiduciari, stipulati tra le organizzazioni: ANPIT - CIDEC - UNICA e CISAL TERZIARIO con l'assistenza della CISAL";"Verbale Integrativo";"Commercio";"PMI ITALIA;CISAL TERZIARIO;CISAL";"20/04/2017";"";"";"";"VIGILANZA PRIVATA, INVESTIGAZIONI E SERVIZI FIDUCIARI"
"Ipotesi di accordo per il rinnovo della parte economica del Ccnl per il personale dipendente da Fondazioni Liriche e Sinfoniche";"Economico secondo biennio";"Poligrafici e Spettacolo";"ANFOLS;FIALS CISAL;SLC CGIL;FISTEL CISL;UILCOM UIL";"12/02/2007";"01/01/2004";"";"31/12/2006";"ENTI LIRICI"
"Accordo in tema di Convenzione per i diritti sindacali";"Verbale Integrativo";"Credito Assicurazioni";"BANCA D'ITALIA;FIBA CISL";"22/12/2009";"";"";"";"BANCARI: Banca D'Italia - carriera Operativa"
"CCNL dipendenti dalle scuderie di cavalli da corsa al trotto";"Testo definitivo";"Poligrafici e Spettacolo";"ANAGT;UNAGT;SLC CGIL;FISASCAT CISL;UILCOM UIL";"15/05/2008";"01/06/2007";"31/12/2008";"31/12/2010";"IPPICA: Scuderie Cavalli da Corsa al Trotto"
"CCNL per i dipendenti da aziende artigiane alimentari";"Testo definitivo";"Alimentaristi - Agroindustriale";"CEPA;CONFIMPRESEITALIA;USAE";"28/01/2011";"02/03/2011";"";"01/03/2014";"Aziende Artigiane Alimentari (CEPA-CONFIMPRESEITALIA-USAE)"
"Accordo di rinnovo del CCNL per i piloti collaudatori sperimentatori e di produzione di aziende di costruzioni aerospaziali";"Accordo di rinnovo";"Trasporti";"AIAD;ANPICO";"29/11/2007";"01/01/2008";"";"31/12/2011";"PILOTI Collaudatori Dip. da Az. di Costruzioni Aerospaziali"
"Accordo negoziale in tema di codice etico per il personale della Banca d'Italia";"Verbale Integrativo";"Credito Assicurazioni";"BANCA D'ITALIA;UILCA UIL";"25/10/2010";"";"";"";"BANCARI: Banca D'Italia - carriera Operativa"
"Accordo negoziale con il quale viene definito il quadriennio 2006-2009 del personale della carriera operativa, dei servizi generali e di sicurezza e operaia";"Verbale Integrativo";"Credito Assicurazioni";"BANCA D'ITALIA;FALBI;FABI;FIBA CISL";"25/10/2010";"";"";"";"BANCARI: Banca D'Italia - carriera Operativa"
"CCNL 17/12/2009 per i dipendenti della piccola e media industria dei settori: chimica, concia e settori accorpati, plastica e gomma, abrasivi, ceramica e vetro";"Testo definitivo";"Chimici";"UNIONCHIMICA CONFAPI;FILCTEM CGIL;FEMCA CISL;UILCEM UIL";"17/12/2009";"01/01/2010";"";"31/12/2012";"CHIMICA E AFFINI (Piccola e Media Impresa)"
"Accordo negoziale recante norme in tema di rappresentanti dei lavoratori per la sicurezza";"Verbale Integrativo";"Credito Assicurazioni";"BANCA D'ITALIA;FALBI;FABI;FIBA CISL";"25/10/2010";"";"";"";"BANCARI: Banca D'Italia - carriera Operativa"
"Accordo ponte di natura economica CCNL settore coibenti";"Accordo economico";"Chimici";"Federvarie Anicta; Fulc";"19/06/2003";"01/01/2002";"31/12/2003";"";"COIBENTAZIONI TERMICHE ACUSTICHE"
"Verbale di accordo CCNL coibentazioni termico acustiche";"Economico secondo biennio";"Chimici";"Anicta; Fulc";"12/05/2004";"01/01/2004";"31/12/2005";"";"COIBENTAZIONI TERMICHE ACUSTICHE"
"Accordo di rinnovo di 2° biennio del CCNL Settore Coibentazione Termo-Acustica";"Economico secondo biennio";"Chimici";"Anicta Federvarie; Fulc Nazionale";"24/03/2000";"01/01/2000";"";"31/12/2001";"COIBENTAZIONI TERMICHE ACUSTICHE"
"CHIMICO FARMACEUTICA e AFFINI: Industrie";"Economico secondo biennio";"Chimici";"ASS. NAZ. IMPRENDITORI COIBENTAZIONI TERMICHE ACUSTICHE (ANICTA); FULC NAZIONALE; FULC TERRITORIALI";"25/01/1996";"01/01/1996";"";"31/12/1997";"COIBENTAZIONI TERMICHE ACUSTICHE"
"Accordo di rinnovo del CCNL del settore coibenti";"Accordo di rinnovo";"Chimici";"Anicta Federvarie; Fulc Nazionale";"07/10/1998";"01/01/1998";"31/12/1999";"31/12/2001";"COIBENTAZIONI TERMICHE ACUSTICHE"
"CCNL Colf e Badanti";"Testo definitivo";"Commercio";"EUROCOLF; CONFEURO; E-ACADEMY; MIGRANTI; OVER 50; APS-ACADEMY";"09/06/2017";"01/10/2017";"";"31/12/2021";"LAVORATORI FAMILIARI, COLF E BADANTI"
"CCNL per i lavoratori agricoli";"Testo definitivo";"Agricoltura";"CONFEURO; EUROTER; EUROCOLTIVATORI; SOGGETTO GIURIDICO; E-ACADEMY";"07/06/2017";"01/10/2017";"";"31/12/2021";"LAVORATORI AGRICOLI"
"CCNL per i lavoratori dipendenti dalle imprese del settore Artigiano metalmeccanico ed affini artigiane";"Testo definitivo";"Meccanici";"FAPI; CESAC; FILDI CIU";"18/05/2017";"18/05/2017";"";"30/04/2020";"METALMECCANICA: Artigiane (FAPI-CESAC-FILDI CIU)"
"CCNL per i lavoratori dipendenti dalle imprese Edili Artigiane ed affini";"Testo definitivo";"Edilizia";"FAPI; CESAC; FILDI CIU";"18/05/2017";"18/05/2017";"";"30/04/2020";"EDILI: Imprese artigiane (FAPI-CESAC-FILDI CIU)"
"CCNL per i lavoratori dipendenti dalle imprese del settore acconciatura, estetica, tricologia non curativa, tatuaggi, piercing e centri benessere";"Testo definitivo";"Commercio";"FAPI; CESAC; FILDI CIU";"18/05/2017";"18/05/2017";"";"30/04/2020";"Acconciatura, Estetica, Tricologia non curativa, Tatuaggi, Piercing e Centri Benessere (FAPI-CESAC-FILDI CIU)"
"CCNL per i lavoratori dipendenti dalle Industrie";"Testo definitivo";"Altri Vari";"FAPI; CESAC; FILDI CIU";"01/06/2017";"01/06/2017";"";"31/05/2020";"INDUSTRIE (FAPI -CESAC - FILDI CIU)"
"ESAARCO CCNL per la tutela dei Lavoratori Autonomi";"Testo definitivo";"Altri Vari";"ESAARCO Confederazione Esercenti Agricoltori Artigiani Commercio; ESAARCO Sindacato Emigranti e Immigrati; ESAARCO Commercio; ESAARCO Vigilanza e Sicurezza; ESAARCO Artigianato; ESAARCO Servizi e Terziario; ESAARCO Autotrasporti NCC; ESAARCO Federazione Coltivatori Diretti; ESAARCO Fedrazione Imprenditori Agricoli; CEPA A Assocostruttori; CEPA A Industria; CEPA A Pesca; CEPA A Turismo; CEPA A Costruttori Edili ed Affini; CEPA A Commercio; CEPA A Sanità; CEPA A Scuola; CEPA A AIMA; CEPA A FEDERCOOP; FER; Federazione Nazionale Lavoratori della Chimica; Federazione Lavoratori del settore Agricoltura, Agriturismo e Florovivaisti; Federazione Lavoratori del settore Turismo; Federazione Nazionale Lavoratori Scuola Federata CSG; Organismo Nazionale Asseveratori della Sicurezza; FENAL Medici Federata; FENAL OSS Federata; CIU; Confederazione Lavoro Italia Federata CIU; SI CEL; FNAOPS CLI; ONAPS; Coordinamento Nazionale delle Professioni Olistiche; Federazione Nazionale del comparto Pesca CLI; Federazione Nazionale Lavoratori Artigianato CLI";"14/07/2017";"14/07/2017";"";"13/07/2020";"Lavoratori Autonomi (ESAARCO)"
"CCNL disciplinante i rapporti di lavoro domestico per il personale dipendente esercente l'attività di assistenza domiciliare non medica alla persona anche presso case di cura e strutture affini";"Testo definitivo";"Commercio";"UNSIC; UNSICOOP; FEDERDAT; CONFIAL";"13/07/2017";"01/07/2017";"";"30/06/2020";"Assistenza Domiciliare non Medica"
"CCNL per i soci e i dipendenti delle cooperative esercenti attività prevalente nel settore autotrasporto, spedizione merci, logistica e facchinaggio";"Testo definitivo";"Trasporti";"UNICOOP; UGL Viabilita' e Logistica; UGL";"11/07/2017";"11/07/2017";"";"10/07/2020";"AUTOTRASPORTO, SPEDIZIONE MERCI, LOGISTICA E FACCHINAGGIO (UNICOOP-UGL)"
"CCNL disciplinante i rapporti di lavoro subordinato posti in essere nel settore No Profit da imprese sociali, cooperative, associazioni, Fondazioni, ONG e Organizzazioni operanti nel settore assistenziale, sociale, socio-sanitario ed educativo";"Testo definitivo";"Enti e Istituzioni Private";"UNSIC; UNSICOOP; CONFIAL";"27/07/2017";"01/08/2017";"";"31/07/2020";"Terzo Settore (UNSIC-UNSICOOP-CONFIAL)"
"Verbale di accordo per il rinnovo del CCNL per il personale non imbarcato dipendente da cooperative esercenti attività di pesca marittima, attività di maricoltura, acquacoltura e vallicoltura";"Accordo di rinnovo";"Alimentaristi - Agroindustriale";"ACGI AGRITAL; FEDERCOOPESCA CONFCOOPERATIVE; LEGACOOP Agroalimentare Dipartimento Pesca; FAI CISL; FLAI CGIL; UILAPESCA";"26/07/2017";"01/08/2017";"";"31/12/2017";"PESCA: Cooperative"
"CCNL per i dipendenti delle aziende, i soci lavoratori e i dipendenti delle cooperative e loro consorzi che svolgono attività stagionale del settore turismo ai sensi dell'art. 1 DPR 11/07/1995 n. 378";"Testo definitivo";"Commercio";"CONFIMEA; FEDERTERZIARIO; CONFITER; IMPRESA ITALIA; CFC; UGL Terziario; UGL";"27/04/2017";"01/05/2017";"";"30/04/2020";"TURISMO: Attività Stagionale"
"Protocollo d'intesa per la sottoscrizione da parte di UAI - Unione del Terziario Commercio e Servizi - dei contratti inerenti le Aziende, le Cooperative, il commercio, il turismo e servizi, stipulati tra ANPIT, CIDEC, UNICA e CISAL TERZIARIO con l'assistenza della CISAL";"Verbale integrativo";"Commercio";"UAI Terziario; UAI PMI; CISAL TERZIARIO; CISAL";"05/06/2017";"";"";"";"VIGILANZA PRIVATA, INVESTIGAZIONI E SERVIZI FIDUCIARI"
"Protocollo d'intesa per la sottoscrizione da parte di UAI - Unione del Terziario Commercio e Servizi - dei contratti inerenti le Aziende, le Cooperative, il commercio, il turismo e servizi, stipulati tra ANPIT, CIDEC, UNICA e CISAL TERZIARIO con l'assistenza della CISAL";"Verbale integrativo";"Altri Vari";"UAI Terziario; UAI PMI; CISAL TERZIARIO; CISAL";"05/06/2017";"";"";"";"TERZIARIO E SERVIZI, FACILITY MANAGEMENT, LAVORAZIONI MECCANICHE, LAVORI EDILI AUSILIARI: Cooperative"
"CCNL per i lavoratori in somministrazione delle agenzie per il lavoro";"Testo definitivo";"Altri Vari";"SISTEMA LAVORO; SISTEMA IMPRESA; FESICA CONFSAL; CONFSAL FISALS; CONFSAL";"12/12/2016";"15/12/2016";"";"14/12/2019";"LAVORATORI IN SOMMINISTRAZIONE"
"Verbale di Accordo per il rinnovo del CCNL per le imprese del sistema industriale integrato di beni e servizi tessili e medici affini";"Verbale integrativo";"Tessili";"ASSOSISTEMA; FEMCA CISL; FILCTEM CGIL; UILTEC UIL";"11/05/2017";"01/07/2015";"";"31/03/2019";"LAVANDERIE, TINTORIE ... : Industrie"
"CCNL per i dipendenti da aziende operanti nel settore alimentare, agroalimentare ed affini";"Testo definitivo";"Alimentaristi - Agroindustriale";"LEGA IMPRESA; FILAP; CIU";"29/05/2017";"01/06/2017";"";"31/12/2019";"ALIMENTARE, AGROALIMENTARE ED AFFINI"
"CCNL per gli addetti delle imprese del settore edile e attività affini";"Testo definitivo";"Edilizia";"LEGA IMPRESA; FILAP; CIU";"29/05/2017";"01/07/2017";"";"30/06/2020";"EDILI: imprese edili e affini (LEGA IMPRESA)"
"CCNL per le aziende esercenti l'industria della carta e cartone, della cellulosa, pasta legno, fibra vulcanizzata e presfibra e per le aziende cartotecniche e trasformatrici della carta e del cartone";"Testo definitivo";"Poligrafici e Spettacolo";"ASSOCARTA; ASSOGRAFICI; SLC CGIL; FISTEL CISL; UILCOM UIL; UGL CARTA E STAMPA";"30/11/2016";"01/01/2017";"";"31/12/2019";"CARTARIE E CARTOTECNICHE: Industrie"
"CCNL per i dipendenti delle imprese edili e affini";"Testo definitivo";"Edilizia";"ANPE; ALPAI; AIFES";"26/09/2017";"01/10/2017";"";"30/09/2020";"EDILI: imprese edili e affini (ANPE-ALPAI-AIFES)"
"CCNL per i Lavoratori Domestici";"Testo definitivo";"Commercio";"FAPI; CESAC; FILDI CIU";"05/10/2017";"05/10/2017";"";"04/10/2020";"Lavoratori Domestici (FAPI-CESAC-FILDI CIU)"
"ESAARCO CCNL per il personale teatrale artistico e tecnico";"Testo definitivo";"Poligrafici e Spettacolo";"CEPA A; ESAARCO; ESAARCO Servizi e Terziario; SAI; ONAPS; CLI; FISNALCTA UGL";"05/10/2017";"05/10/2017";"";"05/10/2019";"TEATRI: Personale Artistico e Tecnico (ESAARCO)"
"ESAARCO CCNL per i dipendenti da aziende industriali del settore del Tessile Abbigliamento Moda";"Testo definitivo";"Tessili";"CEPA A; ESAARCO; ESAARCO Servizi e Terziario; SAI; ONAPS; CLI; FISNALCTA UGL";"05/10/2017";"05/10/2017";"";"05/10/2019";"TESSILI ABBIGLIAMENTO MODA: Industrie (ESAARCO)"
"CCNL per i dipendenti dei settori: Turismo - Pubblici Esercizi - Agenzie di Viaggi - Sale Bingo";"Testo definitivo";"Commercio";"PMI ITALIA; SELP";"01/12/2017";"01/01/2018";"";"31/12/2020";"TURISMO, PUBBLICI ESERCIZI, AGENZIE DI VIAGGI, SALE BINGO"
"CCNL MULTISETTORIALE per i dipendenti delle micro, piccole e medie imprese del settore Commercio, Terziario, Servizi, Pubblici Esercizi e Turismo, Trasporti e Logistica";"Testo definitivo";"Altri Vari";"CONFIMPRESAITALIA; LEGA IMPRESA; CIU";"24/10/2017";"31/10/2017";"";"31/10/2020";"MULTISETTORIALE: micro, piccole e medie imprese (CONFIMPRESAITALIA - LEGA IMPRESA - CIU)"
"CCNL sulla disciplina del rapporto di lavoro domestico";"Testo definitivo";"Commercio";"ANAP; SELP; LIBERO SINDACATO COLF E BADANTI; (sottoscritto il 27/6/2018 da PMI ITALIA; adesione di FILDA in data 01/07/2021)";"14/12/2016";"01/01/2017";"";"31/12/2019";"LAVORO DOMESTICO (ANAP - SELP - LIBERO SINDACATO COLF E BADANTI)"
"Testo contrattuale completo con le modifiche apportate dall'Accordo di rinnovo del CCNL per i dipendenti del Turismo e dei Pubblici Esercizi";"Testo definitivo";"Commercio";"SISTEMA IMPRESA; FESICA CONFSAL; CONFSAL FISALS; CONFSAL";"26/10/2017";"01/11/2017";"";"31/10/2020";"TURISMO E PUBBLICI ESERCIZI"
"CCNL per i dipendenti della Piccola e Media Industria MODA - CHIMICA CERAMICA - DECORAZIONE PIASTRELLE IN TERZO FUOCO";"Accordo di rinnovo";"Altri Vari";"CNA Federmoda; CNA Produzione; CNA Artistico e Tradizionale; CONFARTIGIANATO Moda; CONFARTIGIANATO Chimica; CONFARTIGIANATO Ceramica; CASARTIGIANI; CLAAI; FILCTEM CGIL; FEMCA CISL; UILTEC UIL";"07/11/2017";"";"";"31/12/2018";"MODA, CHIMICA CERAMICA E DECORAZIONE PIASTRELLE IN 3° FUOCO (PMI)"
"CCNL per addetti delle aziende e delle cooperative Agricole, Agrituristiche e Florovivaiste";"Testo definitivo";"Agricoltura";"LEGA IMPRESA; UIPA; FILAP; CIU";"25/11/2017";"01/11/2017";"";"31/10/2020";"AZIENDE E COOPERATIVE AGRICOLE, AGRITURISTICHE E FLOROVIVAISTE"
"CCNL di Colf e Badanti";"Testo definitivo";"Commercio";"LEGA IMPRESA; UIDD; FILAP; FILAP Terzo Settore; CIU";"25/11/2017";"01/12/2017";"";"28/02/2021";"COLF E BADANTI (LEGA IMPRESA-UIDD-FILAP-CIU)"
"CCNL per i lavoratori delle cooperative esercenti attività nel settore Taxi, radio Taxi e settori strumentali e collaterali al trasporto pubblico locale non di linea";"Testo definitivo";"Trasporti";"FEDERLAVORO E SERVIZI CONFCOOPERATIVE; LEGACOOP SERVIZI; AGCI SERVIZI; UNICA TAXI FILT CGIL; FIT CISL; UILTRASPORTI";"29/11/2016";"01/03/2015";"";"28/02/2019";"TAXI"
"CCNL per gli addetti del settore Edile e attività affini";"Testo definitivo";"Edilizia";"FOR ITALY; FAMAR; CONFAMAR";"25/01/2018";"01/02/2018";"";"31/01/2021";"EDILI: Imprese del settore edile e attività affini (FOR ITALY - FAMAR)"
"Accordo Collettivo Nazionale per i collaboratori telefonici dei call center";"Testo definitivo";"Commercio";"ASSOCALL CONFCOMMERCIO; UGL TERZIARIO; (sottoscritto per adesione da ASSOCONTACT CONFCOMMERCIO il 28/3/2019)";"01/03/2018";"01/01/2017";"";"31/12/2021";"COLLABORATORI TELEFONICI DEI CALL CENTER"
"Ipotesi di accordo di rinnovo del CCNL Area Legno-Lapidei";"Accordo di rinnovo";"Edilizia";"CNA Produzione; CNA Costruzioni; CONFARTIGIANATO Legno e Arredo; CONFARTIGIANATO Marmisti; CASARTIGIANI; CLAAI; FENEAL UIL; FILCA CISL; FILLEA CGIL";"13/03/2018";"01/01/2016";"";"31/12/2018";"Area LEGNO LAPIDEI: Artigiane"
"CCNL di rinnovo per i dipendenti dell'Accordo nazionale a valere per i lavoratori addetti al servizio di vigilanza armata a bordo di navi mercantili battenti bandiera italiana che transitano in acque internazionali a rischio pirateria";"Testo definitivo";"Commercio";"G7 International srl; UGL Sicurezza Civile";"16/03/2018";"01/04/2018";"";"31/12/2021";"VIGILANZA ARMATA A BORDO DI NAVI MERCANTILI BATTENTI BANDIERA ITALIANA"
"CCNL per i dipendenti da imprese edili ed affini";"Testo definitivo";"Edilizia";"ASP; CONSIL";"26/02/2018";"12/03/2018";"";"11/03/2021";"EDILI: imprese edili ed affini (ASP-CONSIL)"
"CCNL per imprese esercenti servizi postali in appalto";"Testo definitivo";"Aziende di Servizi";"FISE ASSOPOSTE; SLC CGIL; SLP CISL; UIL POSTE; UILTRASPORTI";"15/06/2012";"01/01/2011";"";"31/12/2013";"SERVIZI POSTALI IN APPALTO"
"Ipotesi di accordo per il rinnovo del CCNL 15 giugno 2012 per il personale dipendente da imprese esercenti servizi postali in appalto";"Accordo di rinnovo";"Aziende di Servizi";"FISE ASSOPOSTE; SLC CGIL; SLP CISL; UIL POST";"22/12/2015";"01/01/2014";"";"31/12/2016";"SERVIZI POSTALI IN APPALTO"
"Ipotesi di accordo per il rinnovo del CCNL 8 febbraio 2011 per il personale dipendente da imprese private operanti nel settore della distribuzione, del recapito e dei servizi postali";"Accordo di rinnovo";"Aziende di Servizi";"FISE ARE; SLC CGIL; SLP CISL; UIL POST";"02/04/2015";"01/01/2013";"";"31/12/2015";"RECAPITO CORRISPONDENZA"
"CCNL dei lavoratori dei porti";"Testo definitivo";"Trasporti";"ASSOPORTI; ASSITERMINAL; ASSOLOGISTICA; FISE UNIPORT; FILT CGIL; FIT CISL; UILTRASPORTI";"15/12/2015";"01/01/2016";"";"31/12/2018";"PORTUALI: Lavoratori dei Porti"
"CCNL tessile e pelletteria";"Testo definitivo";"Tessili";"CONAPI; CNAL";"03/04/2018";"03/04/2018";"";"02/04/2021";"TESSILE E PELLETTERIA (CONAPI-CNAL)"
"Ipotesi di Accordo per il rinnovo del CCNL per le imprese del sistema industriale integrato di beni e servizi tessili e medici affini";"Accordo di rinnovo";"Tessili";"ASSOSISTEMA; FEMCA CISL; FILCTEM CGIL; UILTEC UIL";"13/07/2016";"01/07/2015";"";"31/03/2019";"LAVANDERIE, TINTORIE ... : Industrie"
"CCNL addetti Guardiania e Portierato";"Testo definitivo";"Commercio";"SIDA; Sindacato SLI";"11/04/2018";"01/04/2017";"";"31/03/2020";"GUARDIANIA E PORTIERATO"
"Verbale integrativo al CCNL per addetti delle aziende e delle cooperative Agricole, Agrituristiche e Florovivaiste";"Verbale integrativo";"Agricoltura";"LEGA IMPRESA; UIPA; FEDAGRID; FILAP; CIU; CONFELP";"25/11/2017";"01/11/2017";"";"31/10/2020";"AZIENDE E COOPERATIVE AGRICOLE, AGRITURISTICHE E FLOROVIVAISTE"
"CCNL unico delle micro, piccole e medie imprese esercenti l'attività nel settore del commercio e terziario";"Testo definitivo";"Commercio";"CSE; CSE FULSCAM; CSE FILAI; CONFENAL CSE; CONFENAL FEDITES; CONFIMPRESEITALIA; ASSEOPE; CONFAE";"06/03/2018";"06/03/2018";"";"06/04/2021";"TERZIARIO, COMMERCIO E SERVIZI - CONFIMPRESEITALIA-CSE"
"CCNL micro, piccole e medie imprese esercenti l’attività nel settore del turismo e pubblici esercizi";"Testo definitivo";"Commercio";"CSE; CSE FULSCAM; CSE FNILAPMI; CONFENAL; CONFENAL FEDERESERCIZI; CONFIMPRESEITALIA; ASSEOPE; CONFAE";"06/03/2018";"06/03/2018";"";"06/04/2021";"TURISMO: micro piccole medie imprese del settore - CONFIMPRESEITALIA-CSE"
"CCNL dei trasporti, spedizione merci, logistica ed attività affini e/o ausiliarie";"Testo definitivo";"Trasporti";"CSE; CSE FNILT; CSE FNILAPMI; CONFENAL; FENALTRAS; CONFIMPRESEITALIA; CONFAE";"06/03/2018";"06/03/2018";"";"06/04/2021";"AUTOTRASPORTO E SPEDIZIONE MERCI (CONFIMPRESEITALIA-CSE)"
"CCNL del lavoro domestico";"Testo definitivo";"Commercio";"CSE; CSE FNLEI; CSE FILAI; CONFENAL; CONFIMPRESEITALIA; CONFAE";"06/03/2018";"06/03/2018";"";"06/04/2021";"LAVORO DOMESTICO (CONFIMPRESEITALIA-CSE)"
"ESAARCO CCNL per gli impiegati agricoli";"Testo definitivo";"Agricoltura";"CIU; ESAARCO; ESAARCO Agricoltura; ESAARCO FER; ESAARCO ASSO PONTEGGI; SAI; CEPA A; FISNALCTA; SI CEL; CLI CIU; FLAAF CLI CIU; ONAPS";"30/03/2018";"30/03/2018";"";"29/03/2021";"AGRICOLTURA: Impiegati (ESAARCO)"
"ESAARCO CCNL per gli operai agricoli e florovivaisti";"Testo definitivo";"Agricoltura";"CIU; ESAARCO; ESAARCO Agricoltura; ESAARCO FER; ESAARCO ASSO PONTEGGI; SAI; CEPA A; FISNALCTA; SI CEL; CLI CIU; FLAAF CLI CIU; ONAPS";"30/03/2018";"30/03/2018";"";"29/03/2021";"AGRICOLTURA: Operai e Florovivaisti (ESAARCO)"
"ESAARCO CCNL per i dipendenti addetti alle attività di sistemazione idraulico forestale e idraulico agraria";"Testo definitivo";"Agricoltura";"CIU; ESAARCO; CEPA A; ESAARCO Federcoop; ESAARCO Agricoltura; SAI; ESAARCO ASSO PONTEGGI; ESAARCO FER; FISNALCTA UGL; SI CEL; ONAPS; CLI CIU; FLAAF CLI CIU";"30/03/2018";"30/03/2018";"";"29/03/2021";"SISTEMAZIONI IDRAULICO FORESTALI (ESAARCO)"
"ESAARCO CCNL per i dipendenti da istituti e imprese di vigilanza privata e servizi fiduciari";"Testo definitivo";"Commercio";"CIU; CEPA A; ESAARCO; ESAARCO Vigilanza e Sicurezza; SAI; ESAARCO Federcoop; FISNALCTA; SI CEL; ONAPS; CLI CIU";"30/03/2018";"30/03/2018";"";"29/03/2021";"VIGILANZA PRIVATA E SERVIZI FIDUCIARI (ESAARCO)"
"ESAARCO CCNL per i dipendenti dalle imprese artigiane esercenti servizi di pulizia, disinfezione, disinfestazione, derattizzazione e sanificazione";"Testo definitivo";"Aziende di Servizi";"CEPA A; ESAARCO; ESAARCO Artigianato; SAI; ESAARCO Federcoop; ESAARCO FER; ESAARCO ASSO PONTEGGI; CILA; FISNALCTA; SI CEL; ONAPS; CLI CIU; FENALC CLI CIU; FNLA CLI CIU";"30/03/2018";"30/03/2018";"";"29/03/2021";"PULIZIA: Imprese Artigiane (ESAARCO)"
"ESAARCO CCNL per i dipendenti delle aziende e società cooperative del settore trasporto viaggiatori, trasporto innovativo e delle centrali radio taxi";"Testo definitivo";"Trasporti";"CIU; CEPA A; ESAARCO; ESAARCO Autotrasporti; SAI; FISNALCTA; SI CEL; ONAPS; CLI CIU";"30/03/2018";"30/03/2018";"";"29/03/2021";"TRASPORTO VIAGGIATORI, TRASPORTO INNOVATIVO E CENTRALI RADIO TAXI (ESAARCO)"
"ESAARCO CCNL per i dipendenti dalle imprese artigiane metalmeccaniche e della installazione di impianti";"Testo definitivo";"Meccanici";"CIU; CEPA A; ESAARCO; ESAARCO Artigianato; SAI; ESAARCO ASSO PONTEGGI; ESAARCO FER; CILA; FISNALCTA; SI CEL; ONAPS; CLI CIU; FNLA CLI CIU";"30/03/2018";"30/03/2018";"";"29/03/2021";"METALMECCANICA: artigiani (ESAARCO)"
"ESAARCO CCNL per i dipendenti da aziende del terziario di mercato: distribuzione e servizi";"Testo definitivo";"Commercio";"CIU; CEPA A; ESAARCO; ESAARCO Servizi e Terziario; SAI; ESAARCO Federcoop; ESAARCO FER; FISNALCTA; SI CEL; ONAPS; CLI CIU; FNAOPS CLI CIU";"30/03/2018";"30/03/2018";"";"29/03/2021";"TERZIARIO DI MERCATO: DISTRIBUZIONE E SERVIZI (ESAARCO)"
"ESAARCO CCNL per i dipendenti da farmacie private";"Testo definitivo";"Commercio";"CIU; CEPA A; ESAARCO; ESAARCO Sanità; SAI; ESAARCO Federcoop; ESAARCO FER; FISNALCTA; SI CEL; ONAPS; CLI CIU; FNAOPS CLI CIU; FENAL Sanità";"30/03/2018";"30/03/2018";"";"29/03/2021";"FARMACIE PRIVATE (ESAARCO)"
"ESAARCO CCNL per i dipendenti da imprese edili e affini";"Testo definitivo";"Edilizia";"CIU; CEPA A; ESAARCO; ESAARCO Costruttori edili e affini; SAI; ESAARCO ASSO PONTEGGI; ESAARCO FER; UGL FNLE; SI CEL; ONAPS; CLI CIU";"30/03/2018";"30/03/2018";"";"29/03/2021";"EDILI: imprese edili e affini (ESAARCO)"
"ESAARCO CCNL per i dipendenti da imprese esercenti servizi di pulizia e servizi integrati/multiservizi";"Testo definitivo";"Aziende di Servizi";"CEPA A; ESAARCO; ESAARCO Industria; SAI; ESAARCO Federcoop; ESAARCO FER; ESAARCO ASSO PONTEGGI; FISNALCTA; SI CEL; ONAPS; CLI CIU; FENALC CLI CIU";"30/03/2018";"30/03/2018";"";"29/03/2021";"PULIZIA: Imprese (ESAARCO)"
"ESAARCO CCNL per i dipendenti da Studi Odontoiatri";"Testo definitivo";"Commercio";"CIU; CEPA A; ESAARCO; ESAARCO Servizi e Terziario; SAI; ESAARCO Federcoop; ESAARCO FER; FISNALCTA; SI CEL; ONAPS; CLI CIU; FNAOPS CLI CIU; FENAL Sanità";"30/03/2018";"30/03/2018";"";"29/03/2021";"Studi Odontoiatri (ESAARCO)"
"ESAARCO CCNL per i dipendenti dalle aziende cooperative metalmeccaniche";"Testo definitivo";"Meccanici";"CIU; CEPA A; ESAARCO; SAI; ESAARCO ASSO PONTEGGI; ESAARCO FER; FISNALCTA; SI CEL; ONAPS; CLI CIU; FNLM CLI CIU";"30/03/2018";"30/03/2018";"";"29/03/2021";"METALMECCANICA: Cooperative (ESAARCO)"
"ESAARCO CCNL per i dipendenti da Studi Professionali";"Testo definitivo";"Commercio";"CIU; CEPA A; ESAARCO; ESAARCO Servizi e Terziario; SAI; ESAARCO Federcoop; ESAARCO FER; FISNALCTA; SI CEL; ONAPS; CLI CIU; FNAOPS CLI CIU";"30/03/2018";"30/03/2018";"";"29/03/2021";"Studi Professionali (ESAARCO)"
"ESAARCO CCNL per i dipendenti dagli istituti per il sostentamento del clero";"Testo definitivo";"Altri Vari";"CIU; CEPA A; ESAARCO; ESAARCO Sanità; SAI; ESAARCO Federcoop; ESAARCO FER; FISNALCTA; SI CEL; ONAPS; CLI CIU; FNAOPS CLI CIU";"30/03/2018";"30/03/2018";"";"29/03/2021";"ISTITUTI PER IL SOSTENTAMENTO DEL CLERO (ESAARCO)"
"ESAARCO CCNL per i dipendenti dalle autoscuole e dagli studi di consulenza automobilistica";"Testo definitivo";"Trasporti";"CIU; CEPA A; ESAARCO; ESAARCO Autotrasporti; SAI; FISNALCTA; SI CEL; ONAPS; CLI CIU";"30/03/2018";"30/03/2018";"";"29/03/2021";"AUTOSCUOLE E STUDI DI CONSULENZA AUTOMOBILISTICA (ESAARCO)"
"ESAARCO CCNL per i dipendenti dalle imprese di acconciatura, estetica, tricologia non curativa, tatuaggio, piercing e centri benessere";"Testo definitivo";"Commercio";"CIU; CEPA A; ESAARCO; ESAARCO Artigianato; SAI; ESAARCO Federcoop; CILA; FISNALCTA; SI CEL; ONAPS; CLI CIU; FNLA CLI CIU";"30/03/2018";"30/03/2018";"";"29/03/2021";"Acconciatura, estetica,... (ESAARCO)"
"ESAARCO CCNL per i dipendenti dalle industrie metalmeccaniche private e della installazione di impianti";"Testo definitivo";"Meccanici";"CIU; CEPA A; ESAARCO; ESAARCO Industria; SAI; ESAARCO ASSO PONTEGGI; ESAARCO FER; FISNALCTA; SI CEL; ONAPS; CLI CIU; FNLM CLI CIU";"30/03/2018";"30/03/2018";"";"29/03/2021";"METALMECCANICA: Industrie (ESAARCO)"
"ESAARCO CCNL per i dipendenti degli istituti scolastici-educativi gestiti da enti ecclesiastici";"Testo definitivo";"Enti e Istituzioni Private";"CIU; CEPA A; ESAARCO; ESAARCO Scuole e Formazione Professionale; SAI; ESAARCO Federcoop; FISNALCTA; SI CEL; ONAPS; CLI CIU; FENALS CGS";"30/03/2018";"30/03/2018";"";"29/03/2021";"ISTITUTI SCOLASTICI-EDUCATIVI GESTITI DA ENTI ECCLESIASTICI (ESAARCO)"
"ESAARCO CCNL per i dipendenti degli istituti scolastici gestiti da enti privati";"Testo definitivo";"Enti e Istituzioni Private";"CIU; CEPA A; ESAARCO; ESAARCO Scuole e Formazione Professionale; SAI; ESAARCO Federcoop; FISNALCTA; SI CEL; ONAPS; CLI CIU; FENALS CGS";"30/03/2018";"30/03/2018";"";"29/03/2021";"ISTITUTI SCOLASTICI GESTITI DA ENTI PRIVATI (ESAARCO)"
"ESAARCO CCNL per i dipendenti dei consorzi agrari";"Testo definitivo";"Agricoltura";"CIU; ESAARCO; ESAARCO Federcoop; ESAARCO Agricoltura; ESAARCO FER; ESAARCO ASSO PONTEGGI; SAI; CEPA A; FISNALCTA; SI CEL; CLI CIU; FLAAF CLI CIU; ONAPS";"30/03/2018";"30/03/2018";"";"29/03/2021";"CONSORZI AGRARI (ESAARCO)"
"ESAARCO CCNL per i dipendenti dei consorzi di bonifica e di miglioramento fondiario";"Testo definitivo";"Agricoltura";"CIU; ESAARCO; ESAARCO Federcoop; ESAARCO Agricoltura; ESAARCO FER; ESAARCO ASSO PONTEGGI; SAI; CEPA A; FISNALCTA; SI CEL; CLI CIU; FLAAF CLI CIU; ONAPS";"30/03/2018";"30/03/2018";"";"29/03/2021";"CONSORZI di Bonifica e di Miglioramento Fondiario (ESAARCO)"
"ESAARCO CCNL per i dipendenti delle cooperative e consorzi agricoli";"Testo definitivo";"Agricoltura";"CIU; ESAARCO; ESAARCO Federcoop; ESAARCO Agricoltura; ESAARCO FER; ESAARCO ASSO PONTEGGI; SAI; CEPA A; FISNALCTA; SI CEL; CLI CIU; FLAAF CLI CIU; ONAPS";"30/03/2018";"30/03/2018";"";"29/03/2021";"AGRICOLTURA: Cooperative e Consorzi Agricoli (ESAARCO)"
"ESAARCO CCNL per i dipendenti delle cooperative di produzione e lavoro dell'edilizia e attività affini";"Testo definitivo";"Edilizia";"CEPA A; ESAARCO; ESAARCO Costruttori edili e affini; SAI; ESAARCO Federcoop; ESAARCO ASSO PONTEGGI; ESAARCO FER; UGL FNLE; CLI CIU; SI CEL; ONAPS";"30/03/2018";"30/03/2018";"";"29/03/2021";"EDILI: Cooperative di Produzione e Lavoro (ESAARCO)"
"ESAARCO CCNL per i dipendenti delle imprese artigiane edili e affini";"Testo definitivo";"Edilizia";"CEPA A; ESAARCO; ESAARCO Costruttori edili e affini; ESAARCO Artigianato; SAI; ESAARCO ASSO PONTEGGI; ESAARCO FER; CILA; UGL FNLE; SI CEL; ONAPS; CLI CIU; FNLA CLI CIU";"30/03/2018";"30/03/2018";"";"29/03/2021";"EDILI: imprese artigiane edili e affini (ESAARCO)"
"ESAARCO CCNL per i dipendenti delle piccole e medie industrie edili e affini";"Testo definitivo";"Edilizia";"CIU; CEPA A; ESAARCO; ESAARCO Costruttori edili e affini; SAI; ESAARCO ASSO PONTEGGI; ESAARCO FER; UGL FNLE; SI CEL; ONAPS; CLI CIU";"30/03/2018";"30/03/2018";"";"29/03/2021";"EDILI: PMI e affini (ESAARCO)"
"ESAARCO CCNL per i dipendenti delle piccole e medie industrie metalmeccaniche e di installazione di impianti";"Testo definitivo";"Meccanici";"CEPA A; ESAARCO; ESAARCO Industria; SAI; ESAARCO ASSO PONTEGGI; ESAARCO FER; FISNALCTA; SI CEL; ONAPS; CLI CIU; FNLM CLI CIU";"30/03/2018";"30/03/2018";"";"29/03/2021";"METALMECCANICA: PMI (ESAARCO)"
"ESAARCO CCNL per i dipendenti delle PMI operanti nel settore Comunicatori d'impresa";"Testo definitivo";"Poligrafici e Spettacolo";"CEPA A; ESAARCO; SAI; ESAARCO Servizi e Terziario; ESAARCO FER; FISNALCTA; SI CEL; ONAPS; CLI CIU";"30/03/2018";"30/03/2018";"";"29/03/2021";"COMUNICATORI D'IMPRESA: P.M.I. (ESAARCO)"
"ESAARCO CCNL per i dipendenti dalle scuole non statali";"Testo definitivo";"Enti e Istituzioni Private";"CIU; ESAARCO; CEPA A; ESAARCO Federcoop; ESAARCO Scuole e Formazione Professionale; SAI; FISNALCTA; FENALS CGS; SI CEL; ONAPS; CLI CIU";"30/03/2018";"30/03/2018";"";"29/03/2021";"SCUOLE NON STATALI (ESAARCO)"
"ESAARCO CCNL per i medici dipendenti dalle case di cura private laiche e religiose e da centri di riabilitazione";"Testo definitivo";"Enti e Istituzioni Private";"CIU; CEPA A; ESAARCO; ESAARCO Sanità; SAI; ESAARCO Federcoop; ESAARCO FER; FISNALCTA; SI CEL; ONAPS; CLI CIU; FNAOPS CLI CIU; FENAL Sanità";"30/03/2018";"30/03/2018";"";"29/03/2018";"CASE DI CURA PRIVATE E CENTRI DI RIABILITAZIONE: Medici (ESAARCO)"
"ESAARCO CCNL per il personale dipendente da residenze sanitarie assistenziali (RSA) e dalle altre strutture residenziali e socio-assistenziali";"Testo definitivo";"Enti e Istituzioni Private";"CIU; CEPA A; ESAARCO; ESAARCO Sanità; SAI; ESAARCO Federcoop; ESAARCO FER; FISNALCTA; SI CEL; ONAPS; CLI CIU; FNAOPS CLI CIU; FENAL Sanità";"30/03/2018";"30/03/2018";"";"29/03/2021";"RSA E ALTRE STRUTTURE RESIDENZIALI E SOCIO-ASSISTENZIALI (ESAARCO)"
"ESAARCO CCNL per il personale dipendente dalle realtà del settore assistenziale, sociale, socio-sanitario, educativo";"Testo definitivo";"Enti e Istituzioni Private";"CIU; CEPA A; ESAARCO; ESAARCO Sanità; SAI; ESAARCO Federcoop; ESAARCO FER; FISNALCTA; SI CEL; ONAPS; CLI CIU; FNAOPS CLI CIU; FENAL Sanità";"30/03/2018";"30/03/2018";"";"29/03/2021";"REALTA' DEL SETTORE ASSISTENZIALE,SOCIALE, SOCIO-SANITARIO, EDUCATIVO (ESAARCO)"
"ESAARCO CCNL per il personale dipendente da cooperative eserceni attività di pesca marittima, maricoltura, acquacoltura e vallicoltura";"Testo definitivo";"Alimentaristi - Agroindustriale";"CEPA A; ESAARCO; ESAARCO Pesca; SAI; ESAARCO Federcoop; ESAARCO FER; ESAARCO ASSO PONTEGGI; FISNALCTA; SI CEL; ONAPS; CLI CIU; FNLP CLI CIU";"30/03/2018";"30/03/2018";"";"29/03/2021";"PESCA: Cooperative (ESAARCO)"
"ESAARCO CCNL per il personale dipendente imbarcato su natanti di cooperative di pesca marittima";"Testo definitivo";"Alimentaristi - Agroindustriale";"CIU; ESAARCO; CEPA A; ESAARCO Pesca; ESAARCO Federcoop; SAI; ESAARCO FER; ESAARCO ASSO PONTEGGI; FISNALCTA; SI CEL; ONAPS; CLI CIU; CLI CIU FNLP";"30/03/2018";"30/03/2018";"";"29/03/2021";"PESCA MARITTIMA: Cooperative (ESAARCO)"
"ESAARCO CCNL per il personale non medico dipendente da case di cura private laiche e religiose e da centri di riabilitazione";"Testo definitivo";"Enti e Istituzioni Private";"CIU; CEPA A; ESAARCO; ESAARCO Sanità; SAI; ESAARCO Federcoop; ESAARCO FER; FISNALCTA; SI CEL; ONAPS; CLI CIU; FNAOPS CLI CIU; FENAL Sanità";"30/03/2018";"30/03/2018";"";"29/03/2021";"CASE DI CURA PRIVATE E CENTRI DI RIABILITAZIONE (ESAARCO)"
"ESAARCO CCNL sulla disciplina del rapporto di lavoro domestico";"Testo definitivo";"Commercio";"CEPA A; ESAARCO; ESAARCO Sanità; SAI; ESAARCO Federcoop; UNICOLF ESAARCO; FISNALCTA; SI CEL; ONAPS; CLI CIU; FNAOPS CLI CIU; ASSOCOLF CLI CIU";"30/03/2018";"30/03/2018";"";"29/03/2021";"LAVORO DOMESTICO (ESAARCO)"
"CCNL per i Dirigenti, Quadri, Impiegati, Operai ed altri lavoratori dipendenti della piccola, media industria e impresa edile, dell'artigianato edile e affini, delle cooperative del settore edilizio";"Testo definitivo";"Edilizia";"CIU; CEPA A; ESAARCO; ESAARCO Costruttori Edili e Affini; ESAARCO Artigianato; SAI; ESAARCO ASSOPONTEGGI; ESAARCO FER; CILA; ESAARCO FEDERCOOP; UGL FNLE; FENALS CGS; SI CEL; CLI CIU; FNLA CLI CIU";"09/04/2018";"09/04/2018";"";"08/04/2021";"EDILI: P.M.I. Artigiane Cooperative"
"CCNL di facility management per le imprese e i lavoratori dipendenti delle Cooperative esercenti servizi di rifacimento camere, pulizia, facchinaggio e manutenzione nelle strutture ricettive turistico-alberghiere";"Testo definitivo";"Aziende di Servizi";"UNICOOP; UGL TERZIARIO; UGL";"28/05/2018";"28/05/2018";"";"28/05/2021";"FACILITY MANAGEMENT: Cooperative (UNICOOP-UGL)"
"CCNL per il personale dipendente dalle realtà del settore assistenziale, sociale, socio-sanitario, educativo, nonché da tutte le altre istituzioni di assistenza AGESPI";"Testo definitivo";"Enti e Istituzioni Private";"AGESPI; FP CGIL; FISASCAT FIST CISL; UILTUCS UIL; UIL FPL";"07/05/2018";"01/01/2017";"";"31/12/2019";"ISTITUTI SOCIO-SANITARI-ASSISTENZIALI (AGESPI)"
"CCNL per addetti di enti, aziende e cooperative del settore olistico (discipline bionaturali)";"Testo definitivo";"Altri Vari";"LEGA IMPRESA; FILAP; CIU; ASSOOLISTICA";"30/11/2017";"01/12/2017";"";"30/11/2021";"SETTORE OLISTICO: enti, aziende e cooperative"
"Protocollo d'intesa per la sottoscrizione da parte della PMI ITALIA confederazione sindacale datoriale dei CCNL per i dipendenti di aziende, cooperative e studi professionali dei settori: Acconciatura, Estetica - Lavoro Domestico - Sicurezza, Custodia e Vigilanza Privata - Studi Professionali - Metalmeccanico - Edili e Affini - Intersettoriale, Commercio e Terziario";"Verbale integrativo";"Meccanici";"PMI ITALIA; SELP";"27/06/2018";"";"";"";"METALMECCANICA: Imprese del comparto (ANAP-ALIM-SELP)"
"Protocollo d'intesa per la sottoscrizione da parte della PMI ITALIA confederazione sindacale datoriale dei CCNL per i dipendenti di aziende, cooperative e studi professionali dei settori: Acconciatura, Estetica - Lavoro Domestico - Sicurezza, Custodia e Vigilanza Privata - Studi Professionali - Metalmeccanico - Edili e Affini - Intersettoriale, Commercio e Terziario";"Verbale integrativo";"Edilizia";"PMI ITALIA; SELP";"27/06/2018";"";"";"";"EDILI: PMI ed affini (ANAP)"
"Accordo per l'applicazione del CCNL 7 marzo 2005 ai lavoratori dipendenti delle aziende aderenti alla FEAC";"Verbale integrativo";"Poligrafici e Spettacolo";"FEAC CONFESERCENTI; SLC CGIL; FISTEL CISL; UILCOM UIL";"28/09/2008";"";"";"";"CINEMA AUDIOVISIVI: Industrie"
"CCNL per i dipendenti da Istituti e Imprese di vigilanza privata e servizi fiduciari";"Testo definitivo";"Commercio";"ASSICUREZZA CONFESERCENTI; FILCAMS CGIL; FISASCAT CISL";"08/04/2013";"01/02/2013";"";"31/12/2015";"VIGILANZA PRIVATA E SERVIZI FIDUCIARI (ASSICUREZZA CONFESERCENTI)"
"Accordo di rinnovo del CCNL Turismo 4 marzo 2010";"Accordo di rinnovo";"Commercio";"ASSOTURISMO; FIEPET; FIBA; ASSOHOTEL; ASSOCAMPING; ASSOVIAGGI; CONFESERCENTI; FILCAMS CGIL; FISASCAT CISL; UILTUCS UIL";"18/07/2018";"01/01/2018";"";"31/12/2021";"TURISMO (AZIENDE CONFESERCENTI)"
"Verbale Integrativo Accordo di rinnovo del CCNL Area Comunicazione 27 febbraio 2018";"Verbale integrativo";"Poligrafici e Spettacolo";"CNA Comunicazione e Terziario Avanzato; CONFARTIGIANATO Comunicazione; CASARTIGIANI; CLAAI; SLC CGIL; FISTEL CISL; UILCOM UIL";"13/03/2018";"";"";"";"AREA COMUNICAZIONE - Imprese Artigiane"
"Ipotesi di accordo per il rinnovo del CCNL 8 febbraio 2011 per il personale dipendente da imprese private operanti nel settore della distribuzione, del recapito e dei servizi postali";"Accordo di rinnovo";"Aziende di Servizi";"CNA Agenzie di Recapito; SLC CGIL; SLP CISL; UIL POST";"08/07/2015";"01/01/2013";"";"31/12/2015";"RECAPITO CORRISPONDENZA (CNA)"
"Verbale Integrativo Accordo di rinnovo CCNL per i dipendenti della Piccola e Media Industria MODA - CHIMICA CERAMICA - DECORAZIONE PIASTRELLE IN TERZO FUOCO del 7 novembre 2017";"Verbale integrativo";"Altri Vari";"CNA Federmoda; CNA Produzione; CNA Artistico e Tradizionale; CONFARTIGIANATO Moda; CONFARTIGIANATO Chimica; CASARTIGIANI; CLAAI; FILCTEM CGIL; FEMCA CISL; UILTEC UIL";"17/01/2018";"";"";"";"MODA, CHIMICA CERAMICA E DECORAZIONE PIASTRELLE IN 3° FUOCO (PMI)"
"CCNL Colf e Badanti";"Testo definitivo";"Commercio";"DDOMIA; SISTEMA IMPRESA; FESICA CONFSAL; CONFSAL FISALS; CONFSAL";"25/06/2018";"01/07/2018";"";"30/06/2021";"COLF E BADANTI (SISTEMA IMPRESA-CONFSAL)"
"CCNL per i dipendenti da aziende di pulimento e multiservizi";"Testo definitivo";"Aziende di Servizi";"CONAPI; CNAL";"18/01/2018";"18/01/2018";"";"17/01/2021";"PULIZIA: Aziende di pulimento e multiservizi (CNAL)"
"Ipotesi di accordo per il rinnovo del CCNL 29 luglio 2013";"Accordo di rinnovo";"Poligrafici e Spettacolo";"CONFAPI; UNIGEC CONFAPI; UNIMATICA CONFAPI; FISTEL CISL; SLC CGIL; UILCOM UIL";"09/07/2018";"01/07/2015";"";"31/12/2019";"COMUNICAZIONE, INFORMATICA E SERVIZI INNOVATIVI: P.M.I."
"CCNL per gli operatori delle imprese del settore agroalimentaree attività affini";"Testo definitivo";"Alimentaristi - Agroindustriale";"FAGRI; FEDAPI; LEM; ULP";"18/07/2018";"18/07/2018";"";"31/07/2019";"AGROALIMENTARE E ATTIVITA' AFFINI (FAGRI-FEDAPI-LEM-ULP)"
"CCNL per gli imbarcati su natanti di cooperative di pesca";"Testo definitivo";"Alimentaristi - Agroindustriale";"AGCI AGRITAL; FEDERCOOPESCA CONFCOOPERATIVE; LEGAPESCA LEGACOOP; FAI CISL; FLAI CGIL: UILA PESCA";"20/02/2017";"01/01/2017";"";"31/12/2020";"PESCA MARITTIMA: Cooperative"
"CCNL per i dipendenti da aziende esercenti attività del settore "Commercio e Servizi"";"Testo definitivo";"Commercio";"FEDERAZIENDE CONFSAL; FEDALP CONFSAL; FEDERDIPENDENTI CIU";"01/07/2018";"01/07/2018";"";"30/06/2022";"COMMERCIO E SERVIZI (FEDERAZIENDE-FEDALP-FEDERDIPENDENTI)"
"CCNL per i dipendenti del Terziario: Commercio, Turismo, Distribuzione e Servizi";"Accordo di rinnovo";"Commercio";"FEDERIMPRESE; FEDERLAVORATORI";"27/07/2018";"01/08/2018";"";"31/07/2021";"DIPENDENTI DEL TERZIARIO: COMMERCIO, TURISMO, DISTRIBUZIONE E SERVIZI (FEDERIMPRESE-FEDERLAVORATORI)"
"Ipotesi di accordo di rinnovo del CCNL per gli addetti all'industria chimica, chimico-farmaceutica, delle fibre chimiche e dei settori abrasivi, lubrificanti e gpl";"Accordo di rinnovo";"Chimici";"FEDERCHIMICA; FARMINDUSTRIA; FILCTEM CGIL; FEMCA CISL; UILTEC UIL";"19/07/2018";"01/01/2019";"";"30/06/2022";"CHIMICO FARMACEUTICA e AFFINI: Industrie"
"Accordo interconfederale sulla bilateralità";"Verbale integrativo";"Commercio";"FEDERAZIENDE CONFSAL; FEDALP CONFSAL; FEDERDIPENDENTI CIU";"01/09/2018";"";"";"";"COMMERCIO E SERVIZI (FEDERAZIENDE-FEDALP-FEDERDIPENDENTI)"
"CCPL per il personale delle Fondazioni di cui alla legge provinciale 2 agosto 2005, n. 14";"Testo definitivo";"Enti e Istituzioni Private";"Fondazione Edmund Mach; Fondazione Bruno Kessler; CGIL; CISL; UIL";"30/07/2018";"01/01/2016";"";"31/12/2018";"FONDAZIONI (legge provinciale n. 14/2005)"
"CCNL per i dipendenti da imprese esercenti il noleggio autobus con conducente e le relative attività correlate";"Accordo di rinnovo";"Trasporti";"ANAV; FILT CGIL; FIT CISL; UILTRASPORTI";"26/07/2018";"01/01/2018";"";"31/12/2020";"NOLEGGIO AUTOBUS CON CONDUCENTE"
"Accordo per il rinnovo del CCNL 29/03/2006 per i dirigenti dei consorzi di bonifica e di miglioramento fondiario";"Accordo di rinnovo";"Agricoltura";"SNEBI; SINDICOB";"16/04/2018";"01/01/2017";"";"31/12/2020";"CONSORZI di Bonifica: Dirigenti"
"CCNL per gli ormeggiatori e barcaioli dei porti italiani";"Testo definitivo";"Trasporti";"ANGOPI; LEGACOOP Servizi; FILT CGIL; FIT CISL; UILTRASPORTI UIL";"29/06/2016";"01/07/2016";"";"30/06/2019";"MARITTIMI: Ormeggiatori e Barcaioli (cooperative)"
"CCNL per i lavoratori della piccola e media industria del legno, del sughero, del mobile e dell'arredamento, e per le industrie boschive e forestali";"Accordo di rinnovo";"Edilizia";"UNITAL CONFAPI; FILLEA CGIL; FILCA CISL; FENEAL UIL";"18/04/2017";"01/01/2016";"";"31/05/2019";"LEGNO, ARREDAMENTO: P.M.I."
"Verbale di accordo per l'incremento dei minimi retributivi in applicazione di quanto previsto dal CCNL 18 aprile 2017 per i lavoratori della piccola e media industria del legno, del sughero, del mobile e dell'arredamento, e per le industrie boschive e forestali";"Accordo economico";"Edilizia";"UNITAL CONFAPI; FILLEA CGIL; FILCA CISL; FENEAL UIL";"16/04/2018";"01/03/2018";"";"";"LEGNO, ARREDAMENTO: P.M.I."
"CCNL per i dipendenti dei Consorzi Agrari";"Accordo di rinnovo";"Agricoltura";"ASSOCAP; FLAI CGIL; FAI CISL; UILTUCS UIL; SINALCAP";"18/09/2014";"01/06/2012";"";"31/12/2015";"CONSORZI AGRARI: Operai e Impiegati"
"CCNL per i dipendenti dei Consorzi Agrari";"Accordo di rinnovo";"Agricoltura";"ASSOCAP; FLAI CGIL; FAI CISL; UILTUCS UIL; SINALCAP";"23/05/2017";"01/01/2016";"";"31/12/2019";"CONSORZI AGRARI: Operai e Impiegati"
"Ipotesi di accordo di rinnovo del CCNL per gli addetti all'industria chimica, chimico-farmaceutica, delle fibre chimiche e dei settori abrasivi, lubrificanti e gpl";"Accordo di rinnovo";"Chimici";"FEDERCHIMICA; FARMINDUSTRIA; UGL CHIMICI; FAILC CONFAIL; FIALC CISAL";"19/07/2018";"01/01/2019";"";"30/06/2022";"CHIMICO FARMACEUTICA e AFFINI: Industrie"
"CCNL per i dipendenti delle imprese pubbliche del settore funerario";"Testo definitivo";"Trasporti";"FEDERUTILITY; FP CGIL; FIT CISL; UILTRASPORTI UIL";"11/12/2014";"01/02/2013";"";"31/01/2016";"POMPE FUNEBRI: Agenzie Pubbliche"
"Ipotesi di accordo nazionale per il rinnovo del CCNL 11.12.2014 per i dipendenti delle imprese pubbliche del settore funerario";"Accordo di rinnovo";"Trasporti";"UTILITALIA; FP CGIL; FIT CISL; UILTRASPORTI UIL";"10/07/2018";"01/01/2018";"";"31/12/2020";"POMPE FUNEBRI: Agenzie Pubbliche"
"Protocollo d'intesa per la sottoscrizione da parte della PMI ITALIA confederazione sindacale datoriale dei CCNL per i dipendenti di aziende, cooperative e studi professionali dei settori: Acconciatura, Estetica - Lavoro Domestico - Sicurezza, Custodia e Vigilanza Privata - Studi Professionali - Metalmeccanico - Edili e Affini - Intersettoriale, Commercio e Terziario";"Verbale integrativo";"Commercio";"PMI ITALIA; SELP";"27/06/2018";"";"";"";"LAVORO DOMESTICO (ANAP - SELP - LIBERO SINDACATO COLF E BADANTI)"
"CCNL per i dipendenti del Lavoro Domestico";"Testo definitivo";"Commercio";"ANIAC; ADICOLF; SINALP; SLI";"18/10/2018";"18/10/2018";"";"31/12/2021";"LAVORO DOMESTICO (ANIAC-ADICOLF-SINALP-SLI)"
"CCNL della Mobilità / Area contrattuale Attività Ferroviarie (Ipotesi di accordo)";"Accordo di rinnovo";"Trasporti";"AGENS; FILT CGIL; FIT CISL; UILTRASPORTI; UGL TRASPORTI ATTIVITA' FERROVIARIE; FAST CONFSAL; ORSA FERROVIE; (per desione ANCP; UNIFERR; LEGACOOPSERVIZI; FEDERLAVORO CONFCOOPERATIVE)";"16/12/2016";"01/01/2015";"";"31/12/2017";"FERROVIE: Attivita' ferroviarie"
"Verbale di accordo di rinnovo del CCNL 9 aprile 2008 per i quadri direttivi e per il personale delle aree professionali dipendenti da Agenzia delle Entrate - Riscossione, Riscossione Sicilia ed Equitalia Giustizia SpA";"Accordo di rinnovo";"Credito Assicurazioni";"Agenzia delle Entrate Riscossione; Riscossione Sicilia SpA; Equitalia Giustizia SpA; FABI; FIRST CISL; FISAC CGIL; UILCA";"28/03/2018";"01/01/2016";"";"31/12/2018";"Concessionari Servizi Tributi"
"CCNL per i dipendenti delle aziende di lavorazione della foglia di tabacco secco allo stato sciolto Validità 1/1/2017 - 31/12/2020";"Testo definitivo";"Alimentaristi - Agroindustriale";"APTI; FLAI CGIL; FAI CISL; UILA UIL";"08/05/2017";"01/01/2017";"";"31/12/2020";"TABACCO: (Lavorazione del)"
"Verbale di incontro per la sottoscrizione da parte di Agens del CCNL Autoferrotranvieri e Internavigatori del 23 luglio 1976 e successivi accordi";"Verbale integrativo";"Trasporti";"ASSTRA; ANAV; FILT CGIL; FIT CISL; UILTRASPORTI UIL; FAISA CISAL; UGL FNA; AGENS";"24/01/2018";"";"";"";"AUTOFERROTRANVIERI"
"Ipotesi di accordo per il rinnovo del CCNL per gli addetti del settore orafo, argentiero e della gioielleria";"Accordo di rinnovo";"Meccanici";"CONFINDUSTRIA FEDERORAFI; FIM CISL; FIOM CGIL; UILM UIL";"18/05/2017";"01/06/2017";"";"30/06/2020";"ORAFI, ARGENTIERI: Industrie"
"Stesura CCNL 24 novembre 2015 per i dipendenti dalle aziende esercenti la produzione del cemento, della calce e suoi derivati, del gesso e relativi manufatti, delle malte e dei materiali di base per le costruzioni, nonché la produzione promiscua di cemento, calce, gesso e malte";"Testo definitivo";"Edilizia";"FEDERMACO; FENEAL UIL; FILCA CISL; FILLEA CGIL";"20/06/2016";"01/01/2016";"";"31/12/2018";"CEMENTO, CALCE, GESSO: Industrie"
"CCNL 3 maggio 2013 per i lavoratori dipendenti da aziende esercenti l'attività di escavazione e lavorazione dei materiali lapidei, ghiaia, sabbia e inerti";"Testo definitivo";"Edilizia";"CONFINDUSTRIA MARMOMACCHINE; ANEPLA; FENEAL UIL; FILCA CISL, FILLEA CGIL";"03/05/2013";"01/04/2013";"";"31/03/2016";"LAPIDEI (Estr. e Lavoraz.): Industrie"
"Accordo per il rinnovo del CCNL 3 maggio 2013 per i lavoratori dipendenti da aziende esercenti l'attività di escavazione e lavorazione dei materiali lapidei, ghiaia, sabbia e inerti";"Accordo di rinnovo";"Edilizia";"CONFINDUSTRIA MARMOMACCHINE; ANEPLA; FENEAL UIL; FILCA CISL, FILLEA CGIL";"28/06/2016";"01/04/2016";"";"31/03/2019";"LAPIDEI (Estr. e Lavoraz.): Industrie"
"CCNL per i dipendenti da imprese della distribuzione cooperativa";"Testo definitivo";"Commercio";"ANCC COOP; CONFCOOPERATIVE; AGCI; FILCAMS CGIL; FISASCAT CISL; UILTUCS UIL";"22/12/2011";"01/01/2011";"";"31/12/2013";"COMMERCIO: Cooperative di Consumo"
"CCNL per la regolamentazione dei rapporti di lavoro di natura giornalistica nelle testate periodiche di informazione a diffusione locale, nelle testate a diffusione nazionale no profit, nelle testate on line prevalentemente locali";"Testo definitivo";"Poligrafici e Spettacolo";"USPI; FNSI";"24/05/2018";"01/06/2018";"";"31/05/2020";"GIORNALISTI: testate periodiche a diffusione locale, no profit, on line"
"Convenzione per l'estensione del Contratto Nazionale di Lavoro Giornalistico";"Testo definitivo";"Poligrafici e Spettacolo";"RAI; UNIONE INDUSTRIALI ROMA; USIGRAI; FNSI";"13/03/2018";"";"";"";"GIORNALISTI: RAI (estensione CCNL)"
"Verbale di Accordo per il rinnovo del CCNL 19 aprile 2010 per i lavoratori dipendenti delle imprese edili ed affini e del CCNL Cooperative 26 aprile 2010";"Accordo di rinnovo";"Edilizia";"ANCE; ACI-PL (ANCPL LEGACOOP; FEDERLAVORO E SERVIZI CONFCOOPERATIVE; AGCI PRODUZIONE E LAVORO); FENEAL UIL; FILCA CISL; FILLEA CGIL";"01/07/2014";"01/07/2014";"";"30/06/2016";"EDILI: Industrie e Cooperative"
"Verbale di Accordo per il rinnovo del CCNL 1° luglio 2014 per i lavoratori dipendenti delle imprese edili ed affini e delle Cooperative";"Accordo di rinnovo";"Edilizia";"ANCE; LEGACOOP Produzione e Servizi; CONFCOOPERATIVE LAVORO E SERVIZI; AGCI Produzione e Lavoro; FENEAL UIL; FILCA CISL; FILLEA CGIL";"18/07/2018";"01/07/2018";"";"30/09/2020";"EDILI: Industrie e Cooperative"
"Accordo di rinnovo del CCNL per le cooperative e le imprese esercenti attività nel settore "RADIOTAXI E AUTOSERVIZI PUBBLICI NON DI LINEA E AFFINI"";"Accordo di rinnovo";"Trasporti";"URI; FAST TPNL; FAST CONFSAL; URI TAXI; CONFSAL";"11/09/2018";"01/09/2018";"";"31/12/2020";"RADIOTAXI"
"CCNL per i dipendenti di aziende artigiane e del settore industria: lavanderie e stirerie, lavorazione del legno per la produzione di mobili e complementi di arredo, panificazione, imprese di pulizia, cooperative e metalmeccanica in generale";"Testo definitivo";"Altri Vari";"FEDERIMPRESE; FEDERLAVORATORI";"27/11/2018";"01/12/2018";"";"30/11/2021";"AZIENDE ARTIGIANE E DEL SETTORE INDUSTRIA"
"Ipotesi immodificabile di accordo per il rinnovo del CCL per i dipendenti della SIPRA Società Italiana Pubblicità per Azioni";"Accordo di rinnovo";"Poligrafici e Spettacolo";"SIPRA; SLC CGIL; FISTEL CISL; UILCOM UIL";"23/11/2012";"01/01/2011";"";"31/12/2013";"PUBBLICITA' (SIPRA PUBLICITAS)"
"Ipotesi immodificabile di accordo per il rinnovo del CCL per Quadri e Impiegati di RAI Pubblicità";"Accordo di rinnovo";"Poligrafici e Spettacolo";"RAI PUBBLICITA'; SLC CGIL; FISTEL CISL; UILCOM UIL";"07/07/2018";"01/01/2014";"";"31/12/2018";"PUBBLICITA' (SIPRA PUBLICITAS)"
"CCNL per gli impiegati e i tecnici dipendenti dai Teatri";"Accordo di rinnovo";"Poligrafici e Spettacolo";"FEDERAZIONE SPETTACOLO DAL VIVO - FEDERVIVO; FONDAZIONE PLATEA; AGIS; SLC CGIL; FISTEL CISL; UILCOM UIL";"19/04/2018";"01/04/2018";"";"31/03/2021";"TEATRI: impiegati e tecnici"
"CCNL per il personale artistico, tecnico e amministrativo scritturato dai Teatri Nazionali, dai teatri di Rilevante interesse Culturale, dai Centri di produzione e dalle Compagnie teatrali professionali che rinnova e sostituisce il CCNL 20 novembre 2008 per il personale artistico e tecnico scritturato dai Teatri stabili e dalle Compagnie professionali di prosa";"Accordo di rinnovo";"Poligrafici e Spettacolo";"Fondazione per l'Arte Teatrale PLATEA; AIDAP; ANCRIT; ANTAC; ASTRA; ISP; AGIS; SLC CGIL; FISTEL CISL; UILCOM UIL";"19/04/2018";"01/04/2018";"";"31/03/2021";"TEATRI: Personale Artistico"
"Ipotesi di accordo per il rinnovo del CCNL per i dipendenti di aziende editrici e stampatrici di giornali quotidiani e agenzie di stampa";"Accordo di rinnovo";"Poligrafici e Spettacolo";"FIEG; ASIG; SLC CGIL; FISTEL CISL; UILCOM UIL";"19/02/2018";"01/04/2018";"";"31/12/2019";"GIORNALI E QUOTIDIANI: Operai e Impiegati"
"Ipotesi di accordo di rinnovo per il triennio 2014-2016 e, in via del tutto eccezionale, anche per il 2017 e il 2018, del CCL per quadri, impiegati ed operai dipendenti da RAI-Radiotelevisione Italiana, Rai Cinema, Rai Com e Rai Way";"Accordo di rinnovo";"Poligrafici e Spettacolo";"RAI; UNINDUSTRIA ROMA; SLC CGIL; FISTEL CISL; UILCOM UIL; UGL INFORMAZIONE; LIBERSIND CONFSAL";"28/02/2018";"01/01/2014";"";"31/12/2018";"RAI"
"CCNL per il personale dipendente del Settore Domestico";"Testo definitivo";"Commercio";"CONAPI; CNAL";"13/03/2018";"13/03/2018";"";"12/03/2021";"Settore DOMESTICO (CONAPI - CNAL)"
"Protocollo d'intesa per la sottoscrizione per aadesione al CCNL per il personale dipendente del Settore Domestico";"Verbale integrativo";"Commercio";"CONAPI; CNAL; CONFASI; Federazione Commercianti Artigiani PMI (ARCO)";"27/11/2018";"";"";"";"Settore DOMESTICO (CONAPI - CNAL)"
"Ipotesi di accordo per il rinnovo del CCNL per i professori d'orchestra della RAI";"Accordo di rinnovo";"Poligrafici e Spettacolo";"RAI RADIOTELEVISIONE ITALIANA SPA; SLC CGIL; FISTEL CISL; UILCOM UIL; SNATER CISAL";"25/09/2007";"01/01/2006";"31/12/2007";"31/12/2009";"RAI: Artisti (Prof. D'Orchestra, Artisti del coro...)"
"Verbale di accordo per il rinnovo del CCNL per i professori d'orchestra della RAI per il triennio 2010-2011-2012 e, in via del tutto eccezionale, anche per il 2013";"Accordo di rinnovo";"Poligrafici e Spettacolo";"RAI RADIOTELEVISIONE ITALIANA SPA; SLC CGIL; FISTEL CISL; UILCOM UIL; SNATER";"04/11/2013";"01/01/2010";"";"31/12/2013";"RAI: Artisti (Prof. D'Orchestra, Artisti del coro...)"
"Ipotesi di accordo per il rinnovo del CCNL per i professori d'orchestra della RAI per il triennio 2014-2016 e, in via del tutto eccezionale, anche per il 2017 e il 2018";"Accordo di rinnovo";"Poligrafici e Spettacolo";"RAI RADIOTELEVISIONE ITALIANA SPA; SLC CGIL; FISTEL CISL; UILCOM UIL; SNATER";"28/06/2018";"01/01/2014";"";"31/12/2018";"RAI: Artisti (Prof. D'Orchestra, Artisti del coro...)"
"Ipotesi di accordo per il rinnovo del CCNL per i dipendenti dell'industria cineaudiovisiva";"Accordo di rinnovo";"Poligrafici e Spettacolo";"ANICA; SLC CGIL; FISTEL CISL; UILCOM UIL";"18/01/2018";"01/01/2018";"";"31/12/2020";"CINEMA AUDIOVISIVI: Industrie"
"Verbale di Accordo breve parte economica CCNL GENERICI CINETV";"Accordo economico";"Poligrafici e Spettacolo";"ANICA; APT; APE; SLC CGIL; FISTEL CISL; UILCOM UIL";"08/05/2013";"07/08/2013";"";"06/08/2016";"CINEMA: Generici Produzione A.V."
"Avviso comune del 26/3/2009";"Verbale integrativo";"Poligrafici e Spettacolo";"ANICA; APT; APP; SLC CGIL; FISTEL CISL; UILCOM UIL";"26/03/2009";"";"";"";"CINEMA: Tecnici e Maestranze"
"Protocollo di Accordo per la regolamentazione del lavoro a tempo determinato e del lavoro autonomo nel settore del cinema e dell'audiovisivo";"Verbale integrativo";"Poligrafici e Spettacolo";"ANICA; APT; SLC CGIL; FISTEL CISL; UILCOM UIL";"31/07/2018";"";"";"";"CINEMA: Tecnici e Maestranze"
"CCNL per i dipendenti dagli Esercizi cinematografici e cinema-teatrali";"Testo definitivo";"Poligrafici e Spettacolo";"ANEC; ANEM; AGIS; SLC CGIL; FISTEL CISL; UILCOM UIL";"15/06/2016";"01/01/2017";"";"31/12/2019";"ESERCIZI CINEMATOGRAFICI E CINEMA-TEATRALI"
"Verbale di accordo economico per il rinnovo del CCNL per i dirigenti dipendenti da aziende editrici e/o stampatrici di giornali quotidiani e da agenzie di informazione quotidiane della stampa";"Accordo economico";"Poligrafici e Spettacolo";"FIEG; SINDACATO NAZIONALE DIRIGENTI GIORNALI QUOTIDIANI; FEDERMANAGER";"29/05/2009";"01/05/2009";"";"30/04/2012";"GIORNALI E QUOTIDIANI: Direttori e Dirigenti"
"Accordo di rinnovo contrattuale del CCNL Dirigenti Giornali Quotidiani";"Accordo di rinnovo";"Poligrafici e Spettacolo";"FIEG; SINDACATO NAZIONALE DIRIGENTI GIORNALI QUOTIDIANI; FEDERMANAGER";"25/09/2015";"01/10/2015";"";"30/09/2018";"GIORNALI E QUOTIDIANI: Direttori e Dirigenti"
"Accordo per il rinnovo del CCNL Industria Orafa e Argentiera";"Accordo di rinnovo";"Meccanici";"CONFINDUSTRIA FEDERORAFI; ASSOCIAZIONE ARGENTIERI; ASSOLOMBARDA; CONFINDUSTRIA Alessandria; CONFINDUSTRIA Arezzo; CONFINDUSTRIA Vicenza; FIM CISL; FIOM CGIL; UILM UIL";"15/12/2014";"01/01/2015";"";"";"ORAFI, ARGENTIERI: Industrie"
"CCNL UNICO per i dipendenti del Settore ARTIGIANATO";"Accordo di rinnovo";"Altri Vari";"FEDERAZIENDE CONFSAL; FEDALP CONFSAL; FEDERDIPENDENTI CIU";"01/12/2018";"01/12/2018";"";"31/12/2022";"Dipendenti del Settore ARTIGIANATO"
"CCNL per gli operai agricoli e florovivaisti";"Testo definitivo";"Agricoltura";"FEDERAZIENDE CONFSAL; FEDALP CONFSAL; FEDERDIPENDENTI CIU";"01/12/2018";"01/12/2018";"";"31/12/2022";"AGRICOLTURA: Operai e Florovivaisti (FEDERAZIENDE-FEDERDIPENDENTI)"
"CCNL Area Comunicazione - stesura sottoscritta il 18/12/2018";"Testo definitivo";"Poligrafici e Spettacolo";"CNA COMUNICAZIONE E TERZIARIO AVANZATO; CONFARTIGIANATO COMUNICAZIONE; CASARTIGIANI; CLAAI; SLC CGIL; FISTEL CISL; UILCOM UIL";"27/02/2018";"01/01/2016";"";"31/12/2018";"AREA COMUNICAZIONE - Imprese Artigiane"
"CCNL Micro, Piccole e Medie Imprese esercenti l'attività nel settore del Turismo - Stabilimenti Balneari";"Testo definitivo";"Commercio";"CSE; CSE FULSCAM; CONFENAL; CONFENAL FEDERESERCIZI; CONFIMPRESEITALIA; CONFIMPRESEITALIA FEDERAZIONE BALNEARI; CONFAE";"29/11/2018";"30/11/2018";"";"31/12/2021";"TURISMO E STABILIMENTI BALNEARI: Micro, Piccole e Medie imprese"
"Verbale di Accordo modificativo del CCNL PER I DIPENDENTI DEL TERZIARIO: COMMERCIO, DISTRIBUZIONE E SERVIZI del 1° luglio 2013 e successivi rinnovi e integrazioni";"Verbale integrativo";"Commercio";"SISTEMA IMPRESA; FESICA CONFSAL; CONFSAL FISALS; CONFSAL";"27/12/2018";"01/01/2019";"";"";"DIPENDENTI DEL TERZIARIO: COMMERCIO, DISTRIBUZIONE E SERVIZI (SCI-CONFSAL)"
"Verbale di Accordo modificativo del CCNL per i dipendenti del settore Turismo e Pubblici Esercizi siglato in data 28 maggio 2014 e successivi rinnovi ed integrazioni";"Verbale integrativo";"Commercio";"SISTEMA IMPRESA; FESICA CONFSAL; CONFSAL FISALS; CONFSAL";"27/12/2018";"01/01/2019";"";"";"TURISMO E PUBBLICI ESERCIZI"
"CCNL per i dipendenti da aziende del Consorzio CO.PA.M. - CONSORZIO PARCHEGGI E MOBILITA'";"Testo definitivo";"Trasporti";"CONSORZIO COPAM; UGL TERZIARIO";"20/12/2018";"01/01/2019";"";"31/12/2022";"CONSORZIO COPAM"
"CCNL per i dipendenti delle Fondazioni Lirico Sinfoniche";"Accordo di rinnovo";"Poligrafici e Spettacolo";"ANFOLS; SLC CGIL; FISTEL CISL; UILCOM UIL; FIALS CISAL";"25/03/2014";"";"";"";"ENTI LIRICI"
"CCNL per i dipendenti delle Fondazioni Lirico Sinfoniche";"Accordo di rinnovo";"Poligrafici e Spettacolo";"ANFOLS; SLC CGIL; FISTEL CISL; UILCOM UIL; FIALS CISAL";"24/07/2018";"";"";"31/12/2019";"ENTI LIRICI"
"CCNL per i dipendenti di aziende editrici e stampatrici di giornali quotidiani e agenzie di stampa";"Accordo di rinnovo";"Poligrafici e Spettacolo";"FIEG; ASIG; SLC CGIL; FISTEL CISL; UILCOM UIL";"19/12/2018";"01/01/2019";"";"31/12/2019";"GIORNALI E QUOTIDIANI: Operai e Impiegati"
"Verbale di Accordo per la definizione dell'incremento dei minimi retributivi a valere dal primo gennaio 2018";"Accordo economico";"Edilizia";"FEDERLEGNOARREDO; FENEAL UIL; FILCA CISL; FILLEA CGIL";"13/02/2018";"01/01/2018";"";"";"LEGNO, ARREDAMENTO: Industrie"
"CCNL per i dipendenti delle micro, piccole e medie imprese del settore terziario, commercio e servizi";"Testo definitivo";"Commercio";"COSFIMP; UGL TERZIARIO; UGL";"21/01/2019";"01/01/2019";"";"31/12/2021";"TERZIARIO, COMMERCIO E SERVIZI: micro, piccole e medie imprese del settore (COSFIMP-UGL)"
"CCNL per i dirigenti delle imprese assicuratrici";"Testo definitivo";"Credito Assicurazioni";"ANIA; FIDIA CIDA";"02/07/2018";"02/07/2018";"";"30/06/2022";"ASSICURAZIONI: Dirigenti"
"Verbale di Accordo modificativo del CCNL PER I DIPENDENTI DEL TERZIARIO: COMMERCIO, DISTRIBUZIONE E SERVIZI siglato in data 1 luglio 2013 e successivi rinnovi e integrazioni";"Verbale integrativo";"Commercio";"SISTEMA IMPRESA; FESICA CONFSAL; CONFSAL FISALS; CONFSAL";"13/02/2019";"01/01/2019";"";"";"DIPENDENTI DEL TERZIARIO: COMMERCIO, DISTRIBUZIONE E SERVIZI (SCI-CONFSAL)"
"Verbale di Accordo integrativo del CCNL per i dipendenti del settore Turismo e Pubblici Esercizi siglato in data 28 maggio 2014 e successivi rinnovi ed integrazioni";"Verbale integrativo";"Commercio";"SISTEMA IMPRESA; FESICA CONFSAL; CONFSAL FISALS; CONFSAL";"13/02/2019";"01/01/2019";"";"";"TURISMO E PUBBLICI ESERCIZI"
"CCNL per i dipendenti delle imprese edili artigiane e delle piccole e medie imprese industriali edili ed affini";"Testo definitivo";"Edilizia";"CEPI; ASSIMPRESA; CONFASSIMPRESA; ASSIMEA; FISALP CONFSAL; Coordinamento Lavoratori Edili ed Affini FISALP; CONFSAL";"11/02/2019";"11/02/2019";"";"10/02/2022";"EDILI: Imprese Artigiane e PMI"
"CCNL per i dipendenti da imprese della distribuzione cooperativa - Ipotesi di accordo di rinnovo della parte economica";"Accordo economico";"Commercio";"ANCC COOP; CONFCOOPERATIVE CONSUMO E UTENZA; AGCI AGRITAL; FILCAMS CGIL; FISASCAT CISL; UILTUCS UIL";"19/02/2019";"01/02/2019";"";"31/12/2019";"COMMERCIO: Cooperative di Consumo"
"Accordo quadro principi e regole per il funzionamento delle attività del settore dei servizi di CRM/BPO";"Verbale integrativo";"Aziende di Servizi";"ASSOTELECOMUNICAZIONI ASSTEL; SLC CGIL; FISTEL CISL; UILCOM UIL";"21/02/2019";"";"";"";"TELECOMUNICAZIONI"
"CCNL per i dipendenti da aziende esercenti attività del settore e per i dipendenti e soci lavoratori da cooperative esercenti attività di "CHIMICA" per i lavoratori dipendenti delle imprese di chimica, conciaria, materie plastiche, gomma, vetro, ceramica e prodotti affini ai suindicati settori delle piccole e medie imprese e della cooperazione";"Testo definitivo";"Chimici";"COOPITALIANE; IMPRESA ITALIA; FAMAR CONFAMAR";"30/01/2019";"01/01/2019";"";"31/12/2021";"CHIMICA"
"CCNL per i dipendenti da aziende esercenti attività del settore e per i dipendenti e soci lavoratori da cooperative esercenti attività di "METALMECCANICI" delle imprese Metalmeccaniche, Orafe, Argentiere, d'installazione Impianti ed affini ai suindicati settori delle Piccole e Medie Imprese dell'artigianato e della Cooperazione";"Testo definitivo";"Meccanici";"COOPITALIANE; IMPRESA ITALIA; FAMAR CONFAMAR";"22/01/2019";"01/01/2019";"";"31/12/2021";"METALMECCANICI"
"CCNL per i dipendenti di Professionisti non ordinistici di cui alla L. n. 4/2013 e di S.T.P. disciplinate dalla L. n. 183/2011";"Testo definitivo";"Commercio";"LAIT Cert; LAIT; CONFTERZIARIO; AIESIL; UGL Terziario; UGL";"25/02/2019";"01/01/2019";"";"31/12/2021";"Professionisti non ordinistici: dipendenti"
"CCNL per i dipendenti da aziende esercenti attività del settore e per i dipendenti e soci lavoratori da cooperative esercenti attività di "PULIZIE" esercenti servizi di Pulizie nonché affini ed Ausiliarie al settore del pulimento, della disinfezione, disinfestazione, derattizzazione, sanificazione";"Testo definitivo";"Aziende di Servizi";"COOPITALIANE; ITALIA IMPRESA; FAMAR CONFAMAR";"30/01/2019";"01/01/2019";"";"31/12/2021";"PULIZIA: Imprese, PMI, Artigiane, Cooperative"
"CCNL per i dipendenti da aziende esercenti attività del settore e per i dipendenti e soci lavoratori da cooperative esercenti attività di AGRICOLTURA ed assimilabili al suindicato settore delle piccole e medie imprese e della cooperazione Agricola";"Testo definitivo";"Agricoltura";"ADLI; COOPITALIANE; FAMAR; CONFAMAR";"14/02/2019";"01/03/2019";"";"31/12/2022";"AGRICOLTURA: PMI e Cooperative (ADLI-FAMAR)"
"CCNL per i dipendenti da Aziende esercenti attività del settore e per i dipendenti e soci lavoratori da cooperative esercenti attività di SICUREZZA";"Testo definitivo";"Commercio";"ADLI; COOPITALIANE; FAMAR; CONFAMAR";"14/02/2019";"01/03/2019";"";"31/12/2022";"SICUREZZA (ADLI-FAMAR)"
"CCNL per i dipendenti delle aziende esercenti attività nel settore socio sanitario, assistenziale, educativo e di inserimento lavorativo";"Testo definitivo";"Enti e Istituzioni Private";"ITALIA IMPRESA; UNFI; ISA";"27/02/2019";"28/02/2019";"";"31/01/2022";"SETTORE SOCIO SANITARIO, ASSISTENZIALE, EDUCATIVO E DI INSERIMENTO LAVORATIVO (ITALIA IMPRESA-UNFI-ISA)"
"CCNL per i dipendenti e soci delle cooperative sociali esercenti attività nel settore socio sanitario, assistenziale, educativo e inserimento lavorativo";"Testo definitivo";"Enti e Istituzioni Private";"ITALIA IMPRESA; UNFI; ISA";"27/02/2019";"01/03/2019";"";"28/02/2022";"SETTORE SOCIO SANITARIO, ASSISTENZIALE, EDUCATIVO E DI INSERIMENTO LAVORATIVO: Cooperative Sociali (ITALIA IMPRESA-UNFI-ISA)"
"CCNL per i dipendenti delle parafarmacie e delle farmacie di servizi";"Testo definitivo";"Commercio";"ITALIA IMPRESA; UNFI; ISA";"27/02/2019";"01/03/2019";"";"28/02/2022";"PARAFARMACIE E FARMACIE DI SERVIZI"
"CCNL per gli addetti operanti nell'ambito del BEAUTY & WELLNESS";"Testo definitivo";"Commercio";"ITALIA IMPRESA; UNFI; ISA";"28/02/2019";"01/03/2019";"";"28/02/2022";"BEAUTY & WELLNESS"
"CCNL per i dipendenti di attività operanti nel campo della formazione e orientamento, della sicurezza sul lavoro, qualità e ambiente";"Testo definitivo";"Altri Vari";"ITALIA IMPRESA; UNFI; ISA";"28/02/2019";"01/03/2019";"";"28/02/2022";"FORMAZIONE E ORIENTAMENTO, SICUREZZA SUL LAVORO, QUALITA' E AMBIENTE (ITALIA IMPRESA)"
"CCNL per i lavoratori della piccola e media industria della lavanderia, pulitura a secco, tintoria, stireria, smacchiatura e sterilizzazione abiti";"Testo definitivo";"Tessili";"ITALIA IMPRESA; UNFI; ISA";"28/02/2019";"01/03/2019";"";"28/02/2022";"Lavanderia, pulitura a secco, tintoria, stireria, smacchiatura e sterilizzazione abiti: PMI"
"CCNL per i dipendenti RINA";"Accordo di rinnovo";"Trasporti";"ENTE REGISTRO ITALIANO NAVALE; RINA SPA; RINA SERVICES SPA; RINA CHECK SRL; SOA RINA Organismo di Attestazione SPA; RINA CONSULTING SPA; RINA INTERMODAL SRL; FILT CGIL; FIT CISL; UIL TRASPORTI";"05/02/2019";"01/01/2019";"";"31/12/2021";"RINA (Ente Registro Italiano Navale)"
"Ipotesi di accordo per il rinnovo del CCNL Unionchimica Confapi per i lavoratori della piccola e media industria dei settori: chimica, concia e settori accorpati, plastica e gomma, abrasivi, ceramica e vetro";"Accordo di rinnovo";"Chimici";"UNIONCHIMICA CONFAPI; FILCTEM CGIL; FEMCA CISL; UILTEC UIL";"08/03/2019";"01/01/2019";"";"31/12/2022";"CHIMICA E AFFINI (Piccola e Media Impresa)"
"Indennità di vacanza contrattuale CCNL "Vigilanza Privata, Investigazioni e Servizi Fiduciari" del 15 ottobre 2015";"Verbale integrativo";"Commercio";"ANPIT; CIDEC; FENAV; UNICA; UNIQUALITY; CISAL SINALV; CISAL TERZIARIO";"28/02/2019";"01/02/2019";"";"";"VIGILANZA PRIVATA, INVESTIGAZIONI E SERVIZI FIDUCIARI"
"CCNL per gli addetti alle piccole e medie industrie del settore tessile-abbigliamento-moda, calzature, pelli e cuoio, penne, spazzole e pennelli, occhiali, giocattoli";"Testo definitivo";"Tessili";"UNIONTESSILE CONFAPI; FILCTEM CGIL; FEMCA CISL; UILTEC UIL";"07/10/2013";"01/04/2013";"";"31/03/2016";"TESSILI ABBIGLIAMENTO: P.M.I."
"Verbale di accordo per il differimento dei termini per la disdetta dei CCNL 31 marzo 2015 (quadri direttivi e aree professionali) e 13 luglio 2015 (dirigenti)";"Verbale integrativo";"Credito Assicurazioni";"ABI; FABI; FIRST CISL; FISAC CGIL; UILCA; UNISIN FALCRI-SILCEA-SINFUB";"21/06/2018";"";"";"";"BANCARI: ABI (Dirigenti)"
"Verbale di accordo per la sospensione dei termini dei CCNL 31 marzo 2015 (quadri direttivi e aree professionali) e 13 luglio 2015 (dirigenti)";"Verbale integrativo";"Credito Assicurazioni";"ABI; FABI; FIRST CISL; FISAC CGIL; UILCA; UNISIN FALCRI-SILCEA-SINFUB";"25/02/2019";"";"";"";"BANCARI: ABI (Dirigenti)"
"Verbale di accordo per il rinnovo del CCNL per le lavoratrici e i lavoratori delle cooperative del settore socio-sanitario assistenziale-educativo e di inserimento lavorativo";"Accordo di rinnovo";"Enti e Istituzioni Private";"AGCI SOLIDARIETA'; CONFCOOPERATIVE FEDERSOLIDARIETA'; LEGACOOPSOCIALI; FP CGIL; FPS CISL; FISASCAT CISL; UIL FPL; UILTUCS";"28/03/2019";"01/01/2017";"";"31/12/2019";"SERVIZI SOCIO-ASSISTENZIALI: Cooperative"
" CCNL 2014-2019 per le lavoratrici ed i lavoratori dipendenti dalle strutture associative aderenti alla rete ANFFAS Onlus";"Accordo di rinnovo";"Enti e Istituzioni Private";"ANFFAS ONLUS; FP CGIL; CISL FP; UIL FPL";"29/01/2019";"29/01/2019";"";"31/12/2019";"SANITA': Dipendenti ANFFAS"
"CCNL 2010-2012 per le lavoratrici ed i lavoratori dipendenti dalle strutture associative ANFFAS Onlus";"Accordo di rinnovo";"Enti e Istituzioni Private";"ANFFAS ONLUS; FP CGIL; CISL FP; UIL FPL";"31/07/2012";"01/01/2010";"";"31/12/2012";"SANITA': Dipendenti ANFFAS"
"Verbale di incontro e atto di impegno relativo alla sottoscrizione per adesione da parte di Assocontact dell'Accordo Collettivo Nazionale per i collaboratori telefonici dei call center stipulato in data 1/3/2018 da Assocall e Ugl Terziario";"Verbale integrativo";"Commercio";"ASSOCALL CONFCOMMERCIO; ASSOCONTACT CONFCOMMERCIO; UGL TERZIARIO";"28/03/2019";"01/04/2019";"";"";"COLLABORATORI TELEFONICI DEI CALL CENTER"
"CCNL per il personale da imprese esercenti servizi in appalto per conto dell'Amministrazione della Difesa, Interni, Giustizia, Forze dell'Ordine e Amministrazioni militari";"Accordo di rinnovo";"Trasporti";"FISE ASSOMANOVALANZA; FILT CGIL; FIT CISL; UILTRASPORTI UIL";"25/03/2019";"01/04/2019";"";"31/03/2022";"CARICO E SCARICO (per Ministero Difesa)"
"Rinnovo del CCNL Edilizia";"Accordo di rinnovo";"Edilizia";"FEDERIMPRESEITALIA; ALPAI; SALPS";"30/01/2019";"01/12/2018";"";"30/09/2021";"EDILI: Imprese edili e affini (FEDERIMPRESEITALIA)"
"Rinnovo del CCNL per i dipendenti delle PMI del settore metalmeccanico";"Accordo di rinnovo";"Meccanici";"FEDERIMPRESEITALIA; ALPAI; SALPS";"30/01/2019";"01/12/2018";"";"30/09/2021";"METALMECCANICA: P.M.I. - FEDERIMPRESEITALIA"
"Rinnovo del CCNL per i dipendenti da aziende del terziario, della distribuzione e dei servizi";"Accordo di rinnovo";"Commercio";"FEDERIMPRESEITALIA; ALPAI; SALPS";"30/01/2019";"01/12/2018";"";"30/09/2021";"TERZIARIO, DISTRIBUZIONE E SERVIZI (FEDERIMPRESEITALIA-ALPAI-SALPS)"
"CCNL per i dipendenti da aziende dei settori Pubblici Esercizi, Ristorazione Collettiva e Commerciale e Turismo";"Testo definitivo";"Commercio";"FIPE; ANGEM; LEGACOOP PRODUZIONE E SERVIZI; CONFCOOPERATIVE LAVORO E SERVIZI; AGCI SERVIZI; CONFCOMMERCIO; FILCAMS CGIL; FISASCAT CISL; UILTUCS UIL";"08/02/2018";"01/01/2018";"";"31/12/2021";"PUBBLICI ESERCIZI, RISTORAZIONE COLLETTIVA E COMMERCIALE E TURISMO"
"Verbale di Accordo di adesione di FAIRO al CCNL di settore del Trasporto Aereo e sottoscrizione della parte generale del 2 agosto 2013";"Verbale integrativo";"Trasporti";"FAIRO; FILT CGIL; FIT CISL; UILTRASPORTI; UGL TRASPORTO AEREO";"25/03/2014";"";"";"";"AEREI: Trasporto Aereo"
"CCNL di settore del Trasporto Aereo - Protocollo d'intesa per il settore "VETTORI AEREI COMPAGNIE AEREE STRANIERE" - Estratto da integrare alla parte specifica";"Accordo di rinnovo";"Trasporti";"FAIRO; FILT CGIL; FIT CISL; UILTRASPORTI; UGL TRASPORTO AEREO";"30/09/2015";"01/01/2013";"";"31/12/2016";"AEREI: Trasporto Aereo"
"CCNL di settore del Trasporto Aereo - Parte specifica sezione "VETTORI AEREI STRANIERI" Personale di terra";"Accordo di rinnovo";"Trasporti";"FAIRO; FILT CGIL; FIT CISL; UILTRASPORTI; UGL TRASPORTO AEREO";"06/05/2016";"01/01/2014";"";"31/12/2016";"AEREI: Trasporto Aereo"
"Verbale di accordo sulla stagionalità nel settore del Trasporto Aereo";"Verbale integrativo";"Trasporti";"ASSAEROPORTI; ASSOHANDLERS; ASSAEREO; ASSOCONTROL; FAIRO; FILT CGIL; FIT CISL; UILTRASPORTI; UGL TRASPORTO AEREO";"19/11/2018";"";"";"";"AEREI: Trasporto Aereo"
"CCNL per i dipendenti dei Laboratori di Analisi Cliniche e dei Centri Poliambulatoriali";"Testo definitivo";"Enti e Istituzioni Private";"CIFA; FEDERLAB; FIALS; CONFSAL";"26/03/2019";"01/03/2019";"";"28/02/2022";"LABORATORI DI ANALISI CLINICHE E CENTRI POLIAMBULATORIALI"
"CCNL per i dipendenti da aziende artigiane del comparto alimentare ed agroalimentare";"Testo definitivo";"Alimentaristi - Agroindustriale";"CEPA A; ESAARCO; CNE CIU; SIA CONFSAL; CLI CIU";"24/10/2018";"24/10/2018";"";"23/10/2021";"ALIMENTARE ED AGROALIMENTARE: Aziende Artigiane"
"CCNL per i dipendenti da aziende del comparto dell'industria alimentare ed agroalimentare";"Testo definitivo";"Alimentaristi - Agroindustriale";"CEPA A; ESAARCO; CNE CIU; SIA CONFSAL; CLI CIU";"24/10/2018";"24/10/2018";"";"23/10/2021";"ALIMENTARE ED AGROALIMENTARE: Aziende Industriali"
"CCNL per i dirigenti di ENAV SpA";"Testo definitivo";"Trasporti";"ENAV SpA; ASDE FEDERMANAGER; FEDERMANAGER";"21/07/2014";"01/01/2014";"";"31/12/2016";"AEREI: Assistenza al Volo (Dirigenti AA.VV)"
"CCNL di settore del Trasporto Aereo - Parte specifica "CATERING AEREO"";"Accordo di rinnovo";"Trasporti";"ASSOCATERING FIPE; FILT CGIL; FIT CISL; UILTRASPORTI; UGL TRASPORTI";"31/07/2014";"01/01/2014";"";"31/12/2016";"AEREI: Trasporto Aereo"
"CCNL per il personale dipendente dalle agenzie marittime raccomandatarie e mediatori marittimi";"Testo definitivo";"Trasporti";"FEDERAGENTI; FILT CGIL; FIT CISL; UILTRASPORTI";"14/12/2017";"01/01/2018";"";"31/12/2020";"AGENZIE MARITTIME E AEREE E MEDIATORI MARITTIMI"
"Verbale di accordo per il rinnovo del CCNL per il personale dipendente non dirigente delle imprese di assicurazione/assistenza";"Accordo di rinnovo";"Credito Assicurazioni";"ANIA; FIRST CISL; FISAC CGIL; FNA; SNFIA; UILCA UIL";"17/04/2018";"17/04/2018";"";"31/12/2019";"ASSICURAZIONI: Dipendenti (AISA-AISSA)"
"CCNL per i dipendenti delle micro, piccole e medie imprese aziende del settore terziario, commercio e servizi";"Testo definitivo";"Commercio";"CEPA A Assocostruttori; ESAARCO; CIU CNE; SIA CONFSAL; CLI CIU";"22/02/2019";"22/02/2019";"";"21/02/2022";"TERZIARIO, COMMERCIO E SERVIZI: micro, piccole e medie imprese del settore (CEPA A)"
"CCNL per le imprese cooperative del settore agricolo";"Testo definitivo";"Agricoltura";"CEPA A; ESAARCO; CIU CNE; SIA CONFSAL; CLI CIU";"22/02/2019";"22/02/2019";"";"21/02/2022";"AGRICOLTURA: Imprese Cooperative (CEPA-A)"
"CCNL per gli imbarcati su natanti di cooperative di pesca";"Testo definitivo";"Alimentaristi - Agroindustriale";"CEPA A; ESAARCO; CIU CNE; SIA CONFSAL; CLI CIU";"22/02/2019";"22/02/2019";"";"21/02/2022";"PESCA MARITTIMA: Cooperative (CEPA-A)"
"Stesura CCNL Area Tessile-Moda Chimica-Ceramica";"Testo definitivo";"Altri Vari";"CNA Federmoda; CNA Produzione; CNA Artistico e Tradizionale; CNA Servizi alla comunità; CNA; CONFARTIGIANATO Moda; CONFARTIGIANATO Chimica; CONFARTIGIANATO Ceramica; CONFARTIGIANATO; CASARTIGIANI; CLAAI; FILCTEM CGIL; FEMCA CISL; UILTEC UIL";"14/12/2017";"14/12/2017";"";"31/12/2018";"Area TESSILE MODA e CHIMICA CERAMICA (Artigiane)"
"CCNL per il personale non dirigente di Poste Italiane";"Testo definitivo";"Aziende di Servizi";"POSTE ITALIANE SPA; SLC CGIL; SLP CISL; UILPOSTE; FAILP CISAL; CONFSAL COMUNICAZIONI; UGL COMUNICAZIONI";"30/11/2017";"01/01/2016";"";"31/12/2018";"ENTE POSTE ITALIANE (Poste Italiane spa)"
"Verbale di accordo per il rinnovo del CCNL del personale dirigente dell'ANAS SpA";"Accordo di rinnovo";"Enti e Istituzioni Private";"ANAS SPA; FEDERMANAGER";"04/08/2017";"01/08/2017";"";"31/12/2019";"ANAS: Dirigenti (Ente Nazionale per le Strade)"
"Ipotesi di accordo nazionale per la disciplina dei lavoratori dipendenti delle Gaming Hall che costituisce allegato al CCNL per i dipendenti da aziende dei settori Pubblici Esercizi, Ristorazione Collettiva e Commerciale e Turismo 8 febbraio 2018";"Verbale integrativo";"Commercio";"FIPE; FILCAMS CGIL; FISASCAT CISL; UILTUCS UIL";"15/05/2019";"";"";"";"PUBBLICI ESERCIZI, RISTORAZIONE COLLETTIVA E COMMERCIALE E TURISMO"
"CCNL per il personale dipendente da imprese esercenti servizi di pulizia e servizi integrati/multiservizi";"Testo definitivo";"Aziende di Servizi";"FISE CONFINDUSTRIA; LEGACOOPSERVIZI; FEDERLAVORO CONFCOOPERATIVE; AGCI SERVIZI; UNIONSERVIZI CONFAPI; FILCAMS CGIL; FISASCAT CISL; UILTRASPORTI UIL";"31/05/2011";"01/01/2010";"";"30/04/2013";"PULIZIA: Imprese"
"CCNL per gli addetti degli Impianti di trasporto a Fune";"Testo definitivo";"Trasporti";"ANEF; FILT CGIL; FIT CISL; UILTRASPORTI UIL; SAVT";"06/06/2019";"01/05/2019";"";"30/04/2022";"FUNIVIE TERRESTRI ED AEREE"
"CCNL per i lavoratori dipendenti delle imprese artigiane di noleggio autobus con conducente e le relative attività correlate";"Accordo di rinnovo";"Trasporti";"CNA Fita; CONFARTIGIANATO Autobus Operator; SNA CASARTIGIANI; CLAAI; FILT CGIL; FIT CISL; UILTRASPORTI UIL";"17/06/2019";"01/07/2019";"";"31/12/2020";"NOLEGGIO AUTOBUS CON CONDUCENTE: Imprese Artigiane"
"Accordo di impegno fra le parti firmatarie del rinnovo del CCNL per le lavoratrici e i lavoratori delle cooperative del settore socio-sanitario assistenziale-educativo e di inserimento lavorativo, avvenuto in data 28 marzo 2019";"Verbale integrativo";"Enti e Istituzioni Private";"AGCI SOLIDARIETA'; CONFCOOPERATIVE FEDERSOLIDARIETA'; LEGACOOPSOCIALI; FP CGIL; FPS CISL; FISASCAT CISL; UIL FPL; UILTUCS";"28/03/2019";"";"";"";"SERVIZI SOCIO-ASSISTENZIALI: Cooperative"
"Verbale di incontro per sciogliere la riserva posta in data 28 marzo 2019 sull'Accordo di rinnovo del CCNL per le lavoratrici e i lavoratori delle cooperative del settore socio-sanitario assistenziale-educativo e di inserimento lavorativo";"Verbale integrativo";"Enti e Istituzioni Private";"AGCI SOLIDARIETA'; CONFCOOPERATIVE FEDERSOLIDARIETA'; LEGACOOPSOCIALI; FP CGIL; FPS CISL; FISASCAT CISL; UIL FPL; UILTUCS";"21/05/2019";"";"";"";"SERVIZI SOCIO-ASSISTENZIALI: Cooperative"
"Verbale di accordo per la sospensione dei termini al 31 dicembre 2018 dei CCNL 31 marzo 2015 (quadri direttivi e aree professionali) e 13 luglio 2015 (dirigenti)";"Verbale integrativo";"Credito Assicurazioni";"ABI; FABI; FIRST CISL; FISAC CGIL; UILCA; UNISIN FALCRI SILCEA SINFUB";"31/05/2019";"";"";"";"BANCARI: ABI (Dirigenti)"
"CCNL per i dipendenti dell'impresa cineaudiovisiva";"Accordo di rinnovo";"Poligrafici e Spettacolo";"CNA Cinema e Audiovisivo; CONFARTIGIANATO Imprese; CASARTIGIANI; CLAAI; SLC CGIL; FISTEL CISL; UILCOM UIL";"16/07/2019";"01/08/2019";"";"18/01/2021";"CINEAUDIOVISIVE: Imprese Artigiane"
"Accordo per la proroga del contratto sottoscritto in data 27 luglio 2015 - CCNL per la disciplina del rapporto degli agenti operanti per conto di società cooperative esercenti attività nei settori del Commercio - Servizi - Terziario - Turismo - Artigianato";"Verbale integrativo";"Commercio";"UNCI; CISAL; FEDERAGENTI CISAL";"28/07/2018";"";"";"";"AGENZIA E RAPPRESENTANZA COMMERCIALE: Cooperative (Commercio-Servizi-Terziario-Turismo-Artigianato)"
"Verbale di accordo relativo al rinnovo del CCNL per il personale da imprese esercenti servizi in appalto per conto dell'Amministrazione della Difesa, Interni, Giustizia, Forze dell'Ordine e Amministrazioni militari sottoscritto il 25 marzo 2019";"Verbale integrativo";"Trasporti";"FISE ASSOMANOVALANZA; FISE; FILT CGIL; FIT CISL; UILTRASPORTI UIL";"28/06/2019";"";"";"";"CARICO E SCARICO (per Ministero Difesa)"
"Testo Unico del CCNL per i dipendenti da aziende del Terziario della Distribuzione e dei Servizi";"Testo definitivo";"Commercio";"CONFCOMMERCIO IMPRESE PER L'ITALIA; FILCAMS CGIL; FISASCAT CISL; UILTUCS UIL";"30/07/2019";"01/04/2015";"";"31/12/2019";"COMMERCIO E SERVIZI"
"Verbale di accordo per il rinnovo del CCNL per gli ormeggiatori e barcaioli dei porti italiani";"Accordo di rinnovo";"Trasporti";"ANGOPI; LEGACOOP Produzione e Servizi; FILT CGIL; FIT CISL; UILTRASPORTI UIL";"19/06/2019";"01/07/2019";"";"30/06/2022";"MARITTIMI: Ormeggiatori e Barcaioli (cooperative)"
"Accordo integrativo del CCNL per i dipendenti del terziario: Commercio, Distribuzione e Servizi del 1 luglio 2013 - cod. Inps "413"";"Verbale integrativo";"Commercio";"SISTEMA IMPRESA; FESICA CONFSAL; CONFSAL FISALS; CONFSAL";"19/07/2019";"";"";"";"DIPENDENTI DEL TERZIARIO: COMMERCIO, DISTRIBUZIONE E SERVIZI (SCI-CONFSAL)"
"CCNL per i dipendenti da aziende esercenti attività del settore e per i dipendenti e soci lavoratori da cooperative esercenti attività di pulizie nonché affini ed ausiliarie al settore pulimento, della disinfezione, disinfestazione, derattizzazione, sanificazione";"Testo definitivo";"Aziende di Servizi";"ADLI; COOPITALIANE; FAMAR CONFAMAR";"29/05/2019";"22/03/2019";"";"31/12/2023";"PULIZIA: Imprese, PMI, Artigiane, Cooperative (ADLI-FAMAR)"
"CCNL per i dipendenti da aziende esercenti attività del settore "METALMECCANICI" per i lavoratori dipendenti delle imprese Metalmeccaniche, Orafe, Argentiere, Installazione Impianti ed affini ai suindicati settori delle Piccole e Medie Imprese e della Cooperazione";"Testo definitivo";"Meccanici";"FEDIMPRESE; CIU; SNAPEL; SALI";"01/08/2019";"01/08/2019";"";"31/07/2022";"METALMECCANICA: Imprese, PMI e Cooperazione (FEDIMPRESE)"
"CCNL per i dipendenti da Aziende esercenti attività del Turismo, Agenzie di Viaggio e Servizi";"Testo definitivo";"Commercio";"FEDIMPRESE; SNAPEL; CIU; SALI";"25/07/2019";"01/08/2019";"";"31/07/2022";"TURISMO (FEDIMPRESE)"
"CCNL per i dipendenti da Aziende esercenti attività del Commercio";"Testo definitivo";"Commercio";"FEDIMPRESE; CIU; SNAPEL; SALI";"25/07/2019";"01/08/2019";"";"31/07/2022";"COMMERCIO E SERVIZI (FEDIMPRESE)"
"CCNL per i dipendenti da aziende esercenti lavorazioni conto terzi a Facon operanti in regime di subfornitura";"Testo definitivo";"Tessili";"FEDIMPRESE; CIU; SNAPEL; SALI";"25/07/2019";"25/07/2019";"";"24/07/2022";"FACON: Artigianato, PMI, Cooperazione"
"CCNL per i lavoratori dipendenti delle imprese di Chimica, conciaria, materie plastiche, gomma, vetro, ceramica e prodotti affini ai suindicati settori delle piccole e medie imprese e della cooperazione";"Testo definitivo";"Chimici";"ADLI; COOPITALIANE; FAMAR CONFAMAR";"29/05/2019";"29/03/2019";"";"31/12/2023";"CHIMICA (ADLI-FAMAR)"
"CCNL per i dipendenti delle imprese Metalmeccaniche, Orafe, Argentiere d'installazione impianti ed affini ai suindicati settori delle piccole e medie imprese dell'artigianato e della cooperazione";"Testo definitivo";"Meccanici";"ADLI; COOPITALIANE; FAMAR CONFAMAR";"29/05/2019";"29/03/2019";"";"31/12/2023";"METALMECCANICA: Imprese, PMI e Cooperazione (ADLI-FAMAR)"
"CCNL per i dipendenti da aziende esercenti attività del settore dell'Autotrasporto e Spedizione Merci dell'artigianato, delle piccole e medie imprese e della cooperazione";"Testo definitivo";"Trasporti";"ADLI; COOPITALIANE; FAMAR CONFAMAR";"29/05/2019";"01/04/2019";"";"31/12/2023";"AUTOTRASPORTO E SPEDIZIONE MERCI (ADLI-FAMAR)"
"ESAARCO CCNL per i lavoratori dipendenti delle aziende in rete di impresa";"Testo definitivo";"Altri Vari";"CEPA A; ESAARCO; ESAARCO Reti di Impresa; ONAPS; CIU; SIA CONFSAL; CLI CIU; FNLE UGL";"08/05/2019";"08/05/2019";"";"07/05/2022";"AZIENDE IN RETE DI IMPRESA (ESAARCO)"
"Verbale di accordo per il rinnovo del CCNL 24 novembre 2015 per i dipendenti dalle aziende esercenti la produzione del cemento, della calce e suoi derivati, del gesso e relativi manufatti, delle malte e dei materiali di base per le costruzioni, nonché la produzione promiscua di cemento, calce, gesso e malte";"Accordo di rinnovo";"Edilizia";"FEDERMACO; FENEAL UIL; FILCA CISL; FILLEA CGIL";"29/05/2019";"01/01/2019";"";"31/12/2021";"CEMENTO, CALCE, GESSO: Industrie"
"Accordo per il rinnovo della Parte Generale del CCNL di settore del Trasporto Aereo";"Accordo di rinnovo";"Trasporti";"ASSAEROPORTI; ASSAEREO; ASSOHANDLERS; ASSOCONTROL; FEDERCATERING; FAIRO; FILT CGIL; FIT CISL; UILTRASPORTI; UGL TRASPORTO AEREO";"30/05/2019";"";"";"";"AEREI: Trasporto Aereo"
"Verbale di intesa in merito all'Ipotesi di accordo di rinnovo della parte economica del CCNL per i dipendenti da imprese della Distribuzione Cooperativa";"Verbale integrativo";"Commercio";"ANCC COOP; CONFCOOPERATIVE CONSUMO E UTENZA; AGCI AGRITAL; FILCAMS CGIL; FISASCAT CISL; UILTUCS UIL";"19/02/2019";"";"";"";"COMMERCIO: Cooperative di Consumo"
"Verbale di intesa ad integrazione dell'Ipotesi di accordo di rinnovo della parte economica del CCNL per i dipendenti da imprese della Distribuzione Cooperativa";"Verbale integrativo";"Commercio";"ANCC COOP; CONFCOOPERATIVE CONSUMO E UTENZA; AGCI AGRITAL; FILCAMS CGIL; FISASCAT CISL; UILTUCS UIL";"19/02/2019";"";"";"";"COMMERCIO: Cooperative di Consumo"
"CCNL per il personale dipendente, con esclusione dei dirigenti, dei Consorzi ed Enti di Industrializzazione di cui all'art. 36 della legge 5 ottobre 1991, aderenti al CISE";"Testo definitivo";"Enti e Istituzioni Private";"CISE; UGL Autonomie Locali; UGL";"01/08/2019";"01/01/2019";"";"31/12/2021";"CONSORZI ED ENTI DI SVILUPPO INDUSTRIALE aderenti alla CISE"
"Accordo per il rinnovo del CCNL 30 dicembre 2014 per i dirigenti di aziende produttrici di beni e servizi";"Accordo di rinnovo";"Altri Vari";"CONFINDUSTRIA; FEDERMANAGER";"30/07/2019";"01/01/2019";"";"31/12/2023";"DIRIGENTI: Aziende Industriali"
"CCNL per i dipendenti delle imprese che svolgono attività nel settore Trasporti e Logistica";"Testo definitivo";"Trasporti";"FEDERSICUREZZA ITALIA; FIADEL SP";"31/07/2019";"01/08/2019";"31/07/2021";"31/07/2023";"TRASPORTI E LOGISTICA"
"CCNL per gli addetti delle micro, piccole e medie imprese";"Testo definitivo";"Altri Vari";"FOR ITALY; CIU";"02/08/2019";"02/08/2019";"";"02/08/2022";"Micro, Piccole e Medie Imprese (FOR.ITALY - CIU)"
"CCNL per barbieri e parrucchieri";"Testo definitivo";"Commercio";"CONAPI; FMPI; UGL TERZIARIO; UGL";"18/09/2019";"18/09/2019";"";"31/08/2022";"Barbieri e Parrucchieri"
"CCNL per i dipendenti delle aziende artigiane Alimentari";"Testo definitivo";"Alimentaristi - Agroindustriale";"FENAPI; USAE; USAE FINART; USAE FILTES; ALI";"16/07/2019";"01/07/2019";"";"30/06/2021";"Aziende Artigiane Alimentari (FENAPI)"
"CCNL per i dipendenti delle aziende artigiane del legno e affini";"Testo definitivo";"Edilizia";"FENAPI; USAE; USAE FINART; USAE FILTES; ALI";"16/07/2019";"01/07/2019";"";"30/06/2021";"Aziende Artigiane del Legno ed Affini (FENAPI)"
"CCNL per i dipendenti delle aziende artigiane di parrucchieri, barbieri ed estetica";"Testo definitivo";"Commercio";"FENAPI; USAE; USAE FINART; USAE FILTES; ALI";"16/07/2019";"01/07/2019";"";"30/06/2021";"Aziende Artigiane di Parrucchieri, Barbieri ed Estetica (FENAPI)"
"CCNL per i dipendenti delle aziende artigiane di pulimento e multiservizi";"Testo definitivo";"Aziende di Servizi";"FENAPI; USAE; USAE FINART; USAE FILTES; ALI";"16/07/2019";"01/07/2019";"";"30/06/2021";"PULIZIA: Aziende artigiane di pulimento e multiservizi (FENAPI)"
"CCNL per i dipendenti delle aziende artigiane odontotecniche";"Testo definitivo";"Commercio";"FENAPI; USAE; USAE FINART; USAE FILTES; ALI";"16/07/2019";"01/07/2019";"";"30/06/2021";"Aziende Artigiane Odontotecniche (FENAPI)"
"CCNL per i dipendenti del settore turismo, pubblici esercizi e sale bingo";"Testo definitivo";"Commercio";"CONFIAP; SELP";"26/07/2019";"26/07/2019";"";"26/07/2022";"TURISMO, PUBBLICI ESERCIZI E SALE BINGO"
"CCNL per il personale dipendente imbarcato su natanti di cooperative di pesca marittima";"Testo definitivo";"Alimentaristi - Agroindustriale";"CNL; FILD";"05/07/2019";"05/07/2019";"";"04/07/2021";"PESCA MARITTIMA: lavoratori del settore"
"CCNL per il personale dipendente da confederazioni, federazioni, associazioni, partiti politici e loro enti collaterali";"Testo definitivo";"Altri Vari";"CNL; FILD";"05/07/2019";"05/07/2019";"";"04/07/2021";"CONFEDERAZIONI, FEDERAZIONI, ASSOCIAZIONI, PARTITI POLITICI"
"CCNL per il personale non medico dipendente da case di cura private laiche e religiose e da centri di riabilitazione";"Testo definitivo";"Enti e Istituzioni Private";"CNL; Federazione Nazionale per il Sociale; FILD";"05/07/2019";"05/07/2019";"";"04/07/2021";"CASE DI CURA PRIVATE LAICHE E RELIGIOSE E CENTRI DI RIABILITAZIONE: personale non medico"
"CCNL per i medici dipendenti dalle case di cura private laiche e religiose e da centri di riabilitazione";"Testo definitivo";"Enti e Istituzioni Private";"CNL; Federazione Nazionale Sanità; FILD";"05/07/2019";"05/07/2019";"";"04/07/2021";"CASE DI CURA PRIVATE LAICHE E RELIGIOSE E CENTRI DI RIABILITAZIONE: medici"
"CCNL per gli operai agricoli e florovivaisti";"Testo definitivo";"Agricoltura";"CNL; Federazione Nazionale Agricoltura; FILD";"05/07/2019";"05/07/2019";"";"04/07/2021";"AGRICOLTURA: Operai e Florovivaisti (CNL)"
"CCNL per gli impiegati agricoli";"Testo definitivo";"Agricoltura";"CNL; Federazione Nazionale Agricoltura; FILD";"05/07/2019";"05/07/2019";"";"04/07/2021";"AGRICOLTURA: Impiegati (CNL)"
"CCNL per i dipendenti da istituti e imprese di vigilanza privata e servizi fiduciari";"Testo definitivo";"Commercio";"CNL; Federazione Nazionale Istituti di Vigilanza e Security; FILD";"05/07/2019";"05/07/2019";"";"04/07/2021";"VIGILANZA PRIVATA E SERVIZI FIDUCIARI (CNL)"
"CCNL per i dipendenti dagli istituti scolastici gestiti da enti privati";"Testo definitivo";"Enti e Istituzioni Private";"CNL; Federazione Nazionale Scuola Privata; FILD";"05/07/2019";"05/07/2019";"";"04/07/2021";"SCUOLE PRIVATE (CNL)"
"CCNL per i dipendenti dei centri di assistenza fiscale e degli esercenti l'attività di raccolta ed elaborazione dei dati del settore "Terziario e Servizi"";"Testo definitivo";"Commercio";"FENAPI; USAE; USAE FINART; USAE FILTES; ALI";"16/07/2019";"01/07/2019";"";"30/06/2021";"CAF ed Esercenti Raccolta ed Elaborazione Dati del settore Terziario e Servizi"
"Accordo integrativo del CCNL Turismo e Pubblici Esercizi siglato in data 28 maggio 2014 e successivi rinnovi ed integrazioni - cod. Inps 414";"Verbale integrativo";"Commercio";"SISTEMA IMPRESA; FESICA CONFSAL; CONFSAL";"25/09/2019";"";"";"";"TURISMO E PUBBLICI ESERCIZI"
"Verbale di riunione nell'ambito della trattativa per il rinnovo del CCNL Lapidei industria per il triennio 2019/2021";"Accordo economico";"Edilizia";"CONFINDUSTRIA MARMOMACCHINE; ANEPLA; FILLEA CGIL; FILCA CISL; FENEAL UIL";"18/09/2019";"";"";"";"LAPIDEI (Estr. e Lavoraz.): Industrie"
"Accordo per il rinnovo del CCNL 28 giugno 2016 per i lavoratori dipendenti da aziende esercenti l'attività di escavazione e lavorazione dei materiali lapidei, ghiaia, sabbia e inerti";"Accordo di rinnovo";"Edilizia";"CONFINDUSTRIA MARMOMACCHINE; ANEPLA; FENEAL UIL; FILCA CISL; FILLEA CGIL";"29/10/2019";"01/04/2019";"";"31/03/2022";"LAPIDEI (Estr. e Lavoraz.): Industrie"
"Verbale di accordo sui nuovi minimi contrattuali CCNL per i dipendenti da aziende del Terziario della Distribuzione e dei Servizi";"Accordo economico";"Commercio";"CONFCOMMERCIO IMPRESE PER L'ITALIA; FILCAMS CGIL; FISASCAT CISL; UILTUCS UIL";"10/09/2019";"01/01/2020";"";"";"COMMERCIO E SERVIZI"
"Verbale di accordo su modalità applicative e profili formativi dell'apprendistato professionalizzante nel CCNL per i dipendenti di aziende editrici e stampatrici di giornali quotidiani e agenzie di stampa";"Verbale integrativo";"Poligrafici e Spettacolo";"FIEG; ASIG; SLC CGIL; FISTEL CISL; UILCOM UIL";"16/10/2019";"16/10/2019";"";"";"GIORNALI E QUOTIDIANI: Operai e Impiegati"
"Accordo di rinnovo della parte economica del CCNL 11 luglio 2017 per i soci e i dipendenti delle cooperative esercenti attività prevalente nel settore autotrasporto, spedizione merci, logistica e facchinaggio";"Accordo economico";"Trasporti";"UNICOOP; UGL Viabilita' e Logistica";"01/10/2019";"01/01/2019";"";"10/07/2020";"AUTOTRASPORTO, SPEDIZIONE MERCI, LOGISTICA E FACCHINAGGIO (UNICOOP-UGL)"
"CCNL per i lavoratori e impiegati delle imprese che svolgono attività nel settore Metalmeccanico industria";"Testo definitivo";"Meccanici";"ATECA; ANEAS; ASSO PRO; FIADEL SP";"03/10/2019";"04/10/2019";"";"03/10/2022";"METALMECCANICA: Industria (ATECA)"
"CCNL per il personale direttivo, docente, educativo, amministrativo, tecnico ed ausiliario occupato nelle scuole non statali, enti di formazione, scuole di preparazione, scuole dell'infanzia, asili nido";"Testo definitivo";"Enti e Istituzioni Private";"ANAP; EUROIMPRESE ALBA; SELP; CONFASI; SLE";"04/11/2019";"04/11/2019";"";"03/11/2022";"FORMAZIONE, ISTRUZIONE, FORMAZIONE PROFESSIONALE, ASILI NIDO"
"CCNL consorzi ed enti di sviluppo industriale aderenti alla FICEI";"Testo definitivo";"Enti e Istituzioni Private";"FICEI; FP CGIL; FPS CISL; UIL FPL; FINDICI";"31/10/2019";"01/01/2019";"";"31/12/2021";"CONSORZI ED ENTI DI INDUSTRIALIZZAZIONE"
"Verbale di Accordo di proroga al 31/12/2019 del CCNL 31 ottobre 2014 e successive modifiche per i dirigenti delle agenzie marittime raccomandatarie, agenzie aeree e mediatori marittimi";"Verbale integrativo";"Trasporti";"FEDERAGENTI; MANAGERITALIA";"31/10/2019";"";"";"31/12/2019";"AGENZIE MARITTIME E AEREE E MEDIATORI MARITTIMI: Dirigenti"
"CCNL per i dipendenti delle imprese di Viaggi e Turismo";"Accordo di rinnovo";"Commercio";"FIAVET; CONFCOMMERCIO IMPRESE PER L'ITALIA; FILCAMS CGIL; FISASCAT CISL; UILTUCS UIL";"24/07/2019";"01/01/2019";"";"30/09/2020";"VIAGGI E TURISMO (FIAVET)"
"CCNL per i dipendenti dell'industria cineaudiovisiva";"Accordo di rinnovo";"Poligrafici e Spettacolo";"ANICA; SLC CGIL; FISTEL CISL; UILCOM UIL";"09/07/2019";"18/01/2018";"";"17/01/2021";"CINEMA AUDIOVISIVI: Industrie"
"CCNL per Frigoristi dipendenti da Piccole e Medie Imprese";"Testo definitivo";"Meccanici";"CNL; FILD; CIU; (ASSOFRIGORISTI disdetta del 20/04/2020)";"29/10/2019";"01/11/2019";"";"31/10/2022";"FRIGORISTI: PMI"
"CCNL per i dipendenti del terziario, commercio, distribuzione e servizi anche in forma cooperativa";"Testo definitivo";"Commercio";"ITALIA IMPRESA; UNFI; ISA";"30/11/2019";"01/12/2019";"";"30/11/2022";"TERZIARIO, COMMERCIO, DISTRIBUZIONE E SERVIZI - ITALIA IMPRESA"
"CCNL per il personale dirigente sanitario, professionale, tecnico e amministrativo dipendente da Ospedali Classificati, IRCCS e Presidi";"Testo definitivo";"Enti e Istituzioni Private";"ARIS; ANAAO ASSOMED; ADONP";"17/09/2019";"10/01/2020";"";"31/12/2022";"OSPEDALI CLASSIFICATI, IRCCS E PRESIDI (ARIS)"
"Verbale di Accordo nuova classificazione del personale CCNL per i lavoratori dipendenti da aziende esercenti l'attività di escavazione e lavorazione dei materiali lapidei, ghiaia, sabbia e inerti";"Verbale integrativo";"Edilizia";"CONFINDUSTRIA MARMOMACCHINE; ANEPLA; FENEAL UIL; FILCA CISL; FILLEA CGIL";"31/05/2018";"01/04/2019";"";"";"LAPIDEI (Estr. e Lavoraz.): Industrie"
"Accordo Quadro Associazione Domus";"Testo definitivo";"Altri Vari";"ASSOCOAZIONE NAZIONALE DOMUS; ASSOCIAZIONE PROFESSIONALE TAGESMUTTER DOMUS; FELSA CISL";"17/07/2018";"01/09/2018";"";"31/12/2021";"Lavoro non subordinato e rapporti di collaborazione (DOMUS)"
"CCNL per i dipendenti da piccole e medie imprese e artigiane cooperative del comparto dell'edilizia";"Testo definitivo";"Edilizia";"CNL; CNL Federazione Nazionale Edilizia; ONASPI; ONASPI Sicurezza Cantieri Edili Nazionale; QSS EUREKA Sicurezza ONASPI; FILD; FILD Federazione Edilizia";"05/07/2019";"05/07/2019";"";"30/06/2022";"EDILI: PMI, Artigiane, Cooperative (CNL-ONASPI-FILD)"
"Verbale di accordo per il rinnovo del CCNL 16 novembre 2016 per i dirigenti e per i quadri superiori delle piccole e medie aziende produttrici di beni e servizi";"Accordo di rinnovo";"Altri Vari";"CONFAPI; FEDERMANAGER";"17/12/2019";"01/01/2020";"";"31/12/2023";"DIRIGENTI: P.M.I."
"CCNL del personale delle Fabbricerie aderenti all'A.F.I.";"Testo definitivo";"Enti e Istituzioni Private";"AFI; FP CGIL; CISL FP; UIL FPL";"08/01/2020";"01/01/2018";"";"31/12/2020";"FABBRICERIE"
"Accordo per il rinnovo del CCNL 31 gennaio 2014 per i dirigenti e per i quadri superiori delle piccole e medie aziende produttrici di beni e servizi";"Accordo di rinnovo";"Altri Vari";"CONFAPI; FEDERMANAGER";"16/11/2016";"01/01/2017";"";"31/12/2019";"DIRIGENTI: P.M.I."
"CCNL del TRASPORTO AEREO - Parte specifica HANDLERS";"Accordo di rinnovo";"Trasporti";"ASSOHANDLERS; FILT CGIL; FIT CISL; UILTRASPORTI; UGL TRASPORTO AEREO";"11/12/2015";"01/07/2012";"";"30/06/2017";"AEREI: Trasporto Aereo"
"CCNL Aziende Broadcasting Radio, Tv. Service di Produzione Radio, Tv, Audiovisivo";"Testo definitivo";"Poligrafici e Spettacolo";"CONFLAVORO PIMI; LIBERSIND CONFSAL; CONFSAL";"16/12/2019";"01/01/2020";"";"31/12/2022";"Aziende Broadcasting Radio, Tv - Service di Produzione Radio, Tv, Audiovisivo"
"CCNL per i dipendenti degli Studi Dentistici";"Testo definitivo";"Commercio";"SIOD; SIASO CONFSAL; CONFSAL";"11/10/2018";"11/10/2018";"";"10/10/2021";"Studi Dentistici"
"Accordo interconfederale per l'aggiornamento del CCNL per i dipendenti degli Studi Dentistici siglato in data 11/10/2018 e con scadenza 10/10/2021";"Verbale integrativo";"Commercio";"SIOD; SIASO CONFSAL";"16/10/2018";"";"";"";"Studi Dentistici"
"CCNL settore Commercio, Terziario e Servizi";"Testo definitivo";"Commercio";"UNIONE; FDP ITALIA; CONFLAP";"03/02/2020";"01/02/2020";"";"01/02/2023";"COMMERCIO, TERZIARIO E SERVIZI (FDP ITALIA-UNIONE)"
"Integrativo ESAARCO CCNL per i dipendenti dalle imprese di acconciatura, estetica, tricologia non curativa, tatuaggio, piercing e centri benessere";"Verbale integrativo";"Commercio";"CIU; CEPA A; ESAARCO; ESAARCO Artigianato; ESAARCO Federcoop; CILA; SI CEL; ONAPS; CLI CIU; firma per adesione SIA CONFSAL";"08/05/2019";"";"";"";"Acconciatura, estetica,... (ESAARCO)"
"Integrativo ESAARCO CCNL per i dipendenti dei consorzi agrari";"Verbale integrativo";"Agricoltura";"CIU; ESAARCO; ESAARCO Federcoop; ESAARCO Agricoltura; CEPA A; SI CEL; CLI CIU; ONAPS; firma per adesione SIA CONFSAL";"08/05/2019";"";"";"";"CONSORZI AGRARI (ESAARCO)"
"Integrativo ESAARCO CCNL per i dipendenti dei consorzi di bonifica e di miglioramento fondiario";"Verbale integrativo";"Agricoltura";"CIU; ESAARCO; ESAARCO Federcoop; ESAARCO Agricoltura; CEPA A; SI CEL; CLI CIU; ONAPS; firma per adesione SIA CONFSAL";"08/05/2019";"";"";"";"CONSORZI di Bonifica e di Miglioramento Fondiario (ESAARCO)"
"Integrativo ESAARCO CCNL per i dipendenti delle cooperative e consorzi agricoli";"Verbale integrativo";"Agricoltura";"CIU; ESAARCO; ESAARCO Federcoop; ESAARCO Agricoltura; CEPA A; SI CEL; CLI CIU; ONAPS; firma per adesione SIA CONFSAL";"08/05/2019";"";"";"";"AGRICOLTURA: Cooperative e Consorzi Agricoli (ESAARCO)"
"Integrativo ESAARCO CCNL per i dipendenti addetti alle attività di sistemazione idraulico forestale e idraulico agraria";"Verbale integrativo";"Agricoltura";"CIU; ESAARCO; CEPA A; ESAARCO Federcoop; ESAARCO Agricoltura; SI CEL; ONAPS; CLI CIU; firma per adesione SIA CONFSAL";"08/05/2019";"";"";"";"SISTEMAZIONI IDRAULICO FORESTALI (ESAARCO)"
"Integrativo ESAARCO CCNL per gli impiegati agricoli";"Verbale integrativo";"Agricoltura";"CIU; ESAARCO; ESAARCO Agricoltura; CEPA A; SI CEL; CLI CIU; ONAPS; firma per adesione SIA CONFSAL";"08/05/2019";"";"";"";"AGRICOLTURA: Impiegati (ESAARCO)"
"Integrativo ESAARCO CCNL per gli operai agricoli e florovivaisti";"Verbale integrativo";"Agricoltura";"CIU; ESAARCO; ESAARCO Agricoltura; CEPA A; SI CEL; CLI CIU; ONAPS; firma per adesione SIA CONFSAL";"08/05/2019";"";"";"";"AGRICOLTURA: Operai e Florovivaisti (ESAARCO)"
"Integrativo ESAARCO CCNL per i dipendenti dalle autoscuole e dagli studi di consulenza automobilistica";"Verbale integrativo";"Trasporti";"CIU; CEPA A; ESAARCO; ESAARCO Autotrasporti; SI CEL; ONAPS; CLI CIU; firma per adesione SIA CONFSAL";"08/05/2019";"";"";"";"AUTOSCUOLE E STUDI DI CONSULENZA AUTOMOBILISTICA (ESAARCO)"
"Integrativo ESAARCO CCNL per i dipendenti dagli istituti per il sostentamento del clero";"Verbale integrativo";"Altri Vari";"CIU; CEPA A; ESAARCO; ESAARCO Sanità; ESAARCO Federcoop; SI CEL; ONAPS; CLI CIU; firma per adesione SIA CONFSAL";"08/05/2019";"";"";"";"ISTITUTI PER IL SOSTENTAMENTO DEL CLERO (ESAARCO)"
"Integrativo ESAARCO CCNL per i dipendenti delle PMI operanti nel settore Comunicatori d'impresa";"Verbale integrativo";"Poligrafici e Spettacolo";"CIU; CEPA A; ESAARCO; ESAARCO Servizi e Terziario; SI CEL; ONAPS; CLI CIU; firma per adesione SIA CONFSAL";"08/05/2019";"";"";"";"COMUNICATORI D'IMPRESA: P.M.I. (ESAARCO)"
"Integrativo ESAARCO CCNL per i dipendenti delle imprese artigiane edili e affini";"Verbale integrativo";"Edilizia";"CIU; CEPA A; ESAARCO; ESAARCO Costruttori edili e affini; CILA; UGL FNLE; SI CEL; ONAPS; CLI CIU; firma per adesione SIA CONFSAL";"08/05/2019";"";"";"";"EDILI: imprese artigiane edili e affini (ESAARCO)"
"Integrativo ESAARCO CCNL per i dipendenti delle cooperative di produzione e lavoro dell'edilizia e attività affini";"Verbale integrativo";"Edilizia";"CIU; CEPA A; ESAARCO; ESAARCO Costruttori edili e affini; ESAARCO Federcoop; UGL FNLE; CLI CIU; SI CEL; ONAPS; firma per adesione SIA CONFSAL";"08/05/2019";"";"";"";"EDILI: Cooperative di Produzione e Lavoro (ESAARCO)"
"Integrativo ESAARCO CCNL per i dipendenti da imprese edili e affini";"Verbale integrativo";"Edilizia";"CIU; CEPA A; ESAARCO; ESAARCO Costruttori edili e affini; UGL FNLE; SI CEL; ONAPS; CLI CIU; firma per adesione SIA CONFSAL";"08/05/2019";"";"";"";"EDILI: imprese edili e affini (ESAARCO)"
"Integrativo ESAARCO CCNL per i dipendenti delle piccole e medie industrie edili e affini";"Verbale integrativo";"Edilizia";"CIU; CEPA A; ESAARCO; ESAARCO Costruttori edili e affini; UGL FNLE; SI CEL; ONAPS; CLI CIU; firma per adesione SIA CONFSAL";"08/05/2019";"";"";"";"EDILI: PMI e affini (ESAARCO)"
"Integrativo ESAARCO CCNL sulla disciplina del rapporto di lavoro domestico";"Verbale integrativo";"Commercio";"CIU; CEPA A; ESAARCO; ESAARCO Sanità; ESAARCO Federcoop; UNICOLF ESAARCO; SI CEL; ONAPS; CLI CIU; firma per adesione SIA CONFSAL";"08/05/2019";"";"";"";"LAVORO DOMESTICO (ESAARCO)"
"Integrativo ESAARCO CCNL per i dipendenti dalle imprese artigiane metalmeccaniche e della installazione di impianti";"Verbale integrativo";"Meccanici";"CIU; CEPA A; ESAARCO; CILA; SI CEL; ONAPS; CLI CIU; firma per adesione SIA CONFSAL";"08/05/2019";"";"";"";"METALMECCANICA: artigiani (ESAARCO)"
"Integrativo ESAARCO CCNL per i dipendenti dalle aziende cooperative metalmeccaniche";"Verbale integrativo";"Meccanici";"CIU; CEPA A; ESAARCO; ESAARCO Federcoop; SI CEL; ONAPS; CLI CIU; firma per adesione SIA CONFSAL";"08/05/2019";"";"";"";"METALMECCANICA: Cooperative (ESAARCO)"
"Integrativo ESAARCO CCNL per i dipendenti dalle industrie metalmeccaniche private e della installazione di impianti";"Verbale integrativo";"Meccanici";"CEPA A; ESAARCO; ESAARCO Industria; SI CEL; ONAPS; CLI CIU; firma per adesione SIA CONFSAL";"08/05/2019";"";"";"";"METALMECCANICA: Industrie (ESAARCO)"
"Integrativo ESAARCO CCNL per i dipendenti delle piccole e medie industrie metalmeccaniche e di installazione di impianti";"Verbale integrativo";"Meccanici";"CIU; CEPA A; ESAARCO; ESAARCO Industria; SI CEL; ONAPS; CLI CIU; firma per adesione SIA CONFSAL";"08/05/2019";"";"";"";"METALMECCANICA: PMI (ESAARCO)"
"Integrativo ESAARCO CCNL per il personale dipendente imbarcato su natanti di cooperative di pesca marittima";"Verbale integrativo";"Alimentaristi - Agroindustriale";"CIU; ESAARCO; CEPA A; ESAARCO Pesca; ESAARCO Federcoop; SI CEL; ONAPS; CLI CIU; firma per adesione SIA CONFSAL";"08/05/2019";"";"";"";"PESCA MARITTIMA: Cooperative (ESAARCO)"
"Integrativo ESAARCO CCNL per il personale dipendente da cooperative eserceni attività di pesca marittima, maricoltura, acquacoltura e vallicoltura";"Verbale integrativo";"Alimentaristi - Agroindustriale";"CIU; CEPA A; ESAARCO; ESAARCO Pesca; ESAARCO Federcoop; SI CEL; ONAPS; CLI CIU; firma per adesione SIA CONFSAL";"08/05/2019";"";"";"";"PESCA: Cooperative (ESAARCO)"
"Integrativo ESAARCO CCNL per i dipendenti dalle imprese artigiane esercenti servizi di pulizia, disinfezione, disinfestazione, derattizzazione e sanificazione";"Verbale integrativo";"Aziende di Servizi";"CIU; CEPA A; ESAARCO; ESAARCO Federcoop; CILA; SI CEL; ONAPS; CLI CIU; firma per adesione SIA CONFSAL";"08/05/2019";"";"";"";"PULIZIA: Imprese Artigiane (ESAARCO)"
"Integrativo ESAARCO CCNL per i dipendenti da farmacie private";"Verbale integrativo";"Commercio";"CIU; CEPA A; ESAARCO; ESAARCO Sanità; ESAARCO Federcoop; SI CEL; ONAPS; CLI CIU; FENAL Sanità; firma per adesione SIA CONFSAL";"08/05/2019";"";"";"";"FARMACIE PRIVATE (ESAARCO)"
"Integrativo ESAARCO CCNL per il personale non medico dipendente da case di cura private laiche e religiose e da centri di riabilitazione";"Verbale integrativo";"Enti e Istituzioni Private";"CIU; CEPA A; ESAARCO; ESAARCO Sanità; ESAARCO Federcoop; SI CEL; ONAPS; CLI CIU; FENAL Sanità; firma per adesione SIA CONFSAL";"08/05/2019";"";"";"";"CASE DI CURA PRIVATE E CENTRI DI RIABILITAZIONE (ESAARCO)"
"Integrativo ESAARCO CCNL per i medici dipendenti dalle case di cura private laiche e religiose e da centri di riabilitazione";"Verbale integrativo";"Enti e Istituzioni Private";"CIU; CEPA A; ESAARCO; ESAARCO Sanità; ESAARCO Federcoop; SI CEL; ONAPS; CLI CIU; FENAL Sanità; firma per adesione SIA CONFSAL";"08/05/2019";"";"";"";"CASE DI CURA PRIVATE E CENTRI DI RIABILITAZIONE: Medici (ESAARCO)"
"Integrativo ESAARCO CCNL per il personale dipendente da residenze sanitarie assistenziali (RSA) e dalle altre strutture residenziali e socio-assistenziali";"Verbale integrativo";"Enti e Istituzioni Private";"CIU; CEPA A; ESAARCO; ESAARCO Sanità; ESAARCO Federcoop; SI CEL; ONAPS; CLI CIU; FENAL Sanità; firma per adesione SIA CONFSAL";"08/05/2019";"";"";"";"RSA E ALTRE STRUTTURE RESIDENZIALI E SOCIO-ASSISTENZIALI (ESAARCO)"
"Integrativo ESAARCO CCNL per il personale dipendente dalle realtà del settore assistenziale, sociale, socio-sanitario, educativo";"Verbale integrativo";"Enti e Istituzioni Private";"CIU; CEPA A; ESAARCO; ESAARCO Sanità; ESAARCO Federcoop; SI CEL; ONAPS; CLI CIU; FENAL Sanità; firma per adesione SIA CONFSAL";"08/05/2019";"";"";"";"REALTA' DEL SETTORE ASSISTENZIALE,SOCIALE, SOCIO-SANITARIO, EDUCATIVO (ESAARCO)"
"Integrativo ESAARCO CCNL per i dipendenti degli istituti scolastici-educativi gestiti da enti ecclesiastici";"Verbale integrativo";"Enti e Istituzioni Private";"CIU; CEPA A; ESAARCO; ESAARCO Scuole e Formazione Professionale; ESAARCO Federcoop; SI CEL; ONAPS; CLI CIU; FENALS CGS; firma per adesione SIA CONFSAL";"08/05/2019";"";"";"";"ISTITUTI SCOLASTICI-EDUCATIVI GESTITI DA ENTI ECCLESIASTICI (ESAARCO)"
"Integrativo ESAARCO CCNL per i dipendenti degli istituti scolastici gestiti da enti privati";"Verbale integrativo";"Enti e Istituzioni Private";"CIU; CEPA A; ESAARCO; ESAARCO Scuole e Formazione Professionale; ESAARCO Federcoop; SI CEL; ONAPS; CLI CIU; FENALS CGS; firma per adesione SIA CONFSAL";"08/05/2019";"";"";"";"ISTITUTI SCOLASTICI GESTITI DA ENTI PRIVATI (ESAARCO)"
"Integrativo ESAARCO CCNL per i dipendenti dalle scuole non statali";"Verbale integrativo";"Enti e Istituzioni Private";"CIU; CEPA A; ESAARCO; ESAARCO Scuole e Formazione Professionale; ESAARCO Federcoop; SI CEL; ONAPS; CLI CIU; FENALS CGS; firma per adesione SIA CONFSAL";"08/05/2019";"";"";"";"SCUOLE NON STATALI (ESAARCO)"
"Integrativo ESAARCO CCNL per i dipendenti da imprese esercenti servizi di pulizia e servizi integrati/multiservizi";"Verbale integrativo";"Aziende di Servizi";"CIU; CEPA A; ESAARCO; ESAARCO Industria; ESAARCO Federcoop; SI CEL; ONAPS; CLI CIU; firma per adesione SIA CONFSAL";"08/05/2019";"";"";"";"PULIZIA: Imprese (ESAARCO)"
"Integrativo ESAARCO CCNL per i dipendenti da Studi Odontoiatri";"Verbale integrativo";"Commercio";"CIU; ESAARCO; CEPA A; ESAARCO Federcoop; ESAARCO Servizi e Terziario; UGL; FENAL Sanità; SI CEL; ONAPS; CLI CIU; firma per adesione SIA CONFSAL";"08/05/2019";"";"";"";"Studi Odontoiatri (ESAARCO)"
"Integrativo ESAARCO CCNL per i dipendenti da Studi Professionali";"Verbale integrativo";"Commercio";"CIU; CEPA A; ESAARCO; ESAARCO Servizi e Terziario; ESAARCO Federcoop; SI CEL; ONAPS; CLI CIU; firma per adesione SIA CONFSAL";"08/05/2019";"";"";"";"Studi Professionali (ESAARCO)"
"Integrativo ESAARCO CCNL per i dipendenti delle aziende e società cooperative del settore trasporto viaggiatori, trasporto innovativo e delle centrali radio taxi";"Verbale integrativo";"Trasporti";"CIU; CEPA A; ESAARCO; ESAARCO Autotrasporti; SI CEL; ONAPS; CLI CIU; firma per adesione SIA CONFSAL";"08/05/2019";"";"";"";"TRASPORTO VIAGGIATORI, TRASPORTO INNOVATIVO E CENTRALI RADIO TAXI (ESAARCO)"
"Integrativo ESAARCO CCNL per i dipendenti da aziende del terziario di mercato: distribuzione e servizi";"Verbale integrativo";"Commercio";"CIU; CEPA A; ESAARCO; ESAARCO Servizi e Terziario; ESAARCO Federcoop; SI CEL; ONAPS; CLI CIU; firma per adesione SIA CONFSAL";"08/05/2019";"";"";"";"TERZIARIO DI MERCATO: DISTRIBUZIONE E SERVIZI (ESAARCO)"
"Integrativo ESAARCO CCNL per i dipendenti da istituti e imprese di vigilanza privata e servizi fiduciari";"Verbale integrativo";"Commercio";"CIU; CEPA A; ESAARCO; ESAARCO Vigilanza e Sicurezza; ESAARCO Federcoop; SI CEL; ONAPS; CLI CIU; firma per adesione SIA CONFSAL";"08/05/2019";"";"";"";"VIGILANZA PRIVATA E SERVIZI FIDUCIARI (ESAARCO)"
"CCNL settore Turismo";"Testo definitivo";"Commercio";"FDP ITALIA; UNIONE; CONFLAP";"12/02/2020";"01/02/2020";"";"01/02/2023";"TURISMO (FDP ITALIA-UNIONE)"
"Ipotesi di accordo per il rinnovo del CCNL 12.10.2016 per i dipendenti della piccola e media industria dei settori: tessile, abbigliamento, moda, calzature, pelli e cuoio, penne, spazzole e pennelli, occhiali, giocattoli";"Accordo di rinnovo";"Tessili";"UNIONTESSILE CONFAPI; FILCTEM CGIL; FEMCA CISL; UILTEC UIL";"24/01/2020";"01/04/2019";"";"31/03/2023";"TESSILI ABBIGLIAMENTO: P.M.I."
"CCNL settore Multiservizi";"Testo definitivo";"Aziende di Servizi";"FDP ITALIA; UNIONE; CONFLAP";"20/02/2020";"01/02/2020";"";"01/02/2023";"MULTISERVIZI (FDP ITALIA-UNIONE)"
"CCNL per i lavoratori dipendenti delle imprese esercenti attività nei settori Agricoltura e Florovivaismo, Fioricoltura, Forestale e menutenzione giardini";"Testo definitivo";"Agricoltura";"ATECA; ANEAS; ASSO PRO; FIADEL SP";"01/02/2020";"01/02/2020";"";"31/01/2025";"AGRICOLTURA, FLOROVIVAISMO, FIORICOLTURA, FORESTALE E MANUTENZIONE GIARDINI (ATECA)"
"CCNL per gli addetti imbarcati su natanti esercenti la pesca marittima";"Testo definitivo";"Alimentaristi - Agroindustriale";"FEDERPESCA; FAI CISL; FLAI CGIL; UILA Pesca";"19/03/2019";"01/01/2018";"";"31/12/2021";"PESCA MARITTIMA: Industrie"
"CCNL Logistica, trasporto merci e spedizione";"Testo definitivo";"Trasporti";"UNILAVORO PMI; SISTEMA INDUSTRIA ITALIA; CONFSAL FISALS";"05/12/2019";"10/12/2019";"";"09/12/2024";"LOGISTICA, TRASPORTO MERCI E SPEDIZIONE (UNILAVORO PMI)"
"Ipotesi di verbale di Accordo di rinnovo del CCNL per gli addetti all'industria Chimico-Coibenti";"Accordo di rinnovo";"Chimici";"ANICTA; FILCTEM CGIL; FEMCA CISL; UILTEC UIL";"19/12/2019";"01/01/2020";"";"30/06/2022";"COIBENTAZIONI TERMICHE ACUSTICHE"
"Accordo modificativo del CCNL per i dipendenti del terziario: Commercio, Distribuzione e Servizi del 1 luglio 2013 - cod. Inps "413"";"Verbale integrativo";"Commercio";"SISTEMA IMPRESA; FESICA CONFSAL; CONFSAL";"19/02/2020";"";"";"";"DIPENDENTI DEL TERZIARIO: COMMERCIO, DISTRIBUZIONE E SERVIZI (SCI-CONFSAL)"
"CCNL per artisti, tecnici, amministrativi e ausiliari dipendenti da società cooperative e imprese sociali operanti nel settore della produzione culturale e dello spettacolo";"Accordo di rinnovo";"Poligrafici e Spettacolo";"AGCI CULTURALIA; CONFCOOPERATIVE CULTURA TURISMO SPORT; CULTURMEDIA LEGACOOP; SLC CGIL; FISTEL CISL; UILCOM UIL";"19/02/2020";"01/01/2019";"";"31/12/2022";"PRODUZIONE CULTURALE E SPETTACOLO: Cooperative e Imprese Sociali"
"CCNL per i dipendenti degli istituti investigativi privati e delle agenzie di sicurezza sussidiaria o complementare";"Testo definitivo";"Commercio";"FEDERPOL; SISTEMA IMPRESA; FESICA CONFSAL; CONFSAL";"19/02/2020";"01/01/2020";"";"31/12/2022";"ISTITUTI INVESTIGATIVI PRIVATI E AGENZIE SICUREZZA SUSSIDIARIA O COMPLEMENTARE (FEDERPOL)"
"Accordo integrativo del CCNL per i dipendenti degli istituti investigativi privati e delle agenzie di sicurezza sussidiaria o complementare";"Verbale integrativo";"Commercio";"FEDERPOL; SISTEMA IMPRESA; FESICA CONFSAL; CONFSAL";"19/02/2020";"";"";"";"ISTITUTI INVESTIGATIVI PRIVATI E AGENZIE SICUREZZA SUSSIDIARIA O COMPLEMENTARE (FEDERPOL)"
"CCNL per i dipendenti impiegati nei comparti Edilizia Piccole e Medie Imprese";"Testo definitivo";"Edilizia";"ERSAF; CEUQ";"22/04/2020";"30/04/2020";"";"29/04/2022";"EDILI: PMI (ERSAF-CEUQ)"
"CCNL per i dipendenti delle piccole e medie industrie del settore alimentare";"Testo definitivo";"Alimentaristi - Agroindustriale";"UNILAVORO PMI; CONFSAL FISALS";"24/02/2020";"01/04/2020";"";"31/03/2025";"ALIMENTARISTI: PMI (UNILAVORO PMI)"
"CCNL per i dipendenti delle famiglie e per i dipendenti e soci lavoratori da cooperative esercenti attività del settore Colf e Badanti";"Testo definitivo";"Commercio";"COOPITALIANE; ADLI; FAMAR; CONFAMAR";"10/02/2020";"01/03/2020";"";"31/12/2024";"COLF E BADANTI (COOPITALIANE-ADLI)"
"CCNL per i dipendenti addetti alle piccole e medie imprese metalmeccaniche e di installazione di impianti";"Testo definitivo";"Meccanici";"UNILAVORO PMI; CONFSAL FISALS";"02/03/2020";"01/04/2020";"";"31/03/2025";"METALMECCANICA: P.M.I. (UNILAVORO PMI)"
"CCNL per il personale dipendente da Croce Rossa Italiana, enti del terzo settore, organizzazioni di volontariato, fondazioni";"Testo definitivo";"Enti e Istituzioni Private";"CROCE ROSSA ITALIANA; FP CGIL; UIL FPL; CISL FP";"27/05/2020";"01/01/2020";"";"31/12/2022";"CROCE ROSSA ITALIANA E ALTRE REALTA' DEL TERZO SETTORE"
"CCNL per i lavoratori ed impiegati delle imprese operanti nel settore dei servizi di pulizia, multiservizi e attività affini";"Testo definitivo";"Aziende di Servizi";"CONAPI; UNSIL";"01/06/2020";"01/06/2020";"";"31/05/2023";"PULIZIE: Imprese del settore pulizia, multiservizi e attività affini (CONAPI - UNSIL)"
"CCNL per i dipendenti del settore terziario, commercio e servizi alle imprese";"Testo definitivo";"Commercio";"CONAPI; UNSIL";"01/06/2020";"03/06/2020";"";"31/05/2023";"TERZIARIO, COMMERCIO E SERVIZI ALLE IMPRESE (CONAPI - UNSIL)"
"CCNL per il personale di aziende cooperative di trasformazione di prodotti agricoli e zootecnici e lavorazione prodotti alimentari";"Testo definitivo";"Alimentaristi - Agroindustriale";"CONAPI; SILPA";"13/11/2019";"13/11/2019";"";"12/11/2022";"ALIMENTARISTI: Cooperative (CONAPI - SILPA)"
"CCNL per il personale dipendente del Settore Domestico";"Testo definitivo";"Commercio";"CONAPI; UNSIL";"15/06/2020";"15/06/2020";"";"14/06/2023";"Settore DOMESTICO (CONAPI - UNSIL)"
"CCNL per dirigenti, quadri, impiegati e operai dipendenti da aziende che producono, installano o gestiscono macchine, impianti, apparecchi o componenti per il freddo industriale, commerciale, alimentare o di laboratorio, sinteticamente detto CCNL Frigoristi";"Testo definitivo";"Meccanici";"ASSOFRIGORISTI; ANPIT; CISAL Metalmeccanici; CISAL; CONFEDIR";"30/06/2020";"01/07/2020";"";"30/06/2023";"FRIGORISTI"
"CCNL per i lavoratori agricoli, florovivaisti, forestali e della pesca";"Testo definitivo";"Agricoltura";"UNILAVORO PMI; CONFSAL FISALS";"06/07/2020";"01/08/2020";"";"31/07/2025";"LAVORATORI AGRICOLI, FLOROVIVAISTI, FORESTALI E DELLA PESCA"
"CCNL per il personale dipendente dai settori socio-assistenziale, socio-sanitario ed educativo UNEBA 2017-2019";"Testo definitivo";"Enti e Istituzioni Private";"UNEBA; FP CGIL; FISASCAT CISL; FP CISL; UILTUCS UIL; UIL FPL";"14/02/2020";"01/01/2017";"";"31/12/2019";"ISTITUZIONI E SERVIZI SOCIO-ASSISTENZIALI (UNEBA)"
"Ipotesi di accordo per il rinnovo del CCNL per il personale dipendente da imprese esercenti servizi postali in appalto";"Accordo di rinnovo";"Aziende di Servizi";"FISE ASSOPOSTE; SLC CGIL; SLP CISL; UIL POSTE";"14/07/2020";"";"";"31/12/2021";"SERVIZI POSTALI IN APPALTO"
"CCNL per la disciplina dell'attività di consegna di beni per conto altrui, svolta da lavoratori autonomi, c.d. Rider";"Testo definitivo";"Altri Vari";"ASSODELIVERY; UGL";"15/09/2020";"03/11/2020";"";"02/11/2023";"RIDER"
"Accordo per la disciplina del lavoro agile";"Verbale integrativo";"Meccanici";"ANPIT; ASCOB; ASSOFRIGORISTI; CIDEC; CONFIMPRENDITORI; UNICA; CISAL Metalmeccanici; CISAL Terziario";"27/07/2020";"";"";"";"FRIGORISTI"
"Accordo per la disciplina del lavoro agile";"Verbale integrativo";"Commercio";"ANPIT; ASCOB; ASSOFRIGORISTI; CIDEC; CONFIMPRENDITORI; UNICA; CISAL Metalmeccanici; CISAL Terziario";"27/07/2020";"";"";"";"VIGILANZA PRIVATA, INVESTIGAZIONI E SERVIZI FIDUCIARI"
"Accordo per la disciplina del lavoro agile";"Verbale integrativo";"Altri Vari";"ANPIT; ASCOB; ASSOFRIGORISTI; CIDEC; CONFIMPRENDITORI; UNICA; CISAL Metalmeccanici; CISAL Terziario";"27/07/2020";"";"";"";"TERZIARIO E SERVIZI, FACILITY MANAGEMENT, LAVORAZIONI MECCANICHE, LAVORI EDILI AUSILIARI: Cooperative"
"Accordo per la disciplina del lavoro agile";"Verbale integrativo";"Enti e Istituzioni Private";"ANPIT; ASCOB; ASSOFRIGORISTI; CIDEC; CONFIMPRENDITORI; UNICA; CISAL Metalmeccanici; CISAL Terziario";"27/07/2020";"";"";"";"UNIVERSITA' TELEMATICHE E SERVIZI COLLEGATI"
"CCNL per i dipendenti delle piccole e medie imprese metalmeccaniche e di installazione di impianti";"Testo definitivo";"Meccanici";"CIFA; CONFSAL";"20/07/2020";"01/07/2020";"";"30/06/2023";"METALMECCANICA: P.M.I. (CIFA)"
"Accordo economico collettivo per la disciplina del rapporto di agenzia e rappresentanza commerciale del settore del commercio";"Testo definitivo";"Commercio";"FENAILP; UGIFAI";"12/06/2020";"01/07/2020";"";"30/06/2024";"AGENZIA E RAPPRESENTANZA SETTORE COMMERCIO (Fenailp-Ugifai)"
"Accordo economico collettivo per la disciplina del rapporto di agenzia e rappresentanza commerciale del settore artigiano";"Testo definitivo";"Commercio";"FENAILP; UGIFAI";"12/06/2020";"01/07/2020";"";"30/06/2024";"AGENZIA E RAPPRESENTANZA SETTORE ARTIGIANO (Fenailp-Ugifai)"
"Accordo economico collettivo per la disciplina del rapporto di agenzia e rappresentanza commerciale del settore industriale";"Testo definitivo";"Commercio";"FENAILP; UGIFAI";"12/06/2020";"01/07/2020";"";"30/06/2024";"AGENZIA E RAPPRESENTANZA SETTORE INDUSTRIALE (Fenailp-Ugifai)"
"CCNL per i dirigenti medici dipendenti delle strutture sanitarie, socio sanitarie e socio assistenziali di diritto privato";"Testo definitivo";"Enti e Istituzioni Private";"ARIS; CIMOP";"07/10/2020";"01/07/2020";"";"30/06/2023";"SANITA': Personale medico area privata"
"CCNL per il personale non medico dipendente degli IRCCS e delle strutture sanitarie ospedaliere iscritte ad Aiop e Aris";"Testo definitivo";"Enti e Istituzioni Private";"AIOP; ARIS; FP CGIL; CISL FP; UIL FPL; UGL Sanità";"08/10/2020";"01/01/2016";"";"31/12/2018";"SANITA': Personale non medico area privata"
"CCNL per i dipendenti delle imprese edili artigiane e delle piccole e medie imprese industriali edili e affini";"Testo definitivo";"Edilizia";"ANEAS; ATECA; ASSO PRO; FIADEL";"30/09/2020";"30/09/2020";"";"30/09/2023";"EDILI: imprese artigiane, PMI, cooperative (ATECA)"
"Accordo modificativo del CCNL per i dipendenti degli istituti investigativi privati e delle agenzie di sicurezza sussidiaria o complementare";"Verbale integrativo";"Commercio";"FEDERPOL; FESICA CONFSAL";"11/11/2020";"";"";"";"ISTITUTI INVESTIGATIVI PRIVATI E AGENZIE SICUREZZA SUSSIDIARIA O COMPLEMENTARE (FEDERPOL)"
"CCNL per il personale medico dipendente di strutture sanitarie private";"Testo definitivo";"Enti e Istituzioni Private";"ANEAS; ATECA; ASSO PRO; FIADEL SP";"30/09/2020";"30/09/2020";"";"30/09/2023";"STRUTTURE SANITARIE PRIVATE: personale medico (ATECA)"
"Ipotesi di accordo per il rinnovo del CCNL per il personale dipendente da imprese esercenti servizi di telecomunicazione";"Accordo di rinnovo";"Aziende di Servizi";"ASSOTELECOMUNICAZIONI ASSTEL; SLC CGIL; FISTEL CISL; UILCOM UIL";"12/11/2020";"12/11/2020";"";"31/12/2022";"TELECOMUNICAZIONI"
"Verbale di Accordo relativo alla parte economica e normativa del CCNL per la piccola e media industria manifatturiera metalmeccanica e della installazione di impianti scaduto il 31 maggio 2019, attualmente in regime di utrattività";"Verbale integrativo";"Meccanici";"CONFIMI IMPRESA MECCANICA; FIM CISL; UILM UIL";"17/11/2020";"";"";"";"METALMECCANICA: P.M.I. - CONFIMI"
"Ipotesi di accordo per il rinnovo del CCNL 16/11/2016 per gli addetti all'industria delle piastrelle di ceramica, dei materiali refrattari, ceramica sanitaria, di porcellane e ceramiche per uso domestico e ornamentale, di ceramica tecnica, di tubi in gres";"Accordo di rinnovo";"Chimici";"CONFINDUSTRIA CERAMICA; FILCTEM CGIL; FEMCA CISL; UILTEC UIL";"26/11/2020";"01/01/2020";"";"30/06/2023";"PIASTRELLE E REFRATTARI: Industrie"
"Accordo interconfederale integrativo e modificativo del CCNL Aziende Broadcasting Radio, Tv. Service di Produzione Radio, Tv, Audiovisivo del 16/12/2019";"Verbale integrativo";"Poligrafici e Spettacolo";"CONFLAVORO PIMI; LIBERSIND CONFSAL; CONFSAL";"06/11/2020";"";"";"";"Aziende Broadcasting Radio, Tv - Service di Produzione Radio, Tv, Audiovisivo"
"CCNL per il personale dipendente dall'AVIS";"Testo definitivo";"Enti e Istituzioni Private";"AVIS; CISL FP; UIL FPL";"23/11/2020";"01/01/2020";"";"31/12/2022";"SANITA': Dipendenti AVIS"
"CCNL del settore Ristorazione";"Testo definitivo";"Commercio";"FIR Federazione Italiana Ristorazione; Confederazione Imprese Unite per l'Italia; CONFIAL Confederazione Italiana Autonoma Lavoratori; CIU Confederazione Italiana di Unione delle Professioni Intellettuali";"22/12/2020";"01/01/2021";"";"31/12/2025";"RISTORAZIONE"
"Secondo avviso comune relativo al DPCM 11 marzo 2020 e alle ulteriori misure in materia di contenimento e gestione dell'emergenza epidemiologica da COVID-19";"Verbale integrativo";"Chimici";"FEDERCHIMICA; FARMINDUSTRIA; FILCTEM CGIL; FEMCA CISL; UILTEC UIL";"12/03/2020";"";"";"";"CHIMICO FARMACEUTICA e AFFINI: Industrie"
"Avviso comune per il sostegno dei lavoratori e delle imprese del turismo danneggiati dall'emergenza epidemiologica da Covid-19";"Verbale integrativo";"Commercio";"FIPE; FEDERALBERGHI; FIAVET; FAITA; CONFCOMMERCIO; FILCAMS CGIL; FISASCAT CISL; UILTUCS UIL";"14/07/2020";"";"";"";"TURISMO (AZIENDE CONFCOMMERCIO)"
"Avviso comune per il sostegno dei lavoratori e delle imprese del turismo danneggiati dall'emergenza epidemiologica da Covid-19";"Verbale integrativo";"Commercio";"FIPE; FEDERALBERGHI; FIAVET; FAITA; CONFCOMMERCIO; FILCAMS CGIL; FISASCAT CISL; UILTUCS UIL";"14/07/2020";"";"";"";"VIAGGI E TURISMO (FIAVET)"
"Avviso comune per il sostegno dei lavoratori e delle imprese del turismo danneggiati dall'emergenza epidemiologica da Covid-19";"Verbale integrativo";"Commercio";"FIPE; FEDERALBERGHI; FIAVET; FAITA; CONFCOMMERCIO; FILCAMS CGIL; FISASCAT CISL; UILTUCS UIL";"14/07/2020";"";"";"";"PUBBLICI ESERCIZI, RISTORAZIONE COLLETTIVA E COMMERCIALE E TURISMO"
"Protocollo condiviso - Misure di prevenzione, contrasto e contenimento della diffusione del virus Covid-19 nel settore bancario";"Verbale integrativo";"Credito Assicurazioni";"ABI; FABI; FIRST CISL; FISAC CGIL; UILCA; UNISIN FALCRI SILCEA SINFUB";"16/03/2020";"";"";"";"BANCARI: ABI (Dirigenti)"
"Verbale di riunione - Integrazione al Protocollo condiviso del 16 marzo 2020 recante “Misure di prevenzione, contrasto e contenimento della diffusione del virus Covid-19 nel settore bancario”";"Verbale integrativo";"Credito Assicurazioni";"ABI; FABI; FIRST CISL; FISAC CGIL; UILCA; UNISIN FALCRI SILCEA SINFUB";"24/03/2020";"";"";"";"BANCARI: ABI (Dirigenti)"
"Verbale di accordo - Accesso alle prestazioni ordinarie del Fondo di solidarietà con causale "covid-19 nazionale"";"Verbale integrativo";"Credito Assicurazioni";"ABI; FABI; FIRST CISL; FISAC CGIL; UILCA; UNISIN FALCRI SILCEA SINFUB";"16/04/2020";"";"";"";"BANCARI: ABI (Dirigenti)"
"Protocollo condiviso - Misure di prevenzione, contrasto e contenimento della diffusione del virus Covid-19 per garantire l’erogazione dei servizi del settore bancario ai sensi del DPCM 26 aprile 2020";"Verbale integrativo";"Credito Assicurazioni";"ABI; FABI; FIRST CISL; FISAC CGIL; UILCA; UNISIN FALCRI SILCEA SINFUB";"28/04/2020";"";"";"";"BANCARI: ABI (Dirigenti)"
"Verbale di riunione - Integrazione al Protocollo condiviso del 28 aprile 2020 recante “Misure di prevenzione, contrasto e contenimento della diffusione del virus Covid-19 per garantire l’erogazione dei servizi del settore bancario ai sensi del DPCM 26 aprile 2020”";"Verbale integrativo";"Credito Assicurazioni";"ABI; FABI; FIRST CISL; FISAC CGIL; UILCA; UNISIN FALCRI SILCEA SINFUB";"12/05/2020";"";"";"";"BANCARI: ABI (Dirigenti)"
"Verbale di riunione - Aggiornamento e integrazione al Protocollo condiviso del 28 aprile 2020 contenente le misure di prevenzione, contrasto e contenimento della diffusione del virus Covid-19 per garantire l’erogazione dei servizi del settore bancario";"Verbale integrativo";"Credito Assicurazioni";"ABI; FABI; FIRST CISL; FISAC CGIL; UILCA; UNISIN FALCRI SILCEA SINFUB";"06/07/2020";"";"";"";"BANCARI: ABI (Dirigenti)"
"Verbale di accordo sul Protocollo standard di cui all'Accordo Quadro per la istituzione del Comitato Territoriale per il contrasto e il contenimento della diffusione virus covid-19 negli ambienti di lavoro delle aziende del settore Terziario Distribuzione e Servizi";"Verbale integrativo";"Commercio";"CONFESERCENTI; FILCAMS CGIL; FISASCAT CISL; UILTUCS UIL";"20/05/2020";"";"";"";"TERZIARIO, DISTRIBUZIONE E SERVIZI (CONFESERCENTI)"
"Accordo per la bilateralità del Terziario distribuzione servizi e turismo - Emergenza sanitaria Covid19";"Verbale integrativo";"Commercio";"CONFESERCENTI; FILCAMS CGIL; FISASCAT CISL; UILTUCS UIL";"30/07/2020";"";"";"";"TERZIARIO, DISTRIBUZIONE E SERVIZI (CONFESERCENTI)"
"Accordo per la bilateralità del Terziario distribuzione servizi e turismo - Emergenza sanitaria Covid19";"Verbale integrativo";"Commercio";"CONFESERCENTI; FILCAMS CGIL; FISASCAT CISL; UILTUCS UIL";"30/07/2020";"";"";"";"TURISMO (AZIENDE CONFESERCENTI)"
"Accordo per la bilateralità del Terziario distribuzione servizi e turismo - Emergenza sanitaria Covid19";"Verbale integrativo";"Commercio";"CONFCOMMERCIO IMPRESE PER L'ITALIA; FILCAMS CGIL; FISASCAT CISL; UILTUCS UIL";"26/05/2020";"";"";"";"COMMERCIO E SERVIZI"
"Accordo conciliazioni telematiche (CCNL Terziario, Distribuzione e Servizi)";"Verbale integrativo";"Commercio";"CONFCOMMERCIO IMPRESE PER L'ITALIA; FILCAMS CGIL; FISASCAT CISL; UILTUCS UIL";"30/04/2020";"";"";"";"COMMERCIO E SERVIZI"
"Accordo intervento straordinario bilateralità turismo";"Verbale integrativo";"Commercio";"FIPE; FEDERALBERGHI; FIAVET; FAITA; CONFCOMMERCIO IMPRESE PER L'ITALIA; FILCAMS CGIL; FISASCAT CISL; UILTUCS UIL";"09/06/2020";"";"";"";"TURISMO (AZIENDE CONFCOMMERCIO)"
"Accordo intervento straordinario bilateralità turismo";"Verbale integrativo";"Commercio";"FIPE; FEDERALBERGHI; FIAVET; FAITA; CONFCOMMERCIO IMPRESE PER L'ITALIA; FILCAMS CGIL; FISASCAT CISL; UILTUCS UIL";"09/06/2020";"";"";"";"PUBBLICI ESERCIZI, RISTORAZIONE COLLETTIVA E COMMERCIALE E TURISMO"
"Accordo intervento straordinario bilateralità turismo";"Verbale integrativo";"Commercio";"FIPE; FEDERALBERGHI; FIAVET; FAITA; CONFCOMMERCIO IMPRESE PER L'ITALIA; FILCAMS CGIL; FISASCAT CISL; UILTUCS UIL";"09/06/2020";"";"";"";"VIAGGI E TURISMO (FIAVET)"
"Verbale di accordo sul Protocollo standard di cui all'Accordo Quadro per la istituzione del Comitato Territoriale per il contrasto e il contenimento della diffusione virus covid-19 negli ambienti di lavoro delle aziende del settore Terziario Distribuzione e Servizi";"Verbale integrativo";"Commercio";"CONFCOMMERCIO IMPRESE PER L'ITALIA; FILCAMS CGIL; FISASCAT CISL; UILTUCS UIL";"18/05/2020";"";"";"";"COMMERCIO E SERVIZI"
"Avviso comune per le politiche attive a sostegno dei lavoratori e delle imprese del turismo danneggiati dall'epidemia Covid-19";"Verbale integrativo";"Commercio";"FIPE; FEDERALBERGHI; FIAVET; FAITA; CONFCOMMERCIO IMPRESE PER L'ITALIA; FILCAMS CGIL; FISASCAT CISL; UILTUCS UIL";"28/02/2020";"";"";"";"TURISMO (AZIENDE CONFCOMMERCIO)"
"Avviso comune per le politiche attive a sostegno dei lavoratori e delle imprese del turismo danneggiati dall'epidemia Covid-19";"Verbale integrativo";"Commercio";"FIPE; FEDERALBERGHI; FIAVET; FAITA; CONFCOMMERCIO IMPRESE PER L'ITALIA; FILCAMS CGIL; FISASCAT CISL; UILTUCS UIL";"28/02/2020";"";"";"";"PUBBLICI ESERCIZI, RISTORAZIONE COLLETTIVA E COMMERCIALE E TURISMO"
"Avviso comune per le politiche attive a sostegno dei lavoratori e delle imprese del turismo danneggiati dall'epidemia Covid-19";"Verbale integrativo";"Commercio";"FIPE; FEDERALBERGHI; FIAVET; FAITA; CONFCOMMERCIO IMPRESE PER L'ITALIA; FILCAMS CGIL; FISASCAT CISL; UILTUCS UIL";"28/02/2020";"";"";"";"VIAGGI E TURISMO (FIAVET)"
"Verbale integrativo per le attività di lungometraggi low budget, documentari e cortometraggi  a cui si applicano le seguenti specifiche alla proposta di Protocollo per la tutela dei lavoratori del Settore Cine-audiovisivo";"Verbale integrativo";"Poligrafici e Spettacolo";"CONFARTIGIANATO Cineaudiovisivo; CNA Cinema e Audiovisivo; CASARTIGIANI; CLAAI; SLC CGIL; FISTEL CISL; UILCOM UIL";"27/05/2020";"";"";"";"CINEAUDIOVISIVE: Imprese Artigiane"
"Protocollo condiviso per la tutela dei lavoratori del settore cine-audiovisivo";"Verbale integrativo";"Poligrafici e Spettacolo";"ANICA; APA; APE; CNA Cinema e Audiovisivo; CONFARTIGIANATO Cineaudiovisivo; SLC CGIL; FISTEL CISL; UILCOM UIL";"07/07/2020";"";"";"";"CINEMA AUDIOVISIVI: Industrie"
"Protocollo condiviso per la tutela dei lavoratori del settore cine-audiovisivo";"Verbale integrativo";"Poligrafici e Spettacolo";"ANICA; APA; APE; CNA Cinema e Audiovisivo; CONFARTIGIANATO Cineaudiovisivo; SLC CGIL; FISTEL CISL; UILCOM UIL";"07/07/2020";"";"";"";"CINEAUDIOVISIVE: Imprese Artigiane"
"Verbale di accordo sul Lavoro Agile";"Verbale integrativo";"Aziende di Servizi";"POSTE ITALIANE SPA; SLC CGIL; SLP CISL; UILPOSTE; FAILP CISAL; CONFSAL COMUNICAZIONI; FNC UGL COMUNICAZIONI";"18/12/2020";"";"";"31/12/2021";"ENTE POSTE ITALIANE (Poste Italiane spa)"
"CCNL per Metalmeccanica";"Testo definitivo";"Meccanici";"FEDERPARTITEIVA; FID";"08/01/2021";"01/10/2020";"";"30/09/2023";"METALMECCANICA (FederPartiteIva)"
"CCNL per il personale navigante sulle navi minori fino a 500 t.s.l. e per i naviganti imbarcati su navi veloci del trasporto passeggeri in acque marittime, lagunari, lacuali e fluviali che effettuano servizio giornaliero senza aver alcuna struttura per il pernottamento a bordo";"Testo definitivo";"Trasporti";"AIATP; CISAL; FEDERMAR CISAL";"18/12/2020";"01/01/2021";"";"31/12/2022";"MARITTIMI: navi minori fino a 500 tsl e navi veloci"
"Ipotesi di rinnovo del CCNL dei lavoratori dipendenti dalle imprese del sistema industriale integrato di beni e servizi tessili e medici affini";"Accordo di rinnovo";"Tessili";"ASSOSISTEMA CONFINDUSTRIA; FILCTEM CGIL; FEMCA CISL; UILTEC UIL";"05/01/2021";"01/04/2019";"";"31/12/2022";"LAVANDERIE, TINTORIE ... : Industrie"
"Protocollo modificativo d'intesa - Modifica al CCNL per le lavoratrici e i lavoratori delle cooperative del settore socio-sanitario, umanitario, assistenziale-educativo e di inserimento lavorativo";"Verbale integrativo";"Enti e Istituzioni Private";"UNICOOP; UGL Sanità";"05/01/2021";"";"";"";"COOPERATIVE SETTORE SOCIO-SANITARIO, UMANITARIO, ASSISTENZIALE-EDUCATIVO E DI INSERIMENTO LAVORATIVO (UNICOOP-UGL)"
"Ipotesi di Accordo per il rinnovo del CCNL Grafici Editori";"Accordo di rinnovo";"Poligrafici e Spettacolo";"ASSOGRAFICI; AIE; ANES; SLC CGIL; FISTEL CISL; UILCOM UIL";"19/01/2021";"01/01/2021";"";"31/12/2022";"EDITORIA E GRAFICA: Industrie"
"CCNL Area Alimentazione-Panificazione - Accordo di rinnovo della Parte II - Imprese non artigiane del settore Alimentare che occupano fino a 15 dipendenti";"Accordo di rinnovo";"Alimentaristi - Agroindustriale";"CNA Agroalimentare; CONFARTIGIANATO Alimentazione; CASARTIGIANI; CLAAI; FLAI CGIL; FAI CISL; UILA UIL";"28/01/2021";"";"";"31/12/2022";"ALIMENTARISTI: Artigiane"
"CCNL per i dipendenti delle aziende agricole, agrituristiche, fattorie didattiche - sociali e florovivaiste costituite anche in forma cooperativa";"Testo definitivo";"Agricoltura";"UCI; ERSAF; AIC; FENAIPA ITALIA; CEUQ; UIC; CONFEDIR";"21/01/2021";"01/02/2021";"";"01/02/2024";"AZIENDE AGRICOLE, AGRITURISTICHE, FATTORIE DIDATTICHE - SOCIALI E FLOROVIVAISTE anche in forma cooperativa"
"CCNL per il personale dipendente non medico da strutture sanitarie, socio-sanitarie, e cooperative socio sanitarie assistenziali ed educative private";"Testo definitivo";"Enti e Istituzioni Private";"ERSAF; FENAIPA Italia; CEUQ; CONFEDIR";"21/01/2021";"01/02/2021";"";"01/02/2024";"STRUTTURE SANITARIE, SOCIO-SANITARIE E COOPERATIVE SOCIO SANITARIE ASSISTENZIALI ED EDUCATIVE PRIVATE: personale non medico (ERSAF-CEUQ-CONFEDIR)"
"CCNL INTERSETTORIALE - Commercio, Terziario, Distribuzione Servizi, Pubblici Esercizi e Turismo";"Testo definitivo";"Commercio";"ERSAF; FENAIPA Italia; CEUQ; CONFEDIR";"21/01/2021";"01/02/2021";"";"01/02/2024";"INTERSETTORIALE: Commercio, Terziario, Distribuzione Servizi, Pubblici Esercizi e Turismo (ERSAF)"
"CCNL per i dipendenti da studi professionali";"Testo definitivo";"Commercio";"FISAPI; ASSIMEA; ASSIMPRESA; CEPI; FISALP CONFSAL; SIASO; CONFSAL";"26/11/2020";"01/12/2020";"";"30/11/2023";"Studi Professionali (Fisapi-Fisalp Confsal)"
"Ipotesi di accordo per il rinnovo del CCNL per il personale dipendente da imprese esercenti l'attività funebre";"Accordo di rinnovo";"Trasporti";"FENIOF; CONFCOMMERCIO IMPRESE PER L'ITALIA; FILT CGIL; FIT CISL; UILTRASPORTI";"26/01/2021";"01/01/2021";"";"31/12/2024";"POMPE FUNEBRI: Agenzie Private"
"Accordo per il rinnovo del CCNL per i dipendenti delle aziende di lavorazione della foglia di tabacco secco allo stato sciolto";"Accordo di rinnovo";"Alimentaristi - Agroindustriale";"APTI; FAI CISL; FLAI CGIL; UILA UIL";"11/02/2021";"01/01/2021";"";"31/12/2024";"TABACCO: (Lavorazione del)"
"CCNL per i dirigenti, quadri di direzione, quadri e ricercatori";"Testo definitivo";"Altri Vari";"FENAPI; IMPRESE ITALIA FENAPI; CIU; (sottoscritto per adesione in data 11/03/2021 da SEAL e ALI)";"03/02/2021";"03/02/2021";"";"30/12/2023";"DIRIGENTI e QUADRI (FENAPI)"
"CCNL Enti di formazione e istruzione, corsi universitari e accademie - Scuola pubblica non statale";"Testo definitivo";"Enti e Istituzioni Private";"FILINS; FLP; CSE; FLP Scuola";"28/01/2021";"01/02/2021";"";"31/01/2024";"ENTI DI FORMAZIONE E ISTRUZIONE, CORSI UNIVERSITARI E ACCADEMIE - SCUOLA PUBBLICA NON STATALE (FILINS-FLP)"
"Verbale di errata corrige CCNL per il personale dipendente da Croce Rossa Italiana, enti del terzo settore, organizzazioni di volontariato, fondazioni";"Verbale integrativo";"Enti e Istituzioni Private";"CROCE ROSSA ITALIANA; FP CGIL; CISL FP; UIL FPL";"03/02/2021";"";"";"";"CROCE ROSSA ITALIANA E ALTRE REALTA' DEL TERZO SETTORE"
"CCNL Progettazione, Lavorazione e Rifinitura di Interni, Esterni, Arredi e Restauro";"Testo definitivo";"Edilizia";"CONFLAVORO PMI; FESICA CONFSAL; CONFSAL";"22/12/2020";"01/01/2021";"";"31/12/2023";"Progettazione, Lavorazione e Rifinitura di Interni, Esterni, Arredi e Restauro"
"CCNL per i dipendenti delle micro, piccole e medie imprese del settore terziario, commercio e servizi";"Testo definitivo";"Commercio";"Federazione Commercio CONFIMEA; CONFIMEA; UGL TERZIARIO; UGL";"22/02/2021";"01/01/2021";"";"31/12/2023";"TERZIARIO, COMMERCIO E SERVIZI: micro, piccole e medie imprese del settore (CONFIMEA-UGL)"
"Accordo di rinnovo del CCNL per i dipendenti di aziende editrici e stampatrici di giornali quotidiani e agenzie di stampa";"Accordo di rinnovo";"Poligrafici e Spettacolo";"FIEG; ASIG; SLC CGIL; FISTEL CISL; UILCOM UIL";"15/02/2021";"01/01/2021";"";"31/12/2022";"GIORNALI E QUOTIDIANI: Operai e Impiegati"
"Verbale di accordo di proroga al 31/12/2020 della validità del CCNL per i dipendenti di aziende editrici e stampatrici di giornali quotidiani ed agenzie di stampa";"Verbale integrativo";"Poligrafici e Spettacolo";"FIEG; ASIG; SLC CGIL; FISTEL CISL; UILCOM UIL";"14/01/2020";"";"";"31/12/2020";"GIORNALI E QUOTIDIANI: Operai e Impiegati"
"Verbale di Accordo per il rinnovo del CCNL Legno, Sughero, Mobile ed Arredamento e Boschivi e Forestali";"Accordo di rinnovo";"Edilizia";"FEDERLEGNOARREDO; FENEAL UIL; FILCA CISL; FILLEA CGIL";"19/10/2020";"01/04/2019";"";"31/12/2022";"LEGNO, ARREDAMENTO: Industrie"
"Ipotesi di verbale di accordo per il rinnovo del CCNL lavoratori dei porti";"Accordo di rinnovo";"Trasporti";"ASSITERMINAL; ASSOLOGISTICA; FISE UNIPORT; ASSOPORTI; FILT CGIL; FIT CISL; UILTRASPORTI";"24/02/2021";"";"";"31/12/2023";"PORTUALI: Lavoratori dei Porti"
"CCNL per i dipendenti delle aziende del COMMERCIO, DISTRIBUZIONE E SERVIZI";"Testo definitivo";"Commercio";"CONFIMPRESA; CNL";"01/03/2021";"01/04/2021";"";"31/03/2024";"COMMERCIO, DISTRIBUZIONE E SERVIZI (CONFIMPRESA-CNL)"
"CCNL per i dipendenti delle aziende per la lavorazione e distribuzione di ortofrutta ed agrumarie e loro derivati semilavorati";"Testo definitivo";"Commercio";"CONAPI; ITALPMI; ACAI PMI; FESICA CONFSAL; CONFSAL";"18/02/2021";"01/02/2021";"";"31/01/2024";"ORTOFRUTTA E AGRUMARIE (CONAPI)"
"Ipotesi di accordo per il rinnovo del CCNL 9 luglio 2018";"Accordo di rinnovo";"Poligrafici e Spettacolo";"CONFAPI; UNIGEC CONFAPI; UNIMATICA CONFAPI; FISTEL CISL; SLC CGIL; UILCOM UIL";"09/03/2021";"01/01/2020";"";"31/12/2023";"COMUNICAZIONE, INFORMATICA E SERVIZI INNOVATIVI: P.M.I."
"CCNL per i dipendenti delle aziende piccole e medie imprese (PMI), delle società cooperative e delle aziende artigiane del settore abrasivi";"Testo definitivo";"Chimici";"CEPA A CHIMICA; CEPA A; ESAARCO; FENAPI; ALI CONFSAL; SIA CONFSAL; CONFSAL; CIU; FENAL SCUOLA CGS; ONAPS";"27/01/2021";"27/01/2021";"";"26/01/2024";"ABRASIVI: PMI, Cooperative, Artigiane"
"CCNL per i dipendenti delle aziende piccole e medie imprese (PMI), delle società cooperative e delle aziende artigiane del settore ceramica";"Testo definitivo";"Chimici";"CEPA A CHIMICA; CEPA A; ESAARCO; FENAPI; ALI CONFSAL; SIA CONFSAL; CONFSAL; CIU; FENAL SCUOLA CGS; ONAPS";"27/01/2021";"27/01/2021";"";"26/01/2024";"CERAMICA: PMI, Cooperative, Artigiane"
"CCNL per i dipendenti delle aziende piccole e medie imprese (PMI), delle società cooperative e delle aziende artigiane del settore chimica ed affini";"Testo definitivo";"Chimici";"CEPA A CHIMICA; CEPA A; ESAARCO; FENAPI; ALI CONFSAL; SIA CONFSAL; CONFSAL; CIU; FENAL SCUOLA CGS; ONAPS";"27/01/2021";"27/01/2021";"";"26/01/2024";"CHIMICA ED AFFINI: PMI, Cooperative, Artigiane"
"CCNL per i dipendenti delle aziende piccole e medie imprese (PMI), delle società cooperative e delle aziende artigiane del settore concia ed accorpati";"Testo definitivo";"Chimici";"CEPA A CHIMICA; CEPA A; ESAARCO; FENAPI; ALI CONFSAL; SIA CONFSAL; CONFSAL; CIU; FENAL SCUOLA CGS; ONAPS";"27/01/2021";"27/01/2021";"";"26/01/2024";"CONCIA ED ACCORPATI: PMI, Cooperative, Artigiane"
"CCNL per i dipendenti delle aziende piccole e medie imprese (PMI), delle società cooperative e delle aziende artigiane del settore plastica e gomma";"Testo definitivo";"Chimici";"CEPA A CHIMICA; CEPA A; ESAARCO; FENAPI; ALI CONFSAL; SIA CONFSAL; CIU; FENAL SCUOLA CGS; ONAPS";"27/01/2021";"27/01/2021";"";"26/01/2024";"PLASTICA E GOMMA: PMI, Cooperative, Artigiane"
"CCNL per i dipendenti delle aziende piccole e medie imprese (PMI), delle società cooperative e delle aziende artigiane del settore vetro";"Testo definitivo";"Chimici";"CEPA A CHIMICA; CEPA A; ESAARCO; FENAPI; ALI CONFSAL; SIA CONFSAL; CONFSAL; CIU; FENAL SCUOLA CGS; ONAPS";"27/01/2021";"27/01/2021";"";"26/01/2024";"VETRO: PMI, Cooperative, Artigiane"
"CNL per il personale dipendente delle strutture sanitarie private";"Testo definitivo";"Enti e Istituzioni Private";"CEPA A SANITA'; CEPA A; ESAARCO; FENAPI; ALI CONFSAL; SIA CONFSAL; CONFSAL; CIU; FENALS; ONAPS";"27/01/2021";"27/01/2021";"";"26/01/2024";"STRUTTURE SANITARIE PRIVATE: Personale Dipendente"
"CCNL per il personale non medico delle strutture e cooperative socio sanitarie e assistenziali";"Testo definitivo";"Enti e Istituzioni Private";"CEPA A SANITA'; CEPA A; ESAARCO; FENAPI; ALI CONFSAL; SIA CONFSAL; CONFSAL; CIU; FENALS; ONAPS";"27/01/2021";"27/01/2021";"";"26/01/2024";"STRUTTURE E COOPERATIVE SOCIO SANITARIE E ASSISTENZIALI: Personale non medico"
"CCNL per i lavoratori impegnati nel settore di edilizia e affini";"Testo definitivo";"Edilizia";"AIESIL; CONFASI";"29/03/2021";"29/03/2021";"";"28/03/2024";"EDILI: lavoratori impegnati nel settore Edilizia e affini"
"CCNL addetti Guardiania e Portierato";"Accordo di rinnovo";"Commercio";"SIDA; Sindacato SLI";"27/03/2021";"01/04/2021";"";"31/03/2022";"GUARDIANIA E PORTIERATO"
"Verbale di accordo di rinnovo del CCNL del 16/2/2013 Domestici - Colf e badanti - conviventi e non conviventi";"Accordo di rinnovo";"Commercio";"Sindacato SLI; SIDA";"26/02/2020";"01/03/2020";"";"28/02/2022";"Domestici - Colf e Badanti - conviventi e non conviventi"
"Verbale di accordo per il rinnovo del CCNL Commercio e Terziario";"Accordo di rinnovo";"Commercio";"SIDA; Sindacato SLI";"21/12/2020";"01/01/2021";"";"31/12/2022";"COMMERCIO E TERZIARIO (aziende con massimo 30 dipendenti)"
"Verbale di Accordo per il rinnovo del CCNL Legno, Sughero, Mobile ed Arredamento e Boschivi e Forestali";"Accordo di rinnovo";"Edilizia";"FEDERLEGNOARREDO; FENEAL UIL; FILCA CISL; FILLEA CGIL";"19/10/2020";"01/04/2019";"";"31/12/2022";"LEGNO, ARREDAMENTO: Industrie"
"Accordo di rinnovo del CCNL PER I DIPENDENTI DEL TERZIARIO: COMMERCIO, DISTRIBUZIONE E SERVIZI del 1° luglio 2013";"Accordo di rinnovo";"Commercio";"SISTEMA IMPRESA; FESICA CONFSAL; CONFSAL";"21/12/2020";"01/05/2020";"";"30/04/2023";"DIPENDENTI DEL TERZIARIO: COMMERCIO, DISTRIBUZIONE E SERVIZI (SCI-CONFSAL)"
"Accordo di rinnovo del CCNL per i soci e i dipendenti delle cooperative esercenti attività prevalente nel settore autotrasporto, spedizione merci, logistica e facchinaggio";"Accordo di rinnovo";"Trasporti";"UNICOOP; UGL Viabilita' e Logistica; UGL";"01/04/2021";"01/04/2021";"";"31/03/2024";"AUTOTRASPORTO, SPEDIZIONE MERCI, LOGISTICA E FACCHINAGGIO (UNICOOP-UGL)"
"CCNL Ortofrutticoli ed Agrumari";"Testo definitivo";"Commercio";"CONFLAVORO PMI; FESICA CONFSAL; CONFSAL";"29/03/2021";"01/03/2021";"";"29/02/2024";"ORTOFRUTTICOLI ED AGRUMARI (CONFLAVORO PMI)"
"Accordo interconfederale nazionale per l'integrazione del CCNL per i dirigenti, quadri di direzione, quadri e ricercatori sottoscritto in data 3 febbraio 2021";"Verbale integrativo";"Altri Vari";"FENAPI; IMPRESE ITALIA FENAPI; CIU; SEAL; ALI";"25/03/2021";"";"";"30/12/2023";"DIRIGENTI e QUADRI (FENAPI)"
"CCNL per i dipendenti della piccola e media industria dei settori Chimica, Concia e settori accorpati, Plastica e Gomma, Abrasivi, Ceramica e Vetro";"Testo definitivo";"Chimici";"CNL; CNL Federazione Nazionale Chimica-Metalmeccanica; FILD";"05/07/2019";"05/07/2019";"";"04/07/2022";"CHIMICA: PMI (CNL)"
"CCNL per i dipendenti delle PMI  e Imprese ARTIGIANE del settore edilizia ed affini";"Testo definitivo";"Edilizia";"CONFIMPRESA; CNL";"02/04/2021";"01/05/2021";"";"30/04/2024";"EDILI: aziende artigiane e PMI - CONFIMPRESA-CNL"
"CCNL per i dipendenti delle aziende per la lavorazione e distribuzione di ortofrutta ed agrumarie e loro derivati semilavorati";"Testo definitivo";"Commercio";"UNIMPRESA; FESICA CONFSAL; CONFSAL";"30/03/2021";"01/03/2021";"";"29/02/2024";"ORTOFRUTTA ED AGRUMARIE E LORO DERIVATI (UNIMPRESA)"
"CCNL per i dipendenti delle associazioni ed altre organizzazioni del terzo settore";"Testo definitivo";"Enti e Istituzioni Private";"UNCI; FESICA CONFSAL; CONFSAL";"09/04/2021";"01/04/2021";"";"31/03/2024";"ASSOCIAZIONI ED ALTRE ORGANIZZAZIONI DEL TERZO SETTORE (UNCI)"
"CCNL per i lavoratori agricoli";"Testo definitivo";"Agricoltura";"CONFUNISCO; UPI; UNAGRI; FUTURO AGRICOLTURA; ANCORS; MONDO AGRICOLO; SNALPE; LABOR; ASSOCOLF; FISALP CONFSAL";"01/03/2021";"20/02/2021";"";"20/02/2025";"LAVORATORI AGRICOLI (CONFUNISCO)"
"CCNL per i dipendenti delle strutture ed enti di formazione";"Testo definitivo";"Enti e Istituzioni Private";"UNCI; FESICA CONFSAL; CONFSAL";"14/12/2020";"01/12/2020";"";"30/11/2023";"STRUTTURE ED ENTI DI FORMAZIONE (UNCI)"
"CCNL per i dipendenti delle strutture ed enti di formazione";"Testo definitivo";"Enti e Istituzioni Private";"ADI; FESICA CONFSAL; CONFSAL";"14/12/2020";"01/12/2020";"";"30/11/2023";"STRUTTURE ED ENTI DI FORMAZIONE (ADI)"
"Verbale di errata corrige - CCNL per i soci e i dipendenti delle cooperative esercenti attività prevalente nel settore autotrasporto, spedizione merci, logistica e facchinaggio";"Verbale integrativo";"Trasporti";"UNICOOP; UGL Viabilita' e Logistica";"01/04/2021";"";"";"";"AUTOTRASPORTO, SPEDIZIONE MERCI, LOGISTICA E FACCHINAGGIO (UNICOOP-UGL)"
"Verbale di accordo per il rinnovo del CCNL per il personale non imbarcato dipendente da cooperative esercenti attività di pesca marittima, attività di maricoltura, acquacoltura e vallicoltura";"Accordo di rinnovo";"Alimentaristi - Agroindustriale";"ACGI AGRITAL; CONFCOOPERATIVE FEDAGRIPESCA; LEGACOOP Agroalimentare; FAI CISL; FLAI CGIL; UILAPESCA";"03/05/2021";"";"";"31/12/2021";"PESCA: Cooperative"
"CCNL per le imprese professionali di trasporto viaggiatori a capitale privato che esercitano la loro esclusiva, o prevalente, attività sul mercato liberalizzato dei servizi regolari di linea e di noleggio con autovetture";"Testo definitivo";"Trasporti";"SISTEMA TRASPORTI; SISTEMA IMPRESA; FESICA CONFSAL; CONFSAL";"22/04/2021";"01/01/2021";"";"31/12/2023";"TRASPORTO VIAGGIATORI A CAPITALE PRIVATO"
"Verbale di riunione - Integrazione al Protocollo condiviso del 28 aprile 2020, e successive integrazioni, recante "Misure di prevenzione, contrasto e contenimento della diffusione del virus Covid-19 per garantire l’erogazione dei servizi del settore bancario"";"Verbale integrativo";"Credito Assicurazioni";"ABI; FABI; FIRST CISL; FISAC CGIL; UILCA; UNISIN FALCRI SILCEA SINFUB";"21/12/2020";"";"";"";"BANCARI: ABI (Dirigenti)"
"Verbale di riunione - Avvio di una fase sperimentale di svolgimento delle assemblee "in remoto"";"Verbale integrativo";"Credito Assicurazioni";"ABI; FABI; FIRST CISL; FISAC CGIL; UILCA; UNISIN FALCRI SILCEA SINFUB";"21/12/2020";"";"";"";"BANCARI: ABI (Dirigenti)"
"Verbale di riunione - Integrazione al Protocollo condiviso del 28 aprile 2020, e successive integrazioni, recante "Misure di prevenzione, contrasto e contenimento della diffusione del virus Covid-19 per garantire l’erogazione dei servizi del settore bancario"";"Verbale integrativo";"Credito Assicurazioni";"ABI; FABI; FIRST CISL; FISAC CGIL; UILCA; UNISIN FALCRI SILCEA SINFUB";"17/03/2021";"";"";"";"BANCARI: ABI (Dirigenti)"
"Verbale di riunione - Integrazione al Protocollo condiviso del 28 aprile 2020, e successive integrazioni, recante "Misure di prevenzione, contrasto e contenimento della diffusione del virus Covid-19 per garantire l’erogazione dei servizi del settore bancario"";"Verbale integrativo";"Credito Assicurazioni";"ABI; FABI; FIRST CISL; FISAC CGIL; UILCA; UNISIN FALCRI SILCEA SINFUB";"30/04/2021";"";"";"";"BANCARI: ABI (Dirigenti)"
"CCNL per il personale non medico dipendente dagli istituti sanitari privati";"Testo definitivo";"Enti e Istituzioni Private";"UNILAVORO PMI; CONFSAL FISALS";"21/12/2020";"10/05/2021";"";"09/05/2026";"ISTITUTI SANITARI PRIVATI: personale non medico (UNILAVORO PMI)"
"CCNL per attività sport e salute, impianti sportivi, fitness, palestre e piscine";"Testo definitivo";"Commercio";"FMPI; CNAL; CNAL FSSI";"19/05/2021";"19/05/2021";"";"31/12/2023";"SPORT E SALUTE, IMPIANTI SPORTIVI, FITNESS, PALESTRE E PISCINE (FMPI-CNAL)"
"CCNL per i dipendenti da aziende esercenti attività del settore e per i dipendenti e soci lavoratori da cooperative esercenti attività di CHIMICA";"Testo definitivo";"Chimici";"UNILAVORO PMI; UNIPEL; CONFSAL FISALS";"16/12/2020";"14/06/2021";"";"13/06/2026";"CHIMICA (UNILAVORO PMI)"
"CCNL per i lavoratori della Fondazione Dynamo Camp Onlus";"Testo definitivo";"Enti e Istituzioni Private";"Fondazione Dynamo Camp Onlus; UIL FPL";"18/05/2021";"01/01/2021";"";"31/12/2023";"Associazione Dynamo Camp Onlus"
"CCNL per le attività minerarie";"Testo definitivo";"Chimici";"UNILAVORO PMI; CONFSAL FISALS";"18/12/2020";"28/05/2021";"";"27/05/2026";"ATTIVITA' MINERARIE (UNILAVORO PMI)"
"Verbale d'intesa - Accordo Nazionale di secondo livello Settore Marketing Operativo";"Verbale integrativo";"Commercio";"ANASFIM CONFESERCENTI; CONFESERCENTI; FISASCAT CISL; UILTUCS UIL";"30/12/2020";"";"";"";"TERZIARIO, DISTRIBUZIONE E SERVIZI (CONFESERCENTI)"
"Accordo Nazionale di secondo livello Settore Marketing Operativo - Proroga del termine di cui all'Accordo 30 dicembre 2020";"Verbale integrativo";"Commercio";"ANASFIM CONFESERCENTI; CONFESERCENTI; FISASCAT CISL; UILTUCS UIL";"30/03/2021";"";"";"";"TERZIARIO, DISTRIBUZIONE E SERVIZI (CONFESERCENTI)"
"Verbale di accordo per il rinnovo del CCNL per i lavoratori della piccola e media industria del legno, del sughero, del mobile e dell'arredamento, e per le industrie boschive e forestali, scaduto il 31 maggio 2019";"Accordo di rinnovo";"Edilizia";"CONFAPI; UNITAL CONFAPI; FENEAL UIL; FILCA CISL; FILLEA CGIL";"31/05/2021";"01/06/2019";"";"28/02/2023";"LEGNO, ARREDAMENTO: P.M.I."
"CCNL per i dipendenti delle piccole e medie imprese esercenti attività nel Settore dei "Servizi"";"Testo definitivo";"Commercio";"CONFIMPRESAITALIA; CONFSAL";"10/06/2021";"01/07/2021";"";"30/06/2024";"SERVIZI: PMI (CONFIMPRESAITALIA)"
"Ipotesi di rinnovo del CCNL per il personale non dirigente di Poste Italiane";"Accordo di rinnovo";"Aziende di Servizi";"POSTE ITALIANE SPA; SLC CGIL; SLP CISL; UILPOSTE; FAILP CISAL; CONFSAL COMUNICAZIONI; FNC UGL COMUNICAZIONI";"23/06/2021";"01/01/2021";"";"31/12/2023";"ENTE POSTE ITALIANE (Poste Italiane spa)"
"CCNL per commercio, distribuzione, servizi, turismo e pubblici esercizi";"Testo definitivo";"Commercio";"FEDERPARTITEIVA; FID";"21/06/2021";"01/10/2020";"";"30/09/2023";"COMMERCIO, DISTRIBUZIONE, SERVIZI, TURISMO E PUBBLICI ESERCIZI (FederPartiteIva)"
"CCNL per i dipendenti delle imprese e delle cooperative del settore pesca ed attività connesse";"Testo definitivo";"Alimentaristi - Agroindustriale";"COOPITALIANE; IMPRESA ITALIA; ASOSA; FAMAR; CONFAMAR";"01/06/2021";"01/06/2021";"";"31/05/2024";"PESCA E ATTIVITA' CONNESSE (COOPITALIANE)"
"Verbale Task Force";"Verbale integrativo";"Trasporti";"ASSTRA; ANAV; AGENS; FILT CGIL; FIT CISL; UILTRASPORTI UIL; FAISA CISAL; UGL FNA";"22/01/2021";"";"";"";"AUTOFERROTRANVIERI"
"CCNL per i dipendenti delle imprese commerciali e dei servizi";"Testo definitivo";"Commercio";"AICAST; ASSIMPRESE ITALIA; ATECA; ANEAS; ASSO PRO; FIADEL SP";"29/03/2021";"01/04/2021";"30/03/2024";"30/03/2025";"COMMERCIO E SERVIZI (ATECA)"
"CCNL per i lavoratori dipendenti delle aziende che svolgono attività nel settore del Turismo";"Testo definitivo";"Commercio";"AICAST; ASSIMPRESE ITALIA; ATECA; ANEAS; ASSO PRO; FIADEL SP";"29/03/2021";"01/04/2021";"30/03/2024";"30/03/2025";"TURISMO (ATECA)"
"CCNL per i dipendenti di aziende artigiane di parrucchieri, barbieri ed estetisti";"Testo definitivo";"Commercio";"AICAST; ASSIMPRESE ITALIA; ATECA; ANEAS; ASSO PRO; FIADEL SP";"29/03/2021";"01/04/2021";"30/03/2023";"30/03/2025";"Aziende Artigiane di Parrucchieri, Barbieri ed Estetisti (ATECA)"
"Ipotesi di Verbale di accordo per il rinnovo del CCNL per i lavoratori dipendenti della piccola e media industria alimentare scaduto il 30 giugno 2020";"Accordo di rinnovo";"Alimentaristi - Agroindustriale";"CONFAPI; UNIONALIMENTARI CONFAPI; FAI CISL; FLAI CGIL; UILA UIL";"12/07/2021";"01/07/2020";"";"31/10/2024";"ALIMENTARISTI: P.M.I."
"CCNL per i lavoratori dipendenti della piccola e media industria alimentare";"Testo definitivo";"Alimentaristi - Agroindustriale";"UNIONALIMENTARI CONFAPI; CONFAPI; FAI CISL; FLAI CGIL; UILA UIL";"16/09/2016";"01/07/2016";"";"30/06/2020";"ALIMENTARISTI: P.M.I."
"Stesura del CCNL 16 settembre 2020 per gli addetti all'industria della gomma, cavi elettrici ed affini e all'industria delle materie plastiche";"Testo definitivo";"Chimici";"FEDERAZIONE GOMMA E PLASTICA; FILCTEM CGIL; FEMCA CISL; UILTEC UIL";"12/04/2021";"01/07/2019";"";"31/12/2022";"GOMMA E PLASTICA: Industrie"
"Stesura del CCNL 16 settembre 2020 per gli addetti all'industria della gomma, cavi elettrici ed affini e all'industria delle materie plastiche";"Testo definitivo";"Chimici";"FEDERAZIONE GOMMA E PLASTICA; UGL CHIMICI";"12/04/2021";"01/07/2019";"";"31/12/2022";"GOMMA E PLASTICA: Industrie"
"Stesura del CCNL 16 settembre 2020 per gli addetti all'industria della gomma, cavi elettrici ed affini e all'industria delle materie plastiche";"Testo definitivo";"Chimici";"FEDERAZIONE GOMMA E PLASTICA; FAILC CONFAIL";"12/04/2021";"01/07/2019";"";"31/12/2022";"GOMMA E PLASTICA: Industrie"
"Ipotesi di accordo per il rinnovo del CCNL per i dipendenti delle aziende esercenti l'industria della carta, della cellulosa, pasta legno, fibra vulcanizzata e presfibra e per le aziende cartotecniche e della trasformazione della carta e del cartone del 30 novembre 2016";"Accordo di rinnovo";"Poligrafici e Spettacolo";"ASSOCARTA; ASSOGRAFICI; SLC CGIL; FISTEL CISL; UILCOM UIL; UGL CARTA E STAMPA";"28/07/2021";"01/01/2022";"";"31/12/2024";"CARTARIE E CARTOTECNICHE: Industrie"
"CCNL 2019-2021 per il personale non dirigente della Fondazione Policlinico Universitario "Agostino Gemelli" IRCCS";"Testo definitivo";"Enti e Istituzioni Private";"Fondazione Policlinico Universitario Agostino Gemelli IRCCS; FP CGIL; CISL FP; UIL FPL; CISAS; COINA; CONFSAL CISAPUNI; FARESS; FIALS; UGL SALUTE";"12/04/2021";"01/07/2021";"";"31/12/2021";"Fondazione Policlinico Universitario Agostino Gemelli IRCCS: personale non dirigente"
"CCNL 2020-2022 per la dirigenza amministrativa e delle professioni sanitarie della Fondazione Policlinico Universitario "Agostino Gemelli" IRCCS";"Testo definitivo";"Enti e Istituzioni Private";"Fondazione Policlinico Universitario Agostino Gemelli IRCCS; FP CGIL Dirigenti; CISL FP Dirigenti; UIL FPL Dirigenti";"11/06/2021";"01/07/2021";"";"31/12/2022";"Fondazione Policlinico Universitario Agostino Gemelli IRCCS: personale della dirigenza amministrativa"
"CCNL 2020-2022 per la dirigenza del ruolo sanitario della Fondazione Policlinico Universitario "Agostino Gemelli" IRCCS";"Testo definitivo";"Enti e Istituzioni Private";"Fondazione Policlinico Universitario Agostino Gemelli IRCCS; ANAAO ASSOMED; FASSID Area SINAFO; UIL FPL Dirigenti";"25/05/2021";"01/07/2021";"";"31/12/2022";"Fondazione Policlinico Universitario Agostino Gemelli IRCCS: personale della dirigenza sanitaria"
"CCNL disciplinante i rapporti di lavoro domestico";"Testo definitivo";"Commercio";"UNSIC; UNSICOLF; ASNALI; ASNALI COLF; CONFSAL; CISA; CONFIAL; SNALV CONFSAL";"25/05/2021";"01/07/2021";"";"30/06/2024";"LAVORO DOMESTICO (UNSIC-ASNALI)"
"Verbale di adesione al CCNL sulla disciplina del rapporto di lavoro domestico";"Verbale integrativo";"Commercio";"ANAP; FILDA";"01/07/2021";"";"";"";"LAVORO DOMESTICO (ANAP - SELP - LIBERO SINDACATO COLF E BADANTI)"
"CCNL per i dipendenti delle aziende operanti nel settore ICT (Information and Communication Technologies)";"Testo definitivo";"Commercio";"CIFA; CONFSAL";"21/07/2021";"21/07/2021";"";"20/06/2024";"Settore ICT"
"CCNL per le imprese della filiera turistico ricettiva in outsourcing";"Testo definitivo";"Commercio";"AISAT; UGL TERZIARIO; UGL";"06/08/2021";"20/12/2020";"";"31/12/2024";"FILIERA TURISTICO RICETTIVA IN OUTSOURCING"
"Accordo per la regolazione del rapporto di lavoro dei dirigenti delle Autorità di Sistema Portuale";"Accordo di rinnovo";"Trasporti";"ASSOPORTI; FEDERMANAGER";"29/07/2021";"01/01/2019";"";"31/12/2023";"PORTUALI: Dirigenti Autorità di Sistema Portuale"
"Verbale di accordo per il rinnovo del CCNL del personale dirigente dell'ANAS SpA";"Accordo di rinnovo";"Enti e Istituzioni Private";"ANAS SPA; FEDERMANAGER";"05/08/2020";"01/07/2020";"";"31/12/2022";"ANAS: Dirigenti (Ente Nazionale per le Strade)"
"Contratto collettivo nazionale di lavoro per il personale dirigente degli enti previdenziali privatizzati";"Testo definitivo";"Enti e Istituzioni Private";"ADEPP; ASDEPP FEDERMANAGER; CGIL FP; CISL FP; UIL PA; CISAL FIALP; UGL TERZIARIO; CIDA SINDEPP";"12/02/2020";"01/01/2019";"";"31/12/2021";"ENTI PREVIDENZIALI PRIVATIZZATI: Dirigenti"
"CCNL per i dirigenti, quadri, impiegati e operai dipendenti del settore Concia Pelli e Cuoio";"Testo definitivo";"Chimici";"FEDERCONCIA Italia; CONFIAL; (sottoscritto il 06/12/2021 da UNSIC; FEDERDAT; FISMIC CONFSAL; FLAITS)";"31/08/2021";"01/09/2021";"";"31/08/2024";"CONCIA PELLI E CUOIO"
"CCNL per i dipendentidelle imprese di autotrasporto merci, logistica e spedizioni";"Testo definitivo";"Trasporti";"FEDERTERZIARIO; FEDERTERZIARIO Logistica e Servizi; UGL Viabilità e Logistica; UGL; ANCL";"19/07/2021";"19/07/2021";"";"18/07/2024";"LOGISTICA, TRASPORTO MERCI E SPEDIZIONE (FEDERTERZIARIO)"
"CCNL per i dipendenti dei Consulenti Tributari e Tributaristi, Studi Professionali e Centri di Elaborazione Dati";"Testo definitivo";"Commercio";"ANCOT; ALIM; ANAP; AEPI; SELP";"30/09/2021";"01/10/2021";"";"30/09/2024";"Studi Professionali, Centri Elaborazione Dati, Consulenti Tributari e Tributaristi"
"CCNL per i dipendenti delle Piccole e Medie Imprese metalmeccaniche e di installazione di impianti";"Testo definitivo";"Meccanici";"CNL; CONFSAL; FILD CONFSAL";"12/07/2021";"01/07/2021";"";"30/06/2023";"METALMECCANICA: P.M.I. (CNL)"
"CCNL Moda artigianato - Pelletteria, Calzaturiero, Tessile e Abbigliamento ed Affini, Chimica e Ceramica";"Testo definitivo";"Altri Vari";"CNL; CONFSAL; FILD CONFSAL";"08/07/2021";"08/07/2021";"";"31/12/2023";"MODA ARTIGIANATO - PELLETTERIA, CALZATURIERO, TESSILE E ABBIGLIAMENTO ED AFFINI, CHIMICA, CERAMICA"
"CCNL INTERSETTORIALE - Commercio, Terziario, Distribuzione, Servizi, Pubblici Esercizi e Turismo";"Testo definitivo";"Commercio";"CNL; CONFSAL; FILD CONFSAL";"08/07/2021";"08/07/2021";"";"31/05/2023";"INTERSETTORIALE: Commercio, Terziario, Distribuzione, Servizi, Pubblici Esercizi e Turismo (CNL)"
"CCNL per addetti all'industria Metalmeccanica privata e alla Installazione di Impianti ed alle Telecomunicazioni";"Testo definitivo";"Meccanici";"ANAP; AEPI (AISP; ANCOT; ANDMI; ASSIDAL; ASS PRO COM; FEDERLIBERI; FENAPI; OBIETTIVO PUGLIA; PRIMA ASSOCIAZIONE; UCI; UNIONLIBERI); SLE; CIU; CSE; CSE FNILM; FIRAS SPP; FLAI TS; CLAS; UIC";"13/09/2021";"13/09/2021";"";"12/09/2024";"METALMECCANICA, INSTALLAZIONE DI IMPIANTI E TELECOMUNICAZIONI"
"CCNL 16 ottobre 2019 per i dirigenti delle Imprese dei Servizi di Pubblica utilità";"Testo definitivo";"Altri Vari";"CONFSERVIZI (ASSTRA; UTILITALIA); FEDERMANAGER";"17/06/2020";"01/01/2019";"";"31/12/2023";"DIRIGENTI: Imprese Pubbliche Locali"
"CCNL per i lavoratori delle piccole e medie imprese, centri di servizi e consorzi, aziende municipalizzate, strutture assistenziali e socio sanitarie, esercenti attività alla persona, attività cimiteriali, attività funebri e di polizia mortuaria, onoranze funebri";"Testo definitivo";"Trasporti";"FMPI; CONFASI";"05/10/2021";"05/10/2021";"";"31/12/2023";"ATTIVITA' CIMITERIALI, ATTIVITA' FUNEBRI E DI POLIZIA MORTUARIA, ONORANZE FUNEBRI"
"CCNL Aziende di Call Center";"Testo definitivo";"Commercio";"CONFLAVORO PMI; FESICA CONFSAL; CONFSAL";"20/09/2021";"01/10/2021";"";"30/09/2024";"AZIENDE DI CALL CENTER"
"Ipotesi di accordo per il rinnovo del CCNL per il personale dipendente da imprese esercenti servizi di pulizia e servizi integrati/multiservizi";"Accordo di rinnovo";"Aziende di Servizi";"ANIP CONFINDUSTRIA; LEGACOOP PRODUZIONE E SERVIZI; CONFCOOPERATIVE LAVORO E SERVIZI; AGCI SERVIZI DI LAVORO; UNIONSERVIZI CONFAPI; FILCAMS CGIL; FISASCAT CISL; UILTRASPORTI UIL";"08/06/2021";"08/06/2021";"";"31/12/2024";"PULIZIA: Imprese"
"CCNL degli Enti e delle PMI esercenti la Formazione Professionale e Servizi al Lavoro";"Testo definitivo";"Enti e Istituzioni Private";"Confederazione AEPI (AISP; ANAP; ANCOT; ASSIDAL; ASS PRO COM; FEDERLIBERI; FENAPI; OBIETTIVO PUGLIA; PRIMA ASSOCIAZIONE; UCI; UNIONLIBERI); UNAPRI; ANIF; UNILAVORO PMI; FIRAS SPP; CIU; CSE; CSE FULSCAM; FLAI TS; Sindacato CLAS; SLE; UIC";"01/10/2021";"01/10/2021";"";"30/09/2024";"ENTI E PMI ESERCENTI LA FORMAZIONE PROFESSIONALE"
"Accordo di rinnovo del CCNL per le lavoratrici e i lavoratori delle cooperative, consorzi e società consortili operanti nel settore della pulizia e servizi integrati/multiservizi (cod. INPS 416)";"Accordo di rinnovo";"Aziende di Servizi";"SISTEMACOOP; SISTEMA IMPRESA; FESICA CONFSAL; CONFSAL";"20/10/2021";"20/10/2021";"";"31/12/2024";"PULIZIA: Cooperative (SISTEMACOOP-SCI-CONFSAL)"
"Accordo sulla classificazione del personale";"Verbale integrativo";"Meccanici";"FEDERMECCANICA; ASSISTAL; FIM CISL; FIOM CGIL; UILM UIL";"03/05/2021";"01/06/2021";"";"";"METALMECCANICA: Industrie"
"CCNL per i dipendenti delle aziende e studi di amministrazione condominiale e/o di servizi integrati alla proprietà immobiliare";"Testo definitivo";"Commercio";"CNL; Federazione Nazionale Amministratori Condomini CNL; FILD CONFSAL; FILD CIU";"01/10/2021";"01/10/2021";"";"30/09/2024";"AZIENDE E STUDI DI AMMINISTRAZIONE CONDOMINIALE E/O SERVIZI INTEGRATI ALLA PROPRIETA' IMMOBILIARE (CNL)"
"CCNL Logistica, Trasporto Merci e Spedizione";"Testo definitivo";"Trasporti";"CNL; Federazione Nazionale Autotrasportatori CNL; FILD CONFSAL; FILD CIU";"01/10/2021";"01/10/2021";"";"30/09/2024";"LOGISTICA, TRASPORTO MERCI E SPEDIZIONE (CNL)"
"CCNL per i dipendenti da enti, aziende e associazioni del settore olistico";"Testo definitivo";"Altri Vari";"CNL; Federazione Nazionale Discipline Olistiche CNL; FILD CONFSAL; FILD CIU";"01/10/2021";"01/10/2021";"";"30/09/2024";"SETTORE OLISTICO (CNL)"
"CCNL per i dipendenti delle Associazioni ed altre Organizzazioni del Terzo Settore";"Testo definitivo";"Enti e Istituzioni Private";"CNL; Federazione Nazionale Terzo Settore CNL; Federazione Nazionale per il Sociale CNL; FILD CONFSAL; FILD CIU";"01/10/2021";"01/10/2021";"";"30/09/2024";"ASSOCIAZIONI ED ALTRE ORGANIZZAZIONI DEL TERZO SETTORE (CNL)"
"CCNL per il personale dipendente da imprese di pulizia e servizi integrati multiservizi";"Testo definitivo";"Aziende di Servizi";"CNL; FILD CONFSAL; FILD CIU";"01/10/2021";"01/10/2021";"";"30/09/2024";"PULIZIA: Imprese di pulizia e servizi integrati/multiservizi (CNL)"
"CCNL per la disciplina dell'attività di consegna di beni per conto altrui, svolta da lavoratori autonomi, c.d. Rider";"Testo definitivo";"Altri Vari";"CNL; FILD CONFSAL; FILD CIU";"01/10/2021";"01/10/2021";"";"30/09/2024";"RIDER (CNL)"
"CCNL settori Formazione, Istruzione, Formazione Professionale, Asili nido";"Testo definitivo";"Enti e Istituzioni Private";"CNL; Federazione Nazionale Suola Privata CNL; FILD CONFSAL; FILD CIU";"01/10/2021";"01/10/2021";"";"30/09/2024";"FORMAZIONE, ISTRUZIONE, FORMAZIONE PROFESSIONALE, ASILI NIDO (CNL)"
"CCNL Settore Lavoro Domestico";"Testo definitivo";"Commercio";"UNIONE; FDP ITALIA; CONFLAP";"10/11/2021";"01/11/2021";"";"01/11/2024";"LAVORO DOMESTICO (FDP ITALIA-UNIONE)"
"Verbale di interpretazione autentica - CCNL per il personale dipendente da Croce Rossa Italiana, enti del terzo settore, organizzazioni di volontariato, fondazioni";"Verbale integrativo";"Enti e Istituzioni Private";"CROCE ROSSA ITALIANA; FP CGIL; CISL FP; UIL FPL";"12/10/2021";"";"";"";"CROCE ROSSA ITALIANA E ALTRE REALTA' DEL TERZO SETTORE"
"Accordo integrativo relativo alla disciplina delle indennità di cui all'art. 65 CCNL e dell'indennità di missione/trasferta di cui all'art. 62 - CCNL per il personale dipendente da Croce Rossa Italiana, enti del terzo settore, organizzazioni di volontariato, fondazioni";"Verbale integrativo";"Enti e Istituzioni Private";"CROCE ROSSA ITALIANA; FP CGIL; CISL FP; UIL FPL";"15/10/2021";"";"";"";"CROCE ROSSA ITALIANA E ALTRE REALTA' DEL TERZO SETTORE"
"Accordo di proroga, con modificazioni, del CCNL per i dirigenti delle agenzie marittime raccomandatarie, agenzie aeree e mediatori marittimi";"Verbale integrativo";"Trasporti";"FEDERAGENTI; MANAGERITALIA";"13/09/2021";"01/01/2020";"";"31/12/2021";"AGENZIE MARITTIME E AEREE E MEDIATORI MARITTIMI: Dirigenti"
"CCNL settore dei trasporti, spedizione merci, logistica ed attività affine e/o ausiliarie";"Testo definitivo";"Trasporti";"UNIONE; FDP ITALIA; CONFLAP";"15/11/2021";"01/11/2021";"";"01/11/2024";"TRASPORTI, SPEDIZIONE MERCI, LOGISTICA (FDP ITALIA-UNIONE)"
"CCNL Settore Agricolo";"Testo definitivo";"Agricoltura";"UNIONE; FDP ITALIA; CONFLAP";"22/11/2021";"01/11/2021";"";"01/11/2024";"SETTORE AGRICOLO (FPD ITALIA-UNIONE)"
"Contratto collettivo nazionale di lavoro per i dipendenti degli enti previdenziali privati 2019-2021";"Testo definitivo";"Enti e Istituzioni Private";"ADEPP; CGIL FP; CISL FP; UIL PA; CISAL FIALP; UGL Terziario; USB LAVORO PRIVATO; CONFSAL UNSA; DIRPUBBLICA; CIDA SINDEPP; FP CIDA; sottoscritto per adesione il 21/01/2021 da FLP";"15/01/2020";"01/01/2019";"";"31/12/2021";"ENTI PREVIDENZIALI PRIVATIZZATI"
"CCNL Settore Edile";"Testo definitivo";"Edilizia";"UNIONE; FDP ITALIA; CONFLAP";"30/11/2021";"01/11/2021";"";"01/11/2024";"Settore EDILE (FDP ITALIA-UNIONE)"
"CCNL per i dirigenti, quadri, impiegati ed operai dipendenti dei Servizi Ausiliari Integrati alle persone, alle collettività e alle aziende";"Testo definitivo";"Altri Vari";"ANPIT; CIDEC; CONFIMPRENDITORI; UNICA; CISAL Terziario; CISAL";"29/10/2021";"01/11/2021";"";"31/10/2024";"SERVIZI AUSILIARI alle Collettività, alle Aziende e alle Persone"
"Ipotesi di Accordo per il rinnovo del CCNL per dipendenti da imprese di pulizia, di disinfestazione e servizi integrati/multiservizi";"Accordo di rinnovo";"Aziende di Servizi";"FNIP CONFCOMMERCIO; FILCAMS CGIL; FISASCAT CISL; UILTRASPORTI UIL";"26/11/2021";"26/11/2021";"";"31/12/2024";"PULIZIA: Imprese (Confcommercio)"
"Accordo di rinnovo della parte economica del CCNL per le lavoratrici e i lavoratori delle cooperative del settore socio-sanitario, umanitario, assistenziale-educativo e di inserimento lavorativo";"Accordo economico";"Enti e Istituzioni Private";"UNICOOP; UGL Sanità";"23/07/2020";"01/12/2019";"";"31/12/2020";"COOPERATIVE SETTORE SOCIO-SANITARIO, UMANITARIO, ASSISTENZIALE-EDUCATIVO E DI INSERIMENTO LAVORATIVO (UNICOOP-UGL)"
"Ipotesi si accordo per il rinnovo del CCNL Area Alimentazione-Panificazione";"Accordo di rinnovo";"Alimentaristi - Agroindustriale";"CNA Agroalimentare; CONFARTIGIANATO Alimentazione; CASARTIGIANI; CLAAI; FLAI CGIL; FAI CISL; UILA UIL";"06/12/2021";"01/01/2019";"";"31/12/2022";"ALIMENTARISTI: Artigiane"
"CCNL per i dipendenti del Settore Agricolo e Florovivaisti";"Testo definitivo";"Agricoltura";"FIDAP IMPRESE; FISAL ITALIA";"24/11/2021";"01/01/2022";"";"31/12/2025";"AGRICOLTURA: Settore Agricolo e Florovivaisti (FIDAP IMPRESE - FISAL ITALIA)"
"CCNL unico per i dipendenti del Settore Artigiano ad esclusione del Settore Edile";"Testo definitivo";"Altri Vari";"FIDAP IMPRESE; FISAL ITALIA";"22/11/2021";"01/01/2022";"";"31/12/2025";"Dipendenti del Settore ARTIGIANATO ad esclusione del Settore Edile (FIDAP IMPRESE - FISAL ITALIA)"
"CCNL per i dipendenti dell'Industria ad esclusione del settore edile";"Testo definitivo";"Altri Vari";"FIDAP IMPRESE; FISAL ITALIA";"22/11/2021";"01/01/2022";"";"31/12/2025";"INDUSTRIA (FIDAP IMPRESE - FISAL ITALIA)"
"CCNL unico per i dipendenti dell'Edilizia settore Industria e Artigianato";"Testo definitivo";"Edilizia";"FIDAP IMPRESE; FISAL ITALIA";"25/11/2021";"01/01/2022";"";"31/12/2025";"EDILI: aziende dell'Industria e dell'Artigianato (FIDAP IMPRESE - FISAL ITALIA)"
"CCNL per i dipendenti del settore Lavoro Domestico";"Testo definitivo";"Commercio";"FIDAP IMPRESE; FISAL ITALIA";"23/11/2021";"01/01/2022";"";"31/12/2025";"LAVORO DOMESTICO (FIDAP IMPRESE - FISAL ITALIA)"
"CCNL per i dipendenti del Terziario: Commercio, Distribuzione e Servizi";"Testo definitivo";"Commercio";"FIDAP IMPRESE; FISAL ITALIA";"23/11/2021";"01/01/2022";"";"31/12/2025";"DIPENDENTI DEL TERZIARIO: COMMERCIO, DISTRIBUZIONE E SERVIZI (FIDAP IMPRESE - FISAL ITALIA)"
"CCNL per i dipendenti del settore Turismo e Pubblici Esercizi";"Testo definitivo";"Commercio";"FIDAP IMPRESE; FISAL ITALIA";"24/11/2021";"01/01/2022";"";"31/12/2025";"TURISMO E PUBBLICI ESERCIZI (FIDAP IMPRESE - FISAL ITALIA)"
"CCNL per attività Sport e Salute, Impianti Sportivi, Fitness, Palestre e Piscine";"Testo definitivo";"Commercio";"FMPI; CONFASI";"13/12/2021";"13/12/2021";"";"13/12/2024";"SPORT E SALUTE, IMPIANTI SPORTIVI, FITNESS, PALESTRE E PISCINE (FMPI-CONFASI)"
"Accordo Nazionale di secondo livello Settore Marketing Operativo - Proroga del termine di cui all'Accordo 30 giugno 2021";"Verbale integrativo";"Commercio";"ANASFIM CONFESERCENTI; CONFESERCENTI; FISASCAT CISL; UILTUCS UIL";"15/12/2021";"";"";"";"TERZIARIO, DISTRIBUZIONE E SERVIZI (CONFESERCENTI)"
"Verbale di accordo integrativo del CCNL per il settore Concia Pelli e Cuoio stipulato il 31 agosto 2021";"Verbale integrativo";"Chimici";"FEDERCONCIA Italia; UNSIC; FEDERDAT; CONFIAL; FISMIC CONFSAL; FLAITS";"06/12/2021";"01/09/2021";"";"31/08/2024";"CONCIA PELLI E CUOIO"
"Verbale di accordo per il rinnovo del CCNL per gli imbarcati su natanti di cooperative di pesca";"Accordo di rinnovo";"Alimentaristi - Agroindustriale";"AGCI AGRITAL; CONFCOOPERATIVE FEDAGRIPESCA; LEGACOOP AGROALIMENTARE; FAI CISL; FLAI CGIL; UILAPESCA";"15/12/2021";"01/01/2021";"";"31/12/2024";"PESCA MARITTIMA: Cooperative"
"CCNL per i dipendenti da agenti immobiliari professionali e da mandatari a titolo oneroso";"Testo definitivo";"Commercio";"FIAIP; FILCAMS CGIL; FISASCAT CISL; UILTUCS UIL";"07/06/2021";"07/06/2021";"";"31/12/2023";"AGENTI IMMOBILIARI PROFESSIONALI E MANDATARI"
"CCNL per i lavoratori dell'industria alimentare 31 luglio 2020";"Testo definitivo";"Alimentaristi - Agroindustriale";"ANCIT; ANICAV; ASSICA; ASSITOL; ASSOBIBE; ASSOBIRRA; ASSOLATTE; FEDERVINI; MINERACQUA; UNAITALIA; UNIONFOOD; FAI CISL; FLAI CGIL; UILA UIL";"31/07/2020";"01/12/2019";"";"30/11/2023";"ALIMENTARISTI: Industrie"
"Ipotesi di accordo per il rinnovo del CCNL per gli addetti del settore orafo argentiero e della gioielleria";"Accordo di rinnovo";"Meccanici";"CONFINDUSTRIA FEDERORAFI; FIM CISL; FIOM CGIL; UILM UIL";"23/12/2021";"23/12/2021";"";"31/12/2024";"ORAFI, ARGENTIERI: Industrie"
"Accordo per il rinnovo del CCNL per gli addetti ai lavori di sistemazione idraulico-forestale e idraulico-agraria scaduto il 31 dicembre 2012";"Accordo di rinnovo";"Agricoltura";"AGCI AGRITAL; AMMINISTRAZIONI PUBBLICHE; CONFCOOPERATIVE FEDAGRIPESCA; CONFCOOPERATIVE LAVORO E SERVIZI; FEDERFORESTE; LEGACOOP AGROALIMENTARE; FAI CISL; FLAI CGIL; UILA UIL";"09/12/2021";"01/01/2021";"";"31/12/2024";"SISTEMAZIONI IDRAULICO FORESTALI"
"CCNL per i lavoratori addetti all'industria metalmeccanica privata e alla installazione di impianti";"Testo definitivo";"Meccanici";"FDP ITALIA; UNIONE; CONFLAP";"26/01/2022";"01/02/2022";"";"01/02/2025";"METALMECCANICA: Industria (FDP ITALIA-UNIONE)"
"CCNL per i dipendenti da aziende dei settori Pubblici Esercizi, Ristorazione Collettiva e Commerciale e Turismo";"Accordo di rinnovo";"Commercio";"FIPE CONFCOMMERCIO; UGL TERZIARIO";"01/03/2018";"01/01/2018";"";"31/12/2021";"PUBBLICI ESERCIZI, RISTORAZIONE COLLETTIVA E COMMERCIALE E TURISMO"
"Accordo di rinnovo CCNL Terziario, Distribuzione e Servizi";"Accordo di rinnovo";"Commercio";"CONFCOMMERCIO IMPRESE PER L'ITALIA; UGL TERZIARIO";"31/10/2017";"01/04/2015";"";"31/07/2018";"COMMERCIO E SERVIZI"
"Verbale di Accordo per il rinnovo del CCNL Legno, Sughero, Mobile ed Arredamento e Boschivi e Forestali";"Accordo di rinnovo";"Edilizia";"FEDERLEGNOARREDO; UGL COSTRUZIONI";"16/11/2020";"01/04/2019";"";"31/12/2022";"LEGNO, ARREDAMENTO: Industrie"
"CCNL MODA - Pelletteria, Calzaturiero, Tessile e Abbigliamento";"Testo definitivo";"Tessili";"CONFLAVORO PMI; FESICA CONFSAL; CONFSAL";"24/01/2022";"01/02/2022";"";"31/01/2026";"MODA - Pelletteria, Calzaturiero, Tessile e Abbigliamento (CONFLAVORO PMI - CONFSAL)"
"CCNL della Mobilità / Area contrattuale Attività Ferroviarie - Verbale di accordo per la copertura economica del triennio 2018-2020";"Accordo economico";"Trasporti";"AGENS; FILT CGIL; FIT CISL; UILTRASPORTI; UGL FERROVIERI; FAST CONFSAL; ORSA FERROVIE; ANCP (per adesione)";"18/02/2021";"01/01/2018";"";"31/12/2020";"FERROVIE: Attivita' ferroviarie"
"Verbale di Accordo CCNL Autoferrotranvieri per la copertura una tantum del periodo 2018-2020";"Accordo economico";"Trasporti";"ASSTRA; ANAV; AGENS; FILT CGIL; FIT CISL; UILTRASPORTI; FAISA CISAL; UGL FNA";"24/06/2021";"01/01/2018";"";"31/12/2020";"AUTOFERROTRANVIERI"
"CCNL del TRASPORTO AEREO - Parte specifica GESTORI AEROPORTUALI";"Accordo di rinnovo";"Trasporti";"ASSAEROPORTI; FILT CGIL; FIT CISL; UILTRASPORTI; UGL TRASPORTO AEREO";"17/01/2020";"01/01/2020";"";"31/12/2022";"AEREI: Trasporto Aereo"
"CCNL per il Settore SORVEGLIANZA ANTINCENDIO";"Testo definitivo";"Trasporti";"ANISA; CONFSAL; CONFSAL VIGILI DEL FUOCO";"10/02/2022";"10/02/2022";"";"09/02/2025";"SORVEGLIANZA ANTINCENDIO"
"Ipotesi di accordo per il rinnovo del CCNL 16/11/2016 per gli addetti all'industria delle piastrelle di ceramica, dei materiali refrattari, ceramica sanitaria, di porcellane e ceramiche per uso domestico e ornamentale, di ceramica tecnica, di tubi in gres";"Accordo di rinnovo";"Chimici";"CONFINDUSTRIA CERAMICA; UGL CHIMICI; FIALC CISAL; FAILC CONFAIL; FESICA CONFSAL";"26/11/2020";"01/01/2020";"";"30/06/2023";"PIASTRELLE E REFRATTARI: Industrie"
"Ipotesi di accordo per il rinnovo del CCNL per le imprese ed i lavoratori del settore Tessile-Abbigliamento-Moda";"Accordo di rinnovo";"Tessili";"SMI; CONFINDUSTRIA MODA; UGL CHIMICI E TESSILI";"28/07/2021";"01/04/2020";"";"31/03/2024";"TESSILI ABBIGLIAMENTO: Industrie"
"Ipotesi di accordo di rinnovo del CCNL per i lavoratori addetti all'industria delle calzature";"Accordo di rinnovo";"Tessili";"ASSOCALZATURIFICI; FEMCA CISL; FILCTEM CGIL; UILTEC UIL";"21/06/2021";"01/01/2020";"";"31/12/2023";"CALZATURE: Industrie"
"Protocollo di adesione al CCNL per gli addetti all'industria Chimica settore Coibentazioni Termiche Acustiche";"Accordo di rinnovo";"Chimici";"ANICTA; UGL CHIMICI";"30/09/2020";"01/01/2020";"";"30/06/2022";"COIBENTAZIONI TERMICHE ACUSTICHE"
"Protocollo di sottoscrizione dell'accordo di rinnovo del 5 gennaio 2021 del CCNL imprese del sistema industriale integrato di servizi tessili e medici affini";"Accordo di rinnovo";"Tessili";"ASSOSISTEMA CONFINDUSTRIA; UGL CHIMICI/TESSILI";"13/01/2021";"01/04/2019";"";"31/12/2022";"LAVANDERIE, TINTORIE ... : Industrie"
"Ipotesi di Accordo per il rinnovo del CCNL Grafici Editori";"Accordo di rinnovo";"Poligrafici e Spettacolo";"ASSOGRAFICI; AIE; ANES; UGL CHIMICI CARTA STAMPA";"19/01/2021";"01/01/2021";"";"31/12/2022";"EDITORIA E GRAFICA: Industrie"
"Ipotesi di Accordo per il rinnovo del CCNL Attività Minerarie";"Accordo di rinnovo";"Chimici";"ASSOMINERARIA; UGL CHIMICI";"11/04/2019";"01/04/2019";"";"31/03/2022";"MINERO-METALLURGICHE: Industrie"
"Ipotesi di Accordo per il rinnovo del CCNL per i dipendenti della Piccola e Media Industria MODA - CHIMICA CERAMICA - DECORAZIONE PIASTRELLE IN TERZO FUOCO";"Accordo di rinnovo";"Altri Vari";"CNA Federmoda; CNA Produzione; CNA Artistico e Tradizionale; CONFARTIGIANATO Moda; CONFARTIGIANATO Chimica; CASARTIGIANI; CLAAI; FILCTEM CGIL; FEMCA CISL; UILTEC UIL";"17/02/2022";"01/01/2019";"";"31/12/2022";"MODA, CHIMICA CERAMICA E DECORAZIONE PIASTRELLE IN 3° FUOCO (PMI)"
"CCNL per i dipendenti da proprietari di fabbricati";"Testo definitivo";"Commercio";"CONFEDILIZIA; FILCAMS CGIL; FISASCAT CISL; UILTUCS UIL";"26/11/2019";"01/01/2020";"";"31/12/2022";"PROPRIETARI FABBRICATI (Dipendenti)"
"CCNL per i dipendenti da proprietari di fabbricati - aggiornamento retribuzioni anno 2022";"Accordo economico";"Commercio";"CONFEDILIZIA; FILCAMS CGIL; FISASCAT CISL; UILTUCS UIL";"24/01/2022";"01/01/2022";"";"31/12/2022";"PROPRIETARI FABBRICATI (Dipendenti)"
"Ipotesi di Accordo per il rinnovo del CCNL Attività Minerarie";"Accordo di rinnovo";"Chimici";"ASSOMINERARIA; FILCTEM CGIL; FEMCA CISL; UILTEC UIL";"11/04/2019";"01/04/2019";"";"31/03/2022";"MINERO-METALLURGICHE: Industrie"
"Verbale di Accordo per il rinnovo del CCNL 18 luglio 2018 per i lavoratori dipendenti delle imprese edili ed affini e delle Cooperative";"Accordo di rinnovo";"Edilizia";"ANCE; LEGACOOP Produzione e Servizi; CONFCOOPERATIVE Lavoro e Servizi; AGCI Produzione e Lavoro; FENEAL UIL; FILCA CISL; FILLEA CGIL";"03/03/2022";"01/03/2022";"";"30/06/2024";"EDILI: Industrie e Cooperative"
"Accordo di rinnovo del CCNL per i dipendenti di Centri Elaborazione Dati (CED), imprese ICT, professioni digitali e STP";"Accordo di rinnovo";"Commercio";"ASSOCED; LAIT; CONFTERZIARIO; UGL TERZIARIO; UGL";"09/03/2022";"01/04/2022";"";"31/03/2025";"CENTRI DI ELABORAZIONE DATI"
"CCNL per i dipendenti di Centri Elaborazione Dati (CED), imprese ICT, professioni digitali e STP";"Testo definitivo";"Commercio";"ASSOCED; LAIT; CONFTERZIARIO; UGL TERZIARIO; UGL";"13/12/2018";"01/01/2019";"";"31/12/2021";"CENTRI DI ELABORAZIONE DATI"
"CCNL Aziende del Terzo Settore";"Testo definitivo";"Enti e Istituzioni Private";"CONFINTESA; I CONSUMATORI; KONSUMER ITALIA; AECI; ASSOCONFAM; CASA DEI DIRITTI";"21/03/2022";"21/03/2022";"";"31/01/2025";"AZIENDE DEL TERZO SETTORE"
"CCNL per i dipendenti delle aziende del settore Turismo, dei Pubblici Esercizi e della Ristorazione";"Testo definitivo";"Commercio";"FEDERTERZIARIO; FEDERTERZIARIO TURISMO; UGL TERZIARIO; UGL; ANCL";"16/03/2022";"16/03/2022";"";"31/12/2025";"TURISMO (FEDERTERZIARIO)"
"Ipotesi di Accordo di rinnovo del CCNL applicabile alla piccola e media industria metalmeccanica, orafa e dell'installazione di impianti";"Accordo di rinnovo";"Meccanici";"CONFIMI IMPRESA MECCANICA; FIM CISL; UILM UIL";"07/06/2021";"01/06/2021";"";"30/06/2023";"METALMECCANICA: P.M.I. - CONFIMI"
"CCNL per i dipendenti del comparto privato sanitario e sociosanitario";"Testo definitivo";"Enti e Istituzioni Private";"CONFIMPRESE ITALIA; FESICA CONFSAL; CONFSAL";"16/03/2022";"01/02/2022";"";"31/01/2025";"COMPARTO PRIVATO SANITARIO E SOCIOSANITARIO"
"Protocollo d'intesa per la correzione di errore materiale - Art. 113 e tabelle retributive di cui all'articolo 134 del CCNL 26.11.2019 per i dipendenti da proprietari di fabbricati";"Verbale integrativo";"Commercio";"CONFEDILIZIA; FILCAMS CGIL; FISASCAT CISL; UILTUCS UIL";"31/03/2022";"";"";"";"PROPRIETARI FABBRICATI (Dipendenti)"
"Accordo collettivo per la disciplina delle collaborazioni nelle attività di vendita di beni e servizi e di recupero crediti realizzati attraverso call center "outbound", stipulato con riferimento al CCNL TLC";"Verbale integrativo";"Aziende di Servizi";"ASSOTELECOMUNICAZIONI ASSTEL; ASSOCONTACT; SLC CGIL; FISTEL CISL; UILCOM UIL";"31/07/2017";"";"";"";"TELECOMUNICAZIONI"
"Accordo Collettivo Nazionale per la regolamentazione delle Collaborazioni esclusivamente personali nel settore delle ricerche di mercato";"Testo definitivo";"Altri Vari";"ASSIRM CONFINDUSTRIA INTELLECT; FELSA CISL; NIDIL CGIL; UILTEMP";"24/07/2017";"01/07/2017";"";"31/12/2019";"COLLABORAZIONI esclusivamente personali nel settore delle ricerche di mercato"
"CCNL per i Generici dipendenti operanti sui set di ripresa cineaudiovisiva";"Accordo di rinnovo";"Poligrafici e Spettacolo";"ANICA; APA; APE; SLC CGIL; FISTEL CISL; UILCOM UIL";"13/04/2022";"01/01/2022";"";"31/12/2024";"CINEMA: Generici Produzione A.V."
"1° CCNL del personale non dirigente del Coni";"Testo definitivo";"Amministrazione Pubblica";"CONI; CISL FP; FP CGIL; UIL PA; CISAL FIALP; USB PI; UGL";"13/04/2022";"01/01/2022";"";"31/12/2024";"CONI"
"1° CCNL dei dirigenti e dei quadri del Coni";"Testo definitivo";"Amministrazione Pubblica";"CONI; CISL FP; FP CGIL; UIL PA; CISAL FIALP; UGL";"13/04/2022";"01/01/2022";"";"31/12/2024";"CONI: Dirigenti"
"Ipotesi di accordo di rinnovo del CCNL Area Legno-Lapidei";"Accordo di rinnovo";"Edilizia";"CNA Produzione; CNA Costruzioni; CONFARTIGIANATO Legno e Arredo; CONFARTIGIANATO Marmisti; CASARTIGIANI; CLAAI; FENEAL UIL; FILCA CISL; FILLEA CGIL";"03/05/2022";"01/01/2019";"";"31/12/2022";"Area LEGNO LAPIDEI: Artigiane"
"CCNL per i dipendenti delle aziende operanti nel settore outsourcing-insourcing, attività intra processo, supply chain industria e servizi";"Testo definitivo";"Trasporti";"FEDERTERZIARIO; FEDERTERZIARIO LOGISTICA E TRASPORTI; SLSM UGL; ANCL";"29/04/2022";"01/05/2022";"";"31/12/2025";"OUTSOURCING - INSOURCING, ATTIVITA' INTRA PROCESSO, SUPPLY CHAIN INDUSTRIA E SERVIZI"
"Ipotesi di accordo per il rinnovo del CCNL Area Tessile-Moda Chimica-Ceramica";"Accordo di rinnovo";"Altri Vari";"CNA Federmoda; CONFARTIGIANATO Moda; CONFARTIGIANATO Chimica; CONFARTIGIANATO Ceramica; CASARTIGIANI; CLAAI; FILCTEM CGIL; FEMCA CISL; UILTEC UIL";"04/05/2022";"01/01/2019";"";"31/12/2022";"Area TESSILE MODA e CHIMICA CERAMICA (Artigiane)"
"Verbale di Ipotesi di accordo per il rinnovo del CCNL per i lavoratori dipendenti dei Consorzi Agrari";"Accordo di rinnovo";"Agricoltura";"ASSOCAP; FAI CISL; FLAI CGIL; UILA UIL";"04/05/2022";"01/01/2020";"";"31/12/2023";"CONSORZI AGRARI: Operai e Impiegati"
"CCNL per i soci ed i dipendenti delle cooperative pesca ed acquacoltura e loro consorzi";"Testo definitivo";"Alimentaristi - Agroindustriale";"UNCI; UNCI AGROALIMENTARE; CONFSAL PESCA; FESICA CONFSAL; CONFSAL";"11/02/2022";"01/02/2022";"";"31/01/2025";"PESCA: Cooperative (UNCI-CONFSAL)"
"CCNL per i dipendenti delle cooperative servizi di pulimento, di facchinaggio, disinfezione, sanificazione, disinfestazione, derattizzazione, igiene ambientale e ausiliari, ed anche multiservizi e servizi integrativi ai vari settori merceologici";"Testo definitivo";"Aziende di Servizi";"UNCI; FESICA CONFSAL; CONFSAL";"30/06/2021";"01/11/2020";"";"31/10/2023";"PULIZIA, FACCHINAGGIO, SANIFICAZIONE, IGIENE AMBIENTALE, MULTISERVIZI E SERVIZI INTEGRATIVI: Cooperative"
"Verbale di Accordo nazionale di rinnovo del CCNL Autoferrotranvieri Internavigatori (Mobilità TPL)";"Accordo di rinnovo";"Trasporti";"ASSTRA; ANAV; AGENS; FILT CGIL; FIT CISL; UILTRASPORTI UIL; FAISA CISAL; UGL FNA";"10/05/2022";"01/01/2021";"";"31/12/2023";"AUTOFERROTRANVIERI"
"CCNL per i dipendenti degli Studi Professionali";"Testo definitivo";"Commercio";"CIFA; UNPI CIFA; CONFSAL; FEDERLAVORATORI CONFSAL";"04/05/2022";"01/05/2022";"";"30/04/2025";"Studi Professionali (CIFA)"
"Ipotesi di accordo per il rinnovo del CCNL Area Comunicazione";"Accordo di rinnovo";"Poligrafici e Spettacolo";"CNA COMUNICAZIONE E TERZIARIO AVANZATO; CONFARTIGIANATO COMUNICAZIONE; CASARTIGIANI; CLAAI; SLC CGIL; FISTEL CISL; UILCOM UIL";"16/05/2022";"01/01/2019";"";"31/12/2022";"AREA COMUNICAZIONE - Imprese Artigiane"
"Verbale di accordo per adesione all'accordo 29 giugno 2019 di rinnovo del CCNL 24 novembre 2015 per i dipendenti dalle aziende esercenti la produzione del cemento, della calce e suoi derivati, del gesso e relativi manufatti, delle malte e dei materiali di base per le costruzioni, nonché la produzione promiscua di cemento, calce, gesso e malte";"Accordo di rinnovo";"Edilizia";"FEDERMACO; UGL COSTRUZIONI";"01/07/2019";"01/01/2019";"";"31/12/2021";"CEMENTO, CALCE, GESSO: Industrie"
"CCNL per i dipendenti da proprietari di fabbricati - aggiornamento retribuzioni anno 2022";"Accordo economico";"Commercio";"CONFEDILIZIA; UGL TERZIARIO";"31/01/2022";"01/01/2022";"";"31/12/2022";"PROPRIETARI FABBRICATI (Dipendenti)"
"CCNL per i dipendenti delle agenzie, istituti, società ed enti di formazione, istruzione e cultura";"Testo definitivo";"Enti e Istituzioni Private";"ATECA; ANEAS; ASSOPRO; FIADEL SP; CIU";"03/05/2022";"03/05/2022";"";"02/05/2025";"AGENZIE, ISTITUTI, SOCIETA' ED ENTI DI FORMAZIONE, ISTRUZIONE E CULTURA"
"Accordo di rinnovo CCNL per i soci e i dipendenti delle cooperative esercenti servizi di rifacimento camere, pulizie, facchinaggio e manutenzione nelle strutture ricettive turistico-alberghiere";"Accordo di rinnovo";"Aziende di Servizi";"UNICOOP; UGL TERZIARIO";"20/05/2022";"01/04/2022";"";"31/12/2025";"FACILITY MANAGEMENT: Cooperative (UNICOOP-UGL)"
"CCNL per i dipendenti da proprietari di fabbricati";"Testo definitivo";"Commercio";"CONFEDILIZIA; UGL TERZIARIO";"26/11/2019";"01/01/2020";"";"31/12/2022";"PROPRIETARI FABBRICATI (Dipendenti)"
"CCNL per il personale non docente della Pontificia Università Gregoriana";"Testo definitivo";"Enti e Istituzioni Private";"PONTIFICIA UNIVERSITA' GREGORIANA; FLC CGIL; ANIEF EPR";"14/03/2022";"01/01/2022";"";"31/12/2024";"PONTIFICIA UNIVERSITA' GREGORIANA"
"CCNL per i dirigenti, quadri, impiegati e operai dipendenti dei settori Turismo, Agenzie di viaggio e Pubblici esercizi";"Testo definitivo";"Commercio";"ANPIT; AIAV; AIFES; CIDEC; CONFIMPRENDITORI; UNICA; CISAL TERZIARIO; CISAL; CONFEDIR";"24/05/2022";"01/05/2022";"";"30/04/2025";"TURISMO, AGENZIE DI VIAGGIO E PUBBLICI ESERCIZI"
"CCNL per i dipendenti da Aziende esercenti attività dell'Artigianato e Piccole e Medie Industrie";"Testo definitivo";"Altri Vari";"FEDIMPRESE; FEDERAZIENDE; SNAPEL; FEDALP; FEDERDIPENDENTI; CIU (per adesione)";"30/05/2022";"30/05/2022";"";"30/05/2025";"Artigianato e Piccole e Medie Industrie"
"Verbale di accordo per il rinnovo del CCNL 29 maggio 2019 per i dipendenti dalle aziende esercenti la produzione del cemento, della calce e suoi derivati, del gesso e relativi manufatti, delle malte e dei materiali di base per le costruzioni, nonché la produzione promiscua di cemento, calce, gesso e malte";"Accordo di rinnovo";"Edilizia";"FEDERBETON; FENEAL UIL; FILCA CISL; FILLEA CGIL";"15/03/2022";"01/01/2022";"";"31/12/2024";"CEMENTO, CALCE, GESSO: Industrie"
"Verbale di accordo per adesione all'accordo 15 marzo 2022 di rinnovo del CCNL 29 maggio 2019 per i dipendenti dalle aziende esercenti la produzione del cemento, della calce e suoi derivati, del gesso e relativi manufatti, delle malte e dei materiali di base per le costruzioni, nonché la produzione promiscua di cemento, calce, gesso e malte";"Accordo di rinnovo";"Edilizia";"FEDERBETON; UGL COSTRUZIONI";"03/06/2022";"01/01/2022";"";"31/12/2024";"CEMENTO, CALCE, GESSO: Industrie"
"CCNL della Mobilità / Area contrattuale Attività Ferroviarie del 22 marzo 2022 di rinnovo del CCNL Mobilità/Area AF del 16 dicembre 2016";"Accordo di rinnovo";"Trasporti";"AGENS; FILT CGIL; FIT CISL; UILTRASPORTI; UGL FERROVIERI; FAST CONFSAL; ORSA FERROVIE; ANCP (per adesione)";"22/03/2022";"22/03/2022";"";"31/12/2023";"FERROVIE: Attivita' ferroviarie"
"Ipotesi di accordo di rinnovo del CCNL per gli addetti all'industria chimica, chimico-farmaceutica, delle fibre chimiche e dei settori abrasivi, lubrificanti e gpl";"Accordo di rinnovo";"Chimici";"FEDERCHIMICA; FARMINDUSTRIA; FILCTEM CGIL; FEMCA CISL; UILTEC UIL";"13/06/2022";"01/07/2022";"";"30/06/2025";"CHIMICO FARMACEUTICA e AFFINI: Industrie"
"CCNL per i dipendenti delle aziende operanti nei settori del commercio, terziario e servizi";"Testo definitivo";"Commercio";"UNILAVORO PMI; CIU; FIRAS SPP; FENIMPRESE (sottoscritto per adesione dal 16/06/2022)";"15/06/2022";"01/07/2022";"";"30/06/2027";"COMMERCIO, TERZIARIO E SERVIZI (UNILAVORO PMI)"
"Accordo di adesione di Fenimprese al CCNL per i dipendenti delle aziende operanti nei settori del commercio, terziario e servizi";"Verbale integrativo";"Commercio";"UNILAVORO PMI; CIU; FIRAS SPP; FENIMPRESE";"15/06/2022";"16/06/2022";"";"30/06/2027";"COMMERCIO, TERZIARIO E SERVIZI (UNILAVORO PMI)"
"CCNL aziende di animazione e intrattenimento";"Testo definitivo";"Commercio";"CONFLAVORO PMI; FESICA CONFSAL; CONFSAL";"03/06/2022";"01/06/2022";"";"31/05/2025";"ANIMAZIONE E INTRATTENIMENTO"
"CCNL Letturisti Acqua, Gas e Energia Elettrica";"Testo definitivo";"Commercio";"CONFLAVORO PMI; FESICA CONFSAL; CONFSAL";"03/06/2022";"01/06/2022";"";"31/05/2025";"Letturisti Acqua, Gas e Energia Elettrica"
"CCNL per la distribuzione delle merci, della logistica e dei servizi privati";"Testo definitivo";"Trasporti";"CONFLAVORO PMI; FESICA CONFSAL; CONFSAL";"31/05/2022";"01/05/2022";"";"30/04/2025";"DISTRIBUZIONE MERCI, LOGISTICA E SERVIZI PRIVATI"
"CCNL per i dipendenti dei settori del Credito e Finanza";"Testo definitivo";"Credito Assicurazioni";"CONFLAP; UNIONE; FDP ITALIA; ASSOPAM; CIU";"16/06/2022";"20/06/2022";"";"20/06/2025";"CREDITO E FINANZA"
"Testo Unico CCNL per i dipendenti da aziende del terziario, della distribuzione e dei servizi";"Testo definitivo";"Commercio";"CONFESERCENTI; FILCAMS CGIL; CGIL; FISASCAT CISL; CISL; UILTUCS; UIL";"12/12/2019";"01/04/2015";"";"31/12/2019";"TERZIARIO, DISTRIBUZIONE E SERVIZI (CONFESERCENTI)"
"CCNL per i lavoratori delle piccole e medie industrie metalmeccaniche";"Testo definitivo";"Meccanici";"ALIM; CONFIAP; FENAPI; FISMIC CONFSAL; FENADIL";"16/06/2022";"01/07/2022";"";"31/12/2025";"METALMECCANICA: P.M.I. (FISMIC CONFSAL)"
"CCNL MULTISETTORE per i lavoratori dipendenti delle aziende e cooperative esercenti attività di Multiservizi, Pulizie, Logistica, Trasporti e Spedizioni, Commercio, Terziario, Servizi, Turismo e Pubblici Esercizi";"Testo definitivo";"Altri Vari";"CONFIMITALIA (aderente CIU); CONFAEL NAZIONALE COMPARTO TERZIARIO; SNALP (aderente a CONFSAL); ENGEB; FAL (aderente a CONFAEL); CONFAEL";"07/06/2022";"01/06/2022";"";"31/05/2026";"MULTISERVIZI, PULIZIE, LOGISTICA, TRASPORTI E SPEDIZIONI, COMMERCIO, TERZIARIO, SERVIZI, TURISMO E PUBBLICI ESERCIZI"
"CCNL per i lavoratori del settore edile";"Testo definitivo";"Edilizia";"CONFASSOCIAZIONI BUILDING PROF; FISMIC CONFSAL";"24/05/2022";"01/06/2022";"";"31/12/2025";"Settore EDILE (CONFASSOCIAZIONI)"
"Ipotesi di accordo di rinnovo del CCNL per gli addetti all'industria chimica, chimico-farmaceutica, delle fibre chimiche e dei settori abrasivi, lubrificanti e gpl";"Accordo di rinnovo";"Chimici";"FEDERCHIMICA; FARMINDUSTRIA; UGL CHIMICI; FAILC CONFAIL; FIALC CISAL";"13/06/2022";"01/07/2022";"";"30/06/2025";"CHIMICO FARMACEUTICA e AFFINI: Industrie"
"CCNL per i dipendenti di Studi Professionali che amministrano condomini o immobili Società di Servizi Integrati alla proprietà immobiliare";"Testo definitivo";"Commercio";"ANACI; SACI; CISAL TERZIARIO; CISAL";"16/07/2022";"01/07/2022";"";"30/06/2025";"STUDI PROFESSIONALI O SOCIETA' AMMINISTRATORI CONDOMINIO"
"CCNL per i dipendenti da imprese industriali artigiane di lavanderie, tintorie ed affini";"Testo definitivo";"Tessili";"PMI ITALIA; SIA CONFSAL";"14/06/2022";"30/06/2022";"";"31/12/2026";"Imprese Industriali Artigiane di Lavanderie, Tintorie ed affini (PMI ITALIA)"
"CCNL per i dipendenti da aziende industriali alimentari";"Testo definitivo";"Alimentaristi - Agroindustriale";"PMI ITALIA; SIA CONFSAL";"14/06/2022";"01/06/2022";"";"01/06/2026";"ALIMENTARISTI: Industrie (PMI ITALIA)"
"Errata Corrige - CCNL per i dipendenti di Studi Professionali che amministrano condomini o immobili Società di Servizi Integrati alla proprietà immobiliare sottoscritto il 16 luglio 2022";"Verbale integrativo";"Commercio";"ANACI; SACI; CISAL TERZIARIO; CISAL";"27/07/2022";"01/07/2022";"";"30/06/2025";"STUDI PROFESSIONALI O SOCIETA' AMMINISTRATORI CONDOMINIO"
"Ipotesi di Accordo di rinnovo del CCNL per i dipendenti delle imprese gestite o partecipate dagli enti locali, esercenti farmacie, parafarmacie, magazzini farmaceutici all'ingrosso, laboratori farmaceutici";"Accordo di rinnovo";"Commercio";"ASSOFARM; FILCAMS CGIL; FISASCAT CISL; UILTUCS UIL";"07/07/2022";"07/07/2022";"";"31/12/2024";"FARMACIE MUNICIPALIZZATE"
"CCNL Multiservizi";"Testo definitivo";"Aziende di Servizi";"CONFLAVORO PMI; FESICA CONFSAL; CONFSAL";"30/06/2022";"01/07/2022";"";"30/06/2025";"MULTISERVIZI (CONFLAVORO PMI - CONFSAL)"
"Ipotesi di Accordo di rinnovo del CCNL Attività Minerarie 11 aprile 2019";"Accordo di rinnovo";"Chimici";"ASSORISORSE; FILCTEM CGIL; FEMCA CISL; UILTEC UIL";"13/07/2022";"01/04/2022";"";"31/03/2025";"MINERO-METALLURGICHE: Industrie"
"Ipotesi di accordo nazionale di rinnovo del CCNL per gli addetti degli Impianti di trasporto a Fune";"Accordo di rinnovo";"Trasporti";"ANEF; FILT CGIL; FIT CISL; UILTRASPORTI UIL; SAVT TRASPORTI";"19/07/2022";"01/05/2022";"";"30/04/2025";"FUNIVIE TERRESTRI ED AEREE"
"Ipotesi di accordo di rinnovo del CCNL 28 marzo 2018 per i quadri direttivi e per il personale delle aree professionali dipendenti da Agenzia delle Entrate - Riscossione ed Equitalia Giustizia SpA";"Accordo di rinnovo";"Credito Assicurazioni";"Agenzia delle Entrate Riscossione; Equitalia Giustizia SpA; FABI; FIRST CISL; FISAC CGIL; UILCA; UNISIN";"15/07/2022";"01/01/2022";"";"31/12/2024";"Concessionari Servizi Tributi"
"CCNL per i dipendenti da aziende PMI e artigiane edili e affini";"Testo definitivo";"Edilizia";"CAPIMED; FENAILP; NSI CIU; FEDERLAVORATORI";"28/12/2021";"01/07/2021";"";"30/06/2024";"EDILI: aziende PMI e artigiane edili e affini (CAPIMED)"
"CCNL per i dipendenti delle imprese edili artigiane e delle piccole e medie imprese industriali edili e affini";"Testo definitivo";"Edilizia";"CONFIMI INDUSTRIA EDILIZIA; FEDERCEPICOSTRUZIONI; FEDERTERZIARIO; FINCO; UGL COSTRUZIONI; CEUQ; ANCL (assistenza tecnica)";"20/07/2022";"21/07/2022";"";"20/07/2025";"EDILI: imprese artigiane e PMI industriali edili e affini (FEDERTERZIARIO)"
"CCNL per i dipendenti da Aziende esercenti attività del settore e per i dipendenti e soci lavoratori da cooperative esercenti attività di COMMERCIO E SERVIZI";"Testo definitivo";"Commercio";"ADLI; FAMAR CIU UNIONQUADRI";"29/04/2022";"29/04/2022";"";"31/12/2025";"COMMERCIO E SERVIZI (ADLI-FAMAR)"
"Accordo di rinnovo del CCNL per i dipendenti del settore Turismo e dei Pubblici Esercizi";"Accordo di rinnovo";"Commercio";"SISTEMA IMPRESA; FESICA CONFSAL; CONFSAL";"27/07/2022";"01/11/2020";"";"31/12/2024";"TURISMO E PUBBLICI ESERCIZI"
"Accordo integrativo e modificativo del CCNL MODA - Pelletteria, Calzaturiero, Tessile e Abbigliamento del 24/01/2022";"Verbale integrativo";"Tessili";"CONFLAVORO PMI; FESICA CONFSAL";"01/08/2022";"01/08/2022";"";"31/01/2026";"MODA - Pelletteria, Calzaturiero, Tessile e Abbigliamento (CONFLAVORO PMI - CONFSAL)"
"CCNL per i lavoratori dipendenti delle imprese che esercitano attività agromeccaniche (contoterzismo in agricoltura)";"Testo definitivo";"Agricoltura";"CAI; FAI CISL; FLAI CGIL; UILA UIL";"12/07/2021";"01/01/2021";"";"31/12/2023";"AGRICOLTURA: Aziende in conto terzi"
"Verbale di accordo Osservatorio sul Lavoro Agile";"Verbale integrativo";"Poligrafici e Spettacolo";"RAI; SLC CGIL; FISTEL CISL; UILCOM UIL; FNC UGL COMUNICAZIONI; SNATER; LIBERSIND CONFSAL";"30/06/2022";"";"";"";"RAI"
"Verbale di accordo sul Lavoro Agile";"Verbale integrativo";"Aziende di Servizi";"POSTE ITALIANE SPA; SLC CGIL; SLP CISL; UILPOSTE; FAILP CISAL; CONFSAL COMUNICAZIONI; FNC UGL COMUNICAZIONI";"01/03/2022";"";"";"";"ENTE POSTE ITALIANE (Poste Italiane spa)"
"Ipotesi di accordo di rinnovo per il periodo 2019-2020-2021-2022 del CCL per quadri, impiegati ed operai dipendenti da RAI-Radiotelevisione Italiana, Rai Cinema, Rai Com e Rai Way";"Accordo di rinnovo";"Poligrafici e Spettacolo";"RAI; UNINDUSTRIA ROMA; FISTEL CISL; UILCOM UIL; FNC UGL COMUNICAZIONI; SNATER; LIBERSIND CONFSAL";"09/03/2022";"01/01/2019";"";"31/12/2022";"RAI"
"CCNL per i dipendenti dell'AIAS - Associazione Italiana Assistenza Spastici e delle fondazioni e/o consorzi AIAS";"Testo definitivo";"Enti e Istituzioni Private";"AIAS; CISL FP; UIL FPL; UGL Salute; FIALS CONFSAL; CONFSAL; ISA";"07/09/2022";"01/01/2017";"";"31/12/2019";"SERVIZI ASSISTENZIALI: Personale AIAS"
"Protocollo di accordo integrativo al CCNL per il personale non medico delle strutture e cooperative socio sanitarie e assistenziali";"Verbale integrativo";"Enti e Istituzioni Private";"CEPA A; UNILAVORO PMI; CONFSAL FISALS";"08/09/2022";"08/09/2022";"";"26/01/2024";"STRUTTURE E COOPERATIVE SOCIO SANITARIE E ASSISTENZIALI: Personale non medico"
"CCNL per gli operai agricoli e florovivaisti";"Testo definitivo";"Agricoltura";"CAPIMED; FENAILP; NSI CIU; FEDERLAVORATORI";"28/12/2021";"01/06/2021";"";"30/06/2025";"AGRICOLTURA: Operai e Florovivaisti (CAPIMED)"
"CCNL per i dipendenti da Società ed Enti di Formazione";"Testo definitivo";"Enti e Istituzioni Private";"FEDIMPRESE; AIFECS; SNAPEL; CIU; SALI";"01/09/2022";"01/09/2022";"";"01/09/2025";"SOCIETA' ED ENTI DI FORMAZIONE (FEDIMPRESE)"
"CCNL per il personale dipendente delle imprese, enti, cooperative e/o consorzi, che operano nei settori dei servizi, pubblici esercizi, commercio e terziario e delle reti di impresa";"Testo definitivo";"Commercio";"AIIE; UNIFORMA; EDAFOS; CONFSAEI; SIA CONFSAL";"05/09/2022";"01/01/2022";"";"31/12/2025";"COMMERCIO, TERZIARIO E SERVIZI IN RETE"
"Rinnovo CCNL per i dipendenti da aziende di pulimento e multiservizi";"Accordo di rinnovo";"Aziende di Servizi";"FMPI; CNAL";"19/09/2022";"19/09/2022";"";"31/12/2025";"PULIZIA: Aziende di pulimento e multiservizi (CNAL)"
"CCNL per i dipendenti delle aziende esercenti attività nel settore terziario, distribuzione, servizi e commercio";"Testo definitivo";"Commercio";"CONFESERCIZI; POPOLO DELLA RETE (aderente CIU)";"30/05/2022";"01/06/2022";"";"31/12/2024";"TERZIARIO, DISTRIBUZIONE E SERVIZI E COMMERCIO (CONFESERCIZI)"
"CCNL per i dipendenti di enti e aziende del settore del benessere olistico";"Testo definitivo";"Altri Vari";"CONFASSOLISTICHE; CONFINTESA SMART; CONFINTESA";"23/09/2022";"01/10/2022";"";"01/10/2026";"SETTORE DEL BENESSERE OLISTICO (CONFASSOLISTICHE)"
"CCNL per Dirigenti, Quadri, Impiegati e Operai del Terziario Avanzato";"Testo definitivo";"Commercio";"ANPIT; AIFES; CEPI; CIDEC; CONFIMPRENDITORI; UNICA; CISAL Terziario; CISAL; CONFEDIR";"26/09/2022";"01/09/2022";"";"31/08/2025";"TERZIARIO AVANZATO"
"Verbale di accordo per il rinnovo del CCNL per gli addetti imbarcati su natanti esercenti la pesca marittima (2022-2025)";"Accordo di rinnovo";"Alimentaristi - Agroindustriale";"FEDERPESCA; COLDIRETTI IMPRESA PESCA; FAI CISL; FLAI CGIL; UILA Pesca";"23/09/2022";"01/01/2022";"";"31/12/2025";"PESCA MARITTIMA: Industrie"
"CCNL per i dipendenti dell'artigianato e delle società cooperative del settore edile, costruzioni, restauro e affini";"Testo definitivo";"Edilizia";"UNILAVORO PMI; ESAARCO CIU; CONFSAL FISALS";"28/09/2022";"01/10/2022";"";"30/09/2027";"EDILI, COSTRUZIONI, RESTAURO E AFFINI: artigianato e cooperative"
"Accordo nazionale di rinnovo del CCNL per i dipendenti da imprese esercenti il noleggio autobus con conducente e le relative attività correlate";"Accordo di rinnovo";"Trasporti";"ANAV; FILT CGIL; FIT CISL; UILTRASPORTI";"06/10/2022";"01/01/2021";"";"31/12/2023";"NOLEGGIO AUTOBUS CON CONDUCENTE"
"CCNL Impianti Sportivi e Attività Sportive";"Testo definitivo";"Commercio";"CONFLAVORO PMI; FISE; ASI; MSA; CNS Libertas; FIS; FESICA CONFSAL; CONFSAL";"10/09/2022";"01/09/2022";"";"31/08/2025";"IMPIANTI SPORTIVI E ATTIVITA' SPORTIVE"
"CCNL per la categoria delle Agenzie di Somministrazione di lavoro";"Testo definitivo";"Altri Vari";"FEDERDAT; CONSIL; FLAITS; CIU";"27/09/2022";"01/10/2022";"";"30/09/2025";"Agenzie di Somministrazione di Lavoro (FEDERDAT)"
"CCNL per i lavoratori ed impiegati delle imprese operanti nel settore dei servizi di pulizia, multiservizi e attività affini";"Testo definitivo";"Aziende di Servizi";"FMPI; ARCO e PMI; ULSSA; CESIL; FLIASERVIZI; FILCAS CASIL; FENALT SALPI; CONFASI; CNAL";"20/09/2022";"20/09/2022";"";"19/09/2025";"PULIZIA: Servizi di pulizia, multiservizi e attività affini (FMPI)"
"CCNL per i lavoratori dipendenti di FORMEZ PA";"Testo definitivo";"Enti e Istituzioni Private";"FORMEZ PA; FP CGIL; CISL FP; UIL PA; CISAL FIALP; USB PI";"27/09/2022";"01/01/2020";"";"31/12/2022";"FORMEZ"
"Ipotesi di accordo per il rinnovo del CCNL Area Acconciatura ed Estetica";"Accordo di rinnovo";"Commercio";"CNA Unione benessere e sanità; CONFARTIGIANATO Benessere Acconciatori; CONFARTIGIANATO Benessere Estetica; CASARTIGIANI; CLAAI Federnas Unamem; FILCAMS CGIL; FISASCAT CISL; UILTUCS UIL";"10/10/2022";"";"";"31/12/2022";"PARRUCCHIERI: Artigiane"
"CCNL per i dipendenti dell'Industria Turistica";"Testo definitivo";"Commercio";"FEDERTURISMO CONFINDUSTRIA; CONFINDUSTRIA AICA; FILCAMS CGIL; FISASCAT CISL; UILTUCS UIL";"14/11/2016";"";"";"31/01/2018";"INDUSTRIA TURISTICA"
"CCNL per i dipendenti di cooperative e consorzi agricoli";"Testo definitivo";"Agricoltura";"AGCI AGRITAL; LEGACOOP AGROALIMENTARE; FEDAGRI CONFCOOPERATIVE; FAI CISL; FLAI CGIL; UILA UIL";"03/08/2022";"01/01/2020";"";"31/12/2023";"AGRICOLTURA: Cooperative e Consorzi Agricoli"
"CCNL per i dipendenti e i soci lavoratori delle Associazioni ed altre organizzazioni del terzo settore";"Testo definitivo";"Altri Vari";"CONAPI; FILA";"21/09/2022";"01/10/2022";"";"30/09/2025";"LAVORATORI DELLE ASSOCIAZIONI (CONAPI)"
"CCNL per i dipendenti da imprese artigiane del settore alimentare e da imprese di panificazione";"Testo definitivo";"Alimentaristi - Agroindustriale";"CONFEDERAZIONE COINAR; SIA CONFSAL";"29/09/2022";"01/10/2022";"31/12/2025";"31/12/2026";"Settore ALIMENTARE e PANIFICAZIONE: Imprese Artigiane"
"CCNL per dipendenti e soci lavoratori delle imprese Cooperative di MULTISERVIZI PULIZIA E LOGISTICA";"Testo definitivo";"Aziende di Servizi";"ADLI; COOPITALIANE; FAMAR CIU UNIONQUADRI";"07/10/2022";"01/10/2022";"";"31/12/2025";"MULTISERVIZI PULIZIA E LOGISTICA: Cooperative"
"Ipotesi di accordo per il rinnovo del CCNL per i dipendenti dalle imprese artigiane esercenti servizi di pulizia, disinfezione, disinfestazione, derattizzazione e sanificazione";"Accordo di rinnovo";"Aziende di Servizi";"CNA Costruzioni; CNA Imprese di Pulizia; CONFARTIGIANATO Imprese di Pulizia; CASARTIGIANI; CLAAI; FILCAMS CGIL; FISASCAT CISL; UILTRASPORTI UIL";"27/10/2022";"27/10/2022";"";"31/12/2024";"PULIZIA Disinfezione Disinfestazione (PMI Cooperative Artigiane)"
"CCNL per i lavoratori delle imprese artigiane metalmeccaniche, di installazione di impianti, orafi, argentieri ed affini";"Testo definitivo";"Meccanici";"ASSOARTIGIANI; UGL METALMECCANICI";"19/10/2022";"17/10/2022";"";"16/09/2025";"METALMECCANICA, INSTALLAZIONE DI IMPIANTI, ORAFI, ARGENTIERI ED AFFINI: Imprese Artigiane (ASSOARTIGIANI)"
"CCNL per la regolamentazione del lavoro giornalistico nelle imprese di radiodiffusione sonora e televisiva di ambito locale, nelle imprese fornitrici di contenuti informativi operanti in ambito locale con tecnologia digitale e/o operanti attraverso canali satellitari in chiaro che non rappresentino ritrasmissione di emittenti nazionali, nei gruppi di emittenti e nei consorzi che effettuano trasmissioni di programmi in contemporanea (sindycations) e agenzie di informazione radiofonica e televisiva";"Testo definitivo";"Poligrafici e Spettacolo";"AERANTI CORALLO; AERANTI; ASSOCIAZIONE CORALLO; FEDERAZIONE NAZIONALE STAMPA ITALIANA FNSI";"16/11/2022";"01/01/2023";"";"31/12/2026";"GIORNALISTI: Radio televisione - imprese locali"
"CCNL per il personale dipendente non medico da strutture sanitarie, socio-sanitarie e cooperative socio sanitarie ed assistenziali private";"Testo definitivo";"Enti e Istituzioni Private";"FMPI; CONFINTESA; CONFINTESA Sanità";"17/11/2022";"17/11/2022";"";"31/10/2025";"STRUTTURE SANITARIE, SOCIO-SANITARIE E COOPERATIVE SOCIO SANITARIE ED ASSISTENZIALI PRIVATE: personale non medico (FMPI-CONFINTESA)"
"CCNL per i dipendenti del settore terziario, commercio e servizi alle imprese";"Testo definitivo";"Commercio";"ITALPMI; UNSIL; CIU UNIONQUADRI";"10/11/2022";"11/11/2022";"";"10/11/2025";"TERZIARIO, COMMERCIO E SERVIZI ALLE IMPRESE (ITALPMI)"
"CCNL per i Generici dipendenti operanti sui set di ripresa Cineteleaudiovisiva";"Testo definitivo";"Poligrafici e Spettacolo";"CNA Cinema e Audiovisivo; CNA; CONFARTIGIANATO Cinema e Audiovisivo; CONFARTIGIANATO Imprese; CASARTIGIANI; CLAAI; SLC CGIL; FISTEL CISL; UILCOM UIL";"28/11/2022";"28/11/2022";"";"31/12/2024";"Generici dipendenti operanti sui set di ripresa cineteleaudiovisiva"
"CCNL per il personale dipendente del settore assistenziale, socio-sanitario e delle cure post-intensive";"Testo definitivo";"Enti e Istituzioni Private";"CONFCOMMERCIO Salute Sanità e Cura; CONFCOMMERCIO Imprese per l'Italia; FISASCAT CISL; UILTUCS UIL";"13/09/2022";"01/01/2022";"";"31/12/2024";"SETTORE ASSISTENZIALE, SOCIO-SANITARIO E DELLE CURE POST-INTENSIVE"
"CCNL aziende edili, industriali e affini";"Testo definitivo";"Edilizia";"ANCORS; CIU";"02/11/2022";"01/12/2022";"";"31/12/2025";"EDILI: industrie e affini (ANCORS)"
"CCNL commercio, distribuzione, servizi, terziario e trasporti";"Testo definitivo";"Altri Vari";"ANCORS; CIU";"02/11/2022";"01/12/2022";"";"31/12/2025";"COMMERCIO, DISTRIBUZIONE, SERVIZI, TERZIARIO E TRASPORTI"
"CCNL per i dipendenti delle aziende del comparto operanti nel settore della Bellezza e del Servizio alla Persona";"Testo definitivo";"Commercio";"PMI ITALIA; SIA CONFSAL";"29/11/2022";"01/12/2022";"";"31/12/2026";"Bellezza e Servizio alla Persona"
"CCNL 5 febbraio 2021 per i lavoratori addetti all'industria metalmeccanica privata e alla installazione di impianti";"Testo definitivo";"Meccanici";"FEDERMECCANICA; ASSISTAL; CONFINDUSTRIA; FIM CISL; CISL; FIOM CGIL; CGIL; UILM UIL; UIL";"05/02/2021";"05/02/2021";"";"30/06/2024";"METALMECCANICA: Industrie"
"Protocollo straordinario di settore";"Verbale integrativo";"Commercio";"CONFCOMMERCIO IMPRESE PER L'ITALIA; FILCAMS CGIL; FISASCAT CISL; UILTUCS UIL";"12/12/2022";"";"";"";"COMMERCIO E SERVIZI"
"Protocollo straordinario di settore";"Verbale integrativo";"Commercio";"CONFCOMMERCIO IMPRESE PER L'ITALIA; UGL TERZIARIO";"12/12/2022";"";"";"";"COMMERCIO E SERVIZI"
"Protocollo straordinario per il settore della Distribuzione Moderna Organizzata (DMO)";"Verbale integrativo";"Commercio";"FEDERDISTRIBUZIONE; FILCAMS CGIL; FISASCAT CISL; UILTUCS UIL";"12/12/2022";"";"";"";"Distribuzione Moderna Organizzata (DMO)"
"Protocollo straordinario per il settore della Distribuzione Moderna Organizzata (DMO)";"Verbale integrativo";"Commercio";"FEDERDISTRIBUZIONE; UGL TERZIARIO";"12/12/2022";"";"";"";"Distribuzione Moderna Organizzata (DMO)"
"Verbale di accordo per il rinnovo del CCNL per il personale non imbarcato dipendente da cooperative esercenti attività di pesca marittima, di maricoltura, acquacoltura e vallicoltura";"Accordo di rinnovo";"Alimentaristi - Agroindustriale";"ACGI AGRITAL; CONFCOOPERATIVE FEDAGRIPESCA; LEGACOOP Agroalimentare; FAI CISL; FLAI CGIL; UILAPESCA";"30/11/2022";"01/01/2022";"";"31/12/2025";"PESCA: Cooperative"
"CCNL per i dipendenti di aziende artigiane di parrucchieri, barbieri ed estetica";"Testo definitivo";"Commercio";"ITALPMI; UNSIL";"28/11/2022";"01/12/2022";"";"30/11/2025";"Aziende Artigiane di Parrucchieri, Barbieri ed Estetica (ITALPMI)"
"CCNL per Dirigenti, Quadri, Impiegati e Operai dei settori Metalmeccanico, Installazione d'Impianti, Odontotecnico";"Testo definitivo";"Meccanici";"ANPIT; AIFES; CEPI; CONFIMPRENDITORI; FEDERODONTOTECNICA; UNICA; CISAL Metalmeccanici; CISAL Terziario; CISAL; CONFEDIR";"30/11/2022";"01/12/2022";"";"30/11/2025";"METALMECCANICO, INSTALLAZIONE D'IMPIANTI E ODONTOTECNICO: Dirigenti, Quadri, Impiegati e Operai"
"CCNL per i dipendenti del Sistema U.C.I.";"Testo definitivo";"Enti e Istituzioni Private";"UCI; Patronato ENAC; CAF UCI; UIC CONFSAL; CONFSAL";"05/12/2022";"01/01/2023";"";"31/12/2025";"Sistema UCI: Dipendenti"
"CCNL per i lavoratori dipendenti da aziende cooperative di trasformazione di prodotti agricoli e zootecnici e lavorazione prodotti alimentari";"Testo definitivo";"Alimentaristi - Agroindustriale";"AGCI AGRITAL; CONFCOOPERATIVE FEDAGRIPESCA; LEGACOOP AGROALIMENTARE; FLAI CGIL; FAI CISL; UILA UIL";"21/12/2022";"01/12/2019";"";"30/11/2023";"ALIMENTARISTI: Cooperative"
"Accordo per il rinnovo del CCNL Lapidei Industria per il triennio 2022-2025";"Accordo di rinnovo";"Edilizia";"CONFINDUSTRIA MARMOMACCHINE; ANEPLA; FILLEA CGIL; FILCA CISL; FENEAL UIL";"24/11/2022";"01/04/2022";"";"31/03/2025";"LAPIDEI (Estr. e Lavoraz.): Industrie"
"Ipotesi di accordo per il rinnovo del CCNL 22 febbraio 2017 recante la disciplina dei rapporti fra le imprese di assicurazione ed il personale dipendente non dirigente";"Accordo di rinnovo";"Credito Assicurazioni";"ANIA; FIRST CISL; FISAC CGIL; FNA; SNFIA; UILCA";"16/11/2022";"16/11/2022";"";"31/12/2024";"ASSICURAZIONI: Dipendenti (ANIA)"
"Ipotesi di intesa per il rinnovo del CCNL 3 dicembre 2012, come modificato dall'accordo collettivo del 17 aprile 2018, recante la disciplina dei rapporti fra le imprese di assicurazione/assistenza ed il personale dipendente non dirigente";"Accordo di rinnovo";"Credito Assicurazioni";"ANIA; FIRST CISL; FISAC CGIL; FNA; SNFIA; UILCA UIL";"16/11/2022";"16/11/2022";"";"31/12/2024";"ASSICURAZIONI: Dipendenti (AISA-AISSA)"
"Accordo sindacale nazionale di modifica all'accordo sindacale nazionale del 20 maggio 2013 istitutivo del "Fondo intersettoriale di solidarietà per il sostegno del reddito, dell'occupazione, della riconversione e riqualificazione professionale del personale dipendente dalle imprese assicuratrici e delle società di assistenza"";"Verbale integrativo";"Credito Assicurazioni";"ANIA; FIRST CISL; FISAC CGIL; FNA; SNFIA; UILCA UIL";"16/11/2022";"";"";"";"ASSICURAZIONI: Dipendenti (AISA-AISSA)"
"Verbale di accordo integrativo del CCNL per i dipendenti delle associazioni ed altre organizzazioni del terzo settore";"Accordo economico";"Enti e Istituzioni Private";"UNCI; FESICA CONFSAL";"20/12/2022";"01/07/2022";"";"";"ASSOCIAZIONI ED ALTRE ORGANIZZAZIONI DEL TERZO SETTORE (UNCI)"
"Protocollo straordinario";"Verbale integrativo";"Commercio";"ANCC COOP; CONFCOOPERATIVE CONSUMO E UTENZA; AGCI AGRITAL; FILCAMS CGIL; FISASCAT CISL; UILTUCS UIL";"12/12/2022";"";"";"";"COMMERCIO: Cooperative di Consumo"
"Accordo nazionale di rinnovo del CCNL noleggio autobus con conducente e le relative attività correlate";"Accordo di rinnovo";"Trasporti";"ANAV; FAISA CISAL";"06/10/2022";"01/01/2021";"";"31/12/2023";"NOLEGGIO AUTOBUS CON CONDUCENTE"
"Accordo nazionale di rinnovo del CCNL noleggio autobus con conducente e le relative attività correlate";"Accordo di rinnovo";"Trasporti";"ANAV; UGL FNA";"06/10/2022";"01/01/2021";"";"31/12/2023";"NOLEGGIO AUTOBUS CON CONDUCENTE"
"Accordo integrativo del CCNL per i dipendenti del terziario: commercio, distribuzione e servizi - cod. CNEL H01N";"Accordo economico";"Commercio";"SISTEMA IMPRESA; FESICA CONFSAL; CONFSAL";"29/12/2022";"29/12/2022";"";"30/04/2023";"DIPENDENTI DEL TERZIARIO: COMMERCIO, DISTRIBUZIONE E SERVIZI (SCI-CONFSAL)"
"Verbale di accordo CCNL dipendenti Fabbricerie - rinnovo economico triennio 2021-2022-2023";"Accordo economico";"Enti e Istituzioni Private";"AFI; FP CGIL; CISL FP; UIL FPL";"19/12/2022";"01/01/2021";"";"31/12/2023";"FABBRICERIE"
"CCNL per i dirigenti e i direttori quadri delle organizzazioni degli allevatori, consorzi ed enti zootecnici (sostituisce il CCNL 24 ottobre 2008)";"Testo definitivo";"Agricoltura";"AIA; AIDEZ";"23/11/2021";"01/01/2021";"31/12/2022";"31/12/2024";"ZOOTECNIA: Dirigenti"
"CCNL assistenti familiari";"Testo definitivo";"Commercio";"UAI; FNGI; FAILM";"17/01/2023";"01/02/2023";"";"31/01/2027";"ASSISTENTI FAMILIARI"
"Contratto di settore - CCNL Protocollo d'intesa per il settore "VETTORI AEREI" Compagnie aeree straniere";"Accordo di rinnovo";"Trasporti";"FAIRO; FILT CGIL; FIT CISL; UILTRASPORTI; UGL TRASPORTO AEREO";"05/12/2022";"01/01/2017";"";"31/12/2022";"AEREI: Trasporto Aereo"
"CCNL 2022-2024 per il personale dipendente del Gruppo ANAS";"Testo definitivo";"Enti e Istituzioni Private";"Gruppo ANAS; FILT CGIL; FIT CISL; UILPA ANAS; UGL VIABILITA' E LOGISTICA; SADA FAST CONFSAL; SNALA CISAL";"14/12/2022";"01/01/2022";"";"31/12/2024";"ANAS (Ente Nazionale per le Strade)"
"CCNL Commercio, Terziario, Distribuzione e Servizi";"Testo definitivo";"Commercio";"CONFLAVORO PMI; FESICA CONFSAL; CONFSAL";"17/01/2023";"01/02/2023";"";"31/01/2026";"COMMERCIO, TERZIARIO, DISTRIBUZIONE E SERVIZI (CONFLAVORO PMI - CONFSAL)"
"CCNL installatori e manutentori di piscine";"Testo definitivo";"Edilizia";"CONFLAVORO PMI; ACQUANET CONFLAVORO; FESICA CONFSAL; CONFSAL";"20/01/2023";"01/02/2023";"";"31/01/2026";"Installatori e Manutentori Piscine"
"CCNL per i dipendenti delle associazioni ed altre organizzazioni del terzo settore";"Testo definitivo";"Enti e Istituzioni Private";"ITALPMI; UNSIL; CIU UNIONQUADRI";"24/01/2023";"25/01/2023";"";"24/01/2026";"ASSOCIAZIONI ED ALTRE ORGANIZZAZIONI DEL TERZO SETTORE (ITALPMI)"
"Accordo di rinnovo del CCNL per i dipendenti degli istituti investigativi privati e delle agenzie di sicurezza sussidiaria o complementare";"Accordo di rinnovo";"Commercio";"FEDERPOL; SISTEMA IMPRESA; FESICA CONFSAL; CONFSAL";"07/12/2022";"01/01/2020";"";"31/12/2025";"ISTITUTI INVESTIGATIVI PRIVATI E AGENZIE SICUREZZA SUSSIDIARIA O COMPLEMENTARE (FEDERPOL)"
"Parte Specifica SERVIZI ATM - Sezioni specifiche Impianti Strategici e Impianti a Basso Traffico";"Accordo economico";"Trasporti";"ENAV SpA; FILT CGIL; FIT CISL; UILTRASPORTI; UGL TRASPORTO AEREO; UNICA";"25/11/2022";"01/01/2023";"";"31/12/2025";"AEREI: Trasporto Aereo"
"CCNL ISSIM";"Testo definitivo";"Enti e Istituzioni Private";"ISSIM; FILCAMS CGIL";"08/02/2023";"08/02/2023";"";"07/02/2026";"SERVIZI ASSISTENZIALI: Personale ISSIM"
"CCNL per i quadri, impiegati ed operai dipendenti degli Studi Professionali e Agenzie di Assicurazione";"Testo definitivo";"Altri Vari";"ANPIT; AIFES; CONFIMPRENDITORI; UNICA; CISAL Terziario; CISAL";"17/01/2023";"01/01/2023";"";"31/12/2025";"STUDI PROFESSIONALI e AGENZIE DI ASSICURAZIONI"
"CCNL giornalistico e per la regolamentazione dei rapporti di lavoro di natura redazionale nei settori della comunicazione e dell'informazione periodica locale e on line e nazionale no profit";"Testo definitivo";"Poligrafici e Spettacolo";"USPI; FIGEC CISAL; CISAL";"15/02/2023";"01/01/2023";"";"31/12/2025";"INFORMAZIONE E COMUNICAZIONE: rapporti di lavoro di natura redazionale"
"CCNL per gli addetti alla Piccola e Media Industria Metalmeccanica, Orafa e alla Installazione Impianti";"Testo definitivo";"Meccanici";"CONFLAVORO PMI; FESICA CONFSAL; CONFSAL";"25/01/2023";"01/02/2023";"";"31/01/2026";"METALMECCANICA: P.M.I. (CONFLAVORO PMI)"
"CCNL per i lavoratori dipendenti di imprese e società esercenti servizi di igiene ambientale";"Testo definitivo";"Aziende di Servizi";"ATECA; ANEAS; ASSOPRO; FIADEL SP; CIU";"03/11/2022";"03/11/2022";"";"02/11/2025";"PULIZIA: Igiene Ambientale (ATECA)"
"CCNL per i Dipendenti da Aziende esercenti lavorazioni/servizi conto terzi a facon operanti in regime di subfornitura";"Testo definitivo";"Altri Vari";"LAIF; ANPIT; CISAL TERZIARIO; CISAL";"31/01/2023";"01/02/2023";"";"31/01/2026";"Dipendenti da Aziende esercenti LAVORAZIONI CONTO TERZI A FACON"
"CCNL del Trasporto Aereo - Parte specifica "CATERING AEREO"";"Accordo di rinnovo";"Trasporti";"FEDERCATERING; FEDERTURISMO CONFINDUSTRIA; FILT CGIL; FIT CISL; UILTRASPORTI; UGL TRASPORTO AEREO";"07/12/2022";"01/01/2023";"";"31/12/2025";"AEREI: Trasporto Aereo"
"Protocollo straordinario di settore";"Verbale integrativo";"Commercio";"CONFESERCENTI; FILCAMS CGIL; FISASCAT CISL; UILTUCS UIL";"12/12/2022";"";"";"";"TERZIARIO, DISTRIBUZIONE E SERVIZI (CONFESERCENTI)"
"Protocollo straordinario di settore";"Verbale integrativo";"Commercio";"CONFESERCENTI; UGL TERZIARIO";"12/12/2022";"";"";"";"TERZIARIO, DISTRIBUZIONE E SERVIZI (CONFESERCENTI)"
"CCNL per il personale del settore metalmeccanica e della installazione di impianti e oreficeria";"Testo definitivo";"Meccanici";"ITALPMI; UNSIL";"09/09/2022";"10/09/2022";"";"09/09/2025";"METALMECCANICA, INSTALLAZIONE IMPIANTI E OREFICERIA (ITALPMI)"
"CCNL per le imprese e i lavoratori dipendenti delle cooperative esercenti attività disciplinata dalle norme vigenti in materia di distribuzione cooperativa, cooperative di consumo e servizi, nonché dei servizi correlati e collegati, richiesti dalla committenza, sia pubblica che privata";"Testo definitivo";"Commercio";"UNICOOP; UGL TERZIARIO; UGL";"30/01/2023";"01/02/2023";"";"31/01/2026";"DISTRIBUZIONE COOPERATIVA, COOPERATIVE DI CONSUMO E SERVIZI (UNICOOP)"
"CCNL per il personale non medico dipendente delle aziende e delle organizzazioni operanti nella Sanità Privata";"Testo definitivo";"Enti e Istituzioni Private";"UNIMPRESA; UNIMPRESA Federazione Nazionale Sanità e Welfare; UNIAP; UNIMPRESA FEDERAMBULANZE SERVIZI ASSISTENZA; CONFAIL; UPLA CONFCONTRIBUENTI";"01/03/2023";"01/03/2023";"";"28/02/2026";"SANITA' PRIVATA (UNIMPRESA)"
"CCNL FISM per il personale occupato nei servizi dell'infanzia e della prima infanzia, delle scuole e degli enti aderenti e/o rappresentati dalla FISM";"Testo definitivo";"Enti e Istituzioni Private";"FISM; FLC CGIL; CISL SCUOLA; UIL SCUOLA RUA; SNALS CONFSAL";"01/03/2023";"01/01/2021";"";"31/12/2023";"SCUOLE MATERNE NON STATALI"
"Protocollo condiviso per la tutela dei lavoratori del settore cine-audiovisivo";"Verbale integrativo";"Poligrafici e Spettacolo";"AANICA; APA; APE; SLC CGIL; FISTEL CISL; UILCOM UIL";"02/05/2022";"";"";"";"CINEMA AUDIOVISIVI: Industrie"
"Protocollo condiviso per la tutela dei lavoratori del settore cine-audiovisivo";"Verbale integrativo";"Poligrafici e Spettacolo";"ANICA; APA; APE; SLC CGIL; FISTEL CISL; UILCOM UIL";"02/05/2022";"";"";"";"CINEMA: Generici Produzione A.V."
"Protocollo condiviso per la tutela dei lavoratori del settore cine-audiovisivo";"Verbale integrativo";"Poligrafici e Spettacolo";"ANICA; APA; APE; CNA Cinema e Audiovisivo; CONFARTIGIANATO Cineaudiovisivo; SLC CGIL; FISTEL CISL; UILCOM UIL";"07/07/2020";"";"";"";"CINEMA: Generici Produzione A.V."
"CCNL per il personale della scuola non statale";"Testo definitivo";"Enti e Istituzioni Private";"ITALPMI; UNSIL";"28/06/2022";"29/06/2022";"";"28/06/2025";"SCUOLA NON STATALE (ITALPMI)"
"Accordo 26 gennaio 2023 di rinnovo del CCNL 16 settembre 2020 per gli addetti all'industria della gomma, cavi elettrici ed affini e all'industria delle materie plastiche";"Accordo di rinnovo";"Chimici";"FEDERAZIONE GOMMA E PLASTICA; ASSOCIAZIONE ITALIANA RICOSTRUTTORI PNEUMATICI; FILCTEM CGIL; FEMCA CISL; UILTEC UIL";"02/02/2023";"01/01/2023";"";"31/12/2025";"GOMMA E PLASTICA: Industrie"
"Accordo 26 gennaio 2023 di rinnovo del CCNL 16 settembre 2020 per gli addetti all'industria della gomma, cavi elettrici ed affini e all'industria delle materie plastiche";"Accordo di rinnovo";"Chimici";"FEDERAZIONE GOMMA E PLASTICA; ASSOCIAZIONE ITALIANA RICOSTRUTTORI PNEUMATICI; UGL CHIMICI";"02/02/2023";"01/01/2023";"";"31/12/2025";"GOMMA E PLASTICA: Industrie"
"Accordo 26 gennaio 2023 di rinnovo del CCNL 16 settembre 2020 per gli addetti all'industria della gomma, cavi elettrici ed affini e all'industria delle materie plastiche";"Accordo di rinnovo";"Chimici";"FEDERAZIONE GOMMA E PLASTICA; FAILC CONFAIL";"06/02/2023";"01/01/2023";"";"31/12/2025";"GOMMA E PLASTICA: Industrie"
"CCNL per i dipendenti del settore turismo";"Testo definitivo";"Commercio";"ITALPMI; UNSIL";"13/06/2022";"14/06/2022";"";"13/06/2025";"TURISMO (ITALPMI)"
"CCNL IGIENE AMBIENTALE - Aziende Private e Municipalizzate";"Testo definitivo";"Aziende di Servizi";"CONFLAVORO PMI; FESICA CONFSAL; CONFSAL";"20/02/2023";"01/03/2023";"";"28/02/2026";"PULIZIA: Igiene Ambientale (CONFLAVORO PMI - CONFSAL)"
"CCNL per il personale dipendente del settore domestico";"Testo definitivo";"Commercio";"ITALPMI; UNSIL";"10/10/2022";"11/10/2022";"";"10/10/2025";"LAVORO DOMESTICO (ITALPMI)"
"CCNL per i piloti di velivoli ad ala fissa adibiti ad attività di protezione civile, servizio antincendio boschivo e tutela ambientale";"Testo definitivo";"Trasporti";"AEI CONFINDUSTRIA FEDERVARIE; FIT CISL; UGL TRASPORTO AEREO; ANPAC";"01/03/2023";"01/03/2023";"";"31/12/2024";"PILOTI di velivoli ad ala fissa (Protezione Civile, Servizio Antincendio Boschivo e Tutela Ambientale)"
"CCNL per i lavoratori dell'industria alimentare";"Testo definitivo";"Alimentaristi - Agroindustriale";"FEDERDAT; CIU; FLAITS; CONSIL";"13/03/2023";"01/03/2023";"";"28/02/2026";"INDUSTRIA ALIMENTARE (FEDERDAT)"
"CCNL per i dipendenti delle aziende artigiane";"Testo definitivo";"Altri Vari";"FEDERDAT; CONSIL; FLAITS; CIU";"13/03/2023";"01/03/2023";"";"28/02/2026";"AZIENDE ARTIGIANE (FEDERDAT)"
"CCNL per i dipendenti degli Studi Professionali";"Testo definitivo";"Commercio";"FEDERDAT; CIU; FLAITS; CONSIL";"13/03/2023";"01/03/2023";"";"28/02/2026";"Studi Professionali (FEDERDAT)"
"CCNL per il personale dipendente del settore della panificazione";"Testo definitivo";"Alimentaristi - Agroindustriale";"ITALPMI; UNSIL";"01/12/2022";"01/12/2022";"";"01/12/2025";"PANIFICAZIONE (ITALPMI)"
"Contratto Collettivo Specifico di Lavoro per i dipendenti FENAPI";"Testo definitivo";"Enti e Istituzioni Private";"FENAPI; CONFSAL; ALI CONFSAL";"02/03/2023";"01/04/2023";"";"01/04/2026";"FENAPI GROUP (Dipendenti)"
"Ipotesi di rinnovo del CCNL lavanderie industriali e centrali di sterilizzazione ed imprese del sistema industriale integrato di beni e servizi tessili e medici affini";"Accordo di rinnovo";"Tessili";"ASSOSISTEMA CONFINDUSTRIA; FILCTEM CGIL; FEMCA CISL; UILTEC UIL";"28/03/2023";"01/01/2023";"";"31/12/2025";"LAVANDERIE, TINTORIE ... : Industrie"
"CCNL per i lavoratori delle aziende del settore Agricoltura, micro, piccole e medie imprese e cooperative";"Testo definitivo";"Agricoltura";"FMPI; CONFASI; ULSSA; FLIA SERVIZI; CESIL; FIMACOD; AIESIL (firma per adesione il 02/03/2023)";"02/03/2023";"02/03/2023";"";"31/12/2026";"AGRICOLTURA (FMPI)"
"CCNL Agricoltura";"Testo definitivo";"Agricoltura";"ANCORS; CIU";"02/11/2022";"01/01/2023";"";"31/12/2026";"AGRICOLTURA (ANCORS)"
"CCNL per i lavoratori ed impiegati delle imprese operanti nel settore della ristorazione collettiva e attività affini";"Testo definitivo";"Commercio";"FMPI; ARCO e PMI; ULSSA; FLIA SERVIZI; CESIL; CONFASI";"02/03/2023";"02/03/2023";"";"31/12/2026";"RISTORAZIONE COLLETTIVA (FMPI)"
"Protocollo di adesione di CISL FP al CCNL per il personale dipendente del settore assistenziale, socio-sanitario e delle cure post-intensive";"Verbale integrativo";"Enti e Istituzioni Private";"CONFCOMMERCIO Salute Sanità e Cura; CISL FP";"12/04/2023";"";"";"";"SETTORE ASSISTENZIALE, SOCIO-SANITARIO E DELLE CURE POST-INTENSIVE"
"CCNL per il personale operante nelle società, imprese ed enti di istruzione e formazione";"Testo definitivo";"Enti e Istituzioni Private";"AIRFOR; UNIL";"05/04/2023";"12/04/2023";"";"11/04/2026";"SOCIETA', IMPRESE ED ENTI DI ISTRUZIONE E FORMAZIONE (AIRFOR)"
"CCNL per Dirigenti, Quadri, Impiegati e Operai dipendenti di Enti, Imprese e Cooperative Sociali del Terzo Settore, Enti senza scopo di lucro, Sport";"Testo definitivo";"Enti e Istituzioni Private";"FENALC; OPES; ANPIT; UNICA; CEPI; CONFIMPRENDITORI; CISAL TERZIARIO; CISAL; CONFEDIR";"30/03/2023";"01/04/2023";"";"30/03/2026";"Terzo Settore, Sport e altri Enti senza scopo di lucro"
"Linee guida per la disciplina del rapporto di lavoro dei dipendenti delle Ambasciate, Consolati, Legazioni, Istituti culturali ed Organismi Internazionali in Italia. Triennio 2023-2025";"Testo definitivo";"Altri Vari";"MINISTERO DEGLI AFFARI ESTERI E DELLA COOPERAZIONE INTERNAZIONALE; MINISTERO DEL LAVORO E DELLE POLITICHE SOCIALI; FP CGIL; CISL FP; UIL PA; CEUQ";"06/04/2023";"01/01/2023";"";"31/12/2025";"AMBASCIATE E ORGAN. INTERNAZ. (Dipendenti)"
"CCNL per il personale dipendente delle micro, piccole e medie imprese, reti di impresa e unità produttive che operano nei settori della trasformazione dei prodotti agricoli e zootecnici e della lavorazione dei prodotti alimentari";"Testo definitivo";"Alimentaristi - Agroindustriale";"UNIMPRESA; UNIMPRESA Agricoltura; UNIAP; CONFAIL; FENALT CONFAIL; UPLA CONFCONTRIBUENTI";"31/03/2023";"01/04/2023";"";"31/03/2026";"ALIMENTARISTI: Micro, PMI (UNIMPRESA)"
"CCNL per i Medici dipendenti dalle case di cura private laiche e religiose e da centri di riabilitazione";"Testo definitivo";"Enti e Istituzioni Private";"UNIMPRESA; UNIMPRESA Federazione Nazionale Sanità e Welfare; UNIAP; UNIMPRESA FEDERAMBULANZE SERVIZI ASSISTENZA; CONFAIL; UPLA CONFCONTRIBUENTI";"01/04/2023";"01/04/2023";"";"31/03/2026";"SANITA' PRIVATA: personale medico (UNIMPRESA)"
"Ipotesi di accordo nazionale per il rinnovo del CCNL 10 luglio 2018 per i dipendenti delle imprese pubbliche del settore funerario";"Accordo di rinnovo";"Trasporti";"UTILITALIA; FP CGIL; FIT CISL; UILTRASPORTI UIL";"07/02/2023";"01/01/2022";"";"31/12/2024";"POMPE FUNEBRI: Agenzie Pubbliche"
"CCNL per i lavoratori dipendenti delle imprese esercenti attività nel settore della pesca e della imprenditoria ittica";"Testo definitivo";"Alimentaristi - Agroindustriale";"CONFLAVORO PMI; ANAPI PESCA; AGRIPESCA CONFCOMMERCIO; CONFSAL PESCA; CONFSAL";"23/03/2023";"01/04/2023";"";"31/03/2026";"Pesca marittima e imprenditoria ittica"
"CCNL per i dipendenti delle imprese gestite o partecipate dagli enti locali, esercenti farmacie, parafarmacie, magazzini farmaceutici all'ingrosso, laboratori farmaceutici";"Testo definitivo";"Commercio";"ASSOFARM; UGL TERZIARIO";"07/07/2022";"07/07/2022";"";"31/12/2024";"FARMACIE MUNICIPALIZZATE"
"Rinnovo del CCNL per i dipendenti delle PMI del settore metalmeccanico";"Accordo di rinnovo";"Meccanici";"FEDERIMPRESEITALIA; ALPAI; SALPS";"17/04/2023";"20/04/2023";"";"20/04/2027";"METALMECCANICA: P.M.I. - FEDERIMPRESEITALIA"
"Rinnovo del CCNL per i dipendenti delle PMI del settore terziario, distribuzione e servizi";"Accordo di rinnovo";"Commercio";"FEDERIMPRESEITALIA; ALPAI";"17/04/2023";"20/04/2023";"";"20/04/2027";"TERZIARIO, DISTRIBUZIONE E SERVIZI (FEDERIMPRESEITALIA-ALPAI-SALPS)"
"Rinnovo del CCNL per i dipendenti delle PMI del settore imprese edili e affini";"Accordo di rinnovo";"Edilizia";"FEDERIMPRESEITALIA; ALPAI";"17/04/2023";"20/04/2023";"";"20/04/2027";"EDILI: Imprese edili e affini (FEDERIMPRESEITALIA)"
"Rinnovo del CCNL per i dipendenti delle PMI del settore Agricoltura (Operai e Florovivaisti)";"Accordo di rinnovo";"Agricoltura";"FEDERIMPRESEITALIA; ALPAI";"17/04/2023";"20/04/2023";"";"20/04/2027";"AGRICOLTURA: Operai e Florovivaisti (FEDERIMPRESEITALIA)"
"CCNL per i dipendenti da aziende esercenti attività del settore e per i dipendenti da aziende esercenti attività di FACILITY MANAGEMENT ed affini delle piccole e medie imprese dell'artigianato e della cooperazione";"Testo definitivo";"Aziende di Servizi";"ADLI; FAMAR CIU UNIONQUADRI";"18/04/2023";"01/05/2023";"";"31/12/2026";"FACILITY MANAGEMENT"
"CCNL per i dipendenti da Aziende esercenti attività del settore e per i dipendenti e soci lavoratori da cooperative esercenti attività di TURISMO e PUBBLICI ESERCIZI";"Testo definitivo";"Commercio";"ADLI; FAMAR CIU UNIONQUADRI";"18/04/2023";"01/05/2023";"";"31/12/2026";"TURISMO (ADLI-FAMAR)"
"CCNL per i dipendenti da aziende esercenti attività del settore di Facility Management, Multiservizi, Pulizie dell'Artigianato, delle Piccole e Medie Imprese e della Cooperazione";"Testo definitivo";"Aziende di Servizi";"FEDIMPRESE; CIU; SNAPEL; SALI";"18/04/2023";"18/04/2023";"";"18/04/2025";"FACILITY MANAGEMENT, MULTISERVIZI, PULIZIE: Artigianato, PMI e Coop"
"CCNL per i lavoratori degli studi professionali";"Testo definitivo";"Commercio";"FMPI; CONFINTESA";"29/03/2023";"01/04/2023";"";"31/03/2026";"Studi Professionali (FMPI)"
"CCNL INTERSETTORIALE Logistica e trasporti e PMI artigiane";"Testo definitivo";"Altri Vari";"CEPA A; CEPA A Commercio; CEPA A Turismo; CEPA A Trasporti; ESAARCO Terziario e Commercio; UNILAVORO PMI; ONAPS; SIA CONFSAL; CONFSAL; FLT; SI CEL; CONFSAL FISALS; FENALS CGS";"24/04/2023";"01/05/2023";"";"30/04/2026";"INTERSETTORIALE Logistica e trasporti e PMI artigiane"
"CCNL Commercio, Terziario, Distribuzione, Servizi, Pubblici Esercizi e Turismo";"Testo definitivo";"Commercio";"CEPA A; CEPA A Commercio; CEPA A Turismo; ESAARCO Terziario e Commercio; UNILAVORO PMI; ONAPS; SIA CONFSAL; CONFSAL; FLT; SI CEL; CONFSAL FISALS; FENALS CGS";"24/04/2023";"01/05/2023";"";"30/04/2026";"COMMERCIO, TERZIARIO, DISTRIBUZIONE, SERVIZI, PUBBLICI ESERCIZI E TURISMO"
"CCNL per il personale dipendente dalle imprese del settore di pulizia, global service, servizi di facility management, outsourcing, servizi integrati e delle imprese multiservizi in qualsiasi forma giuridica costituite compresa la forma cooperativa";"Testo definitivo";"Aziende di Servizi";"UNIMPRESA; UNIAP; CONFAIL; FIIA CONFAIL; UPLA CONFCONTRIBUENTI";"04/05/2023";"04/05/2023";"";"30/04/2026";"PULIZIA, GLOBAL SERVICE, FACILITY MANAGEMENT"
"CCNL per il personale direttivo, docente, educativo, amministrativo, tecnico ed ausiliario della Scuola non Statale e degli enti di Formazione Professionale sotto qualsiasi forma giuridica costituita";"Testo definitivo";"Enti e Istituzioni Private";"UNIMPRESA; UNIMPRESA Federazione Nazionale Scuola Privata ed Enti di Formazione; UNIAP; CONFAIL; UPLA CONFCONTRIBUENTI";"04/05/2023";"04/05/2023";"";"30/04/2026";"SCUOLA NON STATALE ED ENTI DI FORMAZIONE PROFESSIONALE (UNIMPRESA)"
"CCNL logistica, trasporto merci e spedizioni";"Testo definitivo";"Trasporti";"FEDERDAT; CIU; FLAITS; CONSIL; CONFIAL";"04/05/2023";"01/05/2023";"";"30/04/2026";"LOGISTICA, TRASPORTI MERCI E SPEDIZIONI (FEDERDAT)"
"CCNL per i dipendenti da imprese edili ed affini";"Testo definitivo";"Edilizia";"FEDERDAT; UNSIC; CIU; FLAITS; CONSIL; CONFIAL";"04/05/2023";"01/05/2023";"";"30/04/2026";"EDILI: imprese edili ed affini (FEDERDAT)"
"CCNL per i dipendenti di istituti ed imprese di vigilanza privata e servizi fiduciari";"Testo definitivo";"Commercio";"FEDERDAT; CIU; FLAITS; CONSIL; CONFIAL";"04/05/2023";"01/05/2023";"";"30/04/2026";"ISTITUTI ED IMPRESE DI VIGILANZA PRIVATA E SERVIZI FIDUCIARI"
"CCNL per il personale dipendente di istituti e delle imprese di vigilanza privata e dei servizi fiduciari";"Testo definitivo";"Commercio";"ITALPMI; UNSIL";"13/12/2022";"14/12/2022";"";"13/12/2025";"ISTITUTI E IMPRESE DI VIGILANZA PRIVATA E SERVIZI FIDUCIARI (ITALPMI)"
"CCNL per il personale dipendente del settore Trasporti e Logistica";"Testo definitivo";"Trasporti";"ITALPMI; UNSIL";"09/01/2023";"10/01/2023";"";"09/01/2026";"TRASPORTI E LOGISTICA (ITALPMI)"
"Contratto collettivo specifico di lavoro dell'8 marzo 2023";"Testo definitivo";"Meccanici";"STELLANTIS N.V.; IVECO GROUP N.V.; CNH INDUSTRIAL N.V.; FERRARI N.V.; FIM CISL; UILM UIL; FISMIC CONFSAL; UGLM UGL; AQCFR";"08/03/2023";"01/01/2023";"";"31/12/2026";"METALMECCANICA: Stellantis (ex FIAT)"
"Contratto Collettivo di Lavoro per i dirigenti delle aziende appartenenti ai Gruppi Stellantis, Iveco group, CNH Industrial e Ferrari";"Testo definitivo";"Altri Vari";"STELLANTIS N.V.; IVECO GROUP N.V.; CNH INDUSTRIAL N.V.; FERRARI N.V.; FEDERMANAGER";"28/04/2023";"01/01/2023";"";"31/12/2026";"DIRIGENTI: Stellantis (ex FIAT)"
"CCNL per gli operai agricoli e florovivaisti (2022-2025)";"Testo definitivo";"Agricoltura";"CONFAGRICOLTURA; Federazione Nazionale dei Proprietari Conduttori in Economia; Federazione Nazionale Affittuari Conduttori in Economia; Federazione Italiana Impresa Agricola Familiare (FIIAF); Associazione Italiana Costruttori del Verde (ASSOVERDE); API; COLDIRETTI; CIA; FLAI CGIL; FAI CISL; UILA UIL";"23/05/2022";"01/01/2022";"";"31/12/2025";"AGRICOLTURA: Operai e Florovivaisti"
"Verbale di Accordo per il rinnovo del CCNL per gli operai agricoli e florovivaisti (2022-2025)";"Accordo di rinnovo";"Agricoltura";"CONFAGRICOLTURA; COLDIRETTI; CIA; UGL Agroalimentare";"02/02/2023";"01/01/2022";"";"31/12/2025";"AGRICOLTURA: Operai e Florovivaisti"
"CCNL per i dipendenti da Aziende esercenti la lavorazione, il commercio, il trasporto, l'esportazione e l'importazione all'ingrosso di fiori freschi recisi, verde e piante ornamentali per imprese commerciali, consortili o cooperative 2023-2026";"Testo definitivo";"Commercio";"ANCEF; FLAI CGIL; CGIL; FISASCAT CISL; CISL; UILTUCS UIL; UIL";"30/03/2023";"01/01/2023";"";"31/12/2026";"FIORI (IMPORT-EXPORT)"
"Accordo di rinnovo del CCNL per i dipendenti degli enti previdenziali privati 2022-2024";"Accordo di rinnovo";"Enti e Istituzioni Private";"ADEPP; CGIL FP; CISL FP; UIL PA; CISAL FIALP; UGL Terziario; USB";"24/01/2023";"01/01/2022";"";"31/12/2024";"ENTI PREVIDENZIALI PRIVATIZZATI"
"Accordo di rinnovo del CCNL per il personale dirigente degli enti previdenziali privatizzati 2022-2024";"Accordo di rinnovo";"Enti e Istituzioni Private";"ADEPP; ASDEPP FEDERMANAGER; CGIL FP; CISL FP; UIL PA; CISAL FIALP; UGL TERZIARIO";"24/01/2023";"01/01/2022";"";"31/12/2024";"ENTI PREVIDENZIALI PRIVATIZZATI: Dirigenti"
"CCNL del personale dipendente delle aziende esercenti l'attività di autoscuola, scuola nautica e di studio di consulenza automobilistica e nautica";"Testo definitivo";"Trasporti";"UNASCA; CONFARCA; FILT CGIL; FIT CISL; UILTRASPORTI UIL";"28/02/2023";"01/01/2021";"";"31/12/2023";"AUTOSCUOLE E SCUOLE DI NAUTICA"
"Verbale di accordo di rettifica delle tabelle salariali del CCNL dei dipendenti delle autoscuole, scuole nautiche e studi di consulenza automobilistica 2021-2023";"Verbale integrativo";"Trasporti";"UNASCA; CONFARCA; FILT CGIL; FIT CISL; UILTRASPORTI UIL";"14/03/2023";"";"";"";"AUTOSCUOLE E SCUOLE DI NAUTICA"
"Protocollo d'intesa per la sottoscrizione per adesione alla firma del CCNL delle aziende del settore Agricoltura, micro, piccole e medie imprese e cooperative";"Verbale integrativo";"Agricoltura";"FMPI; CONFASI; ULSSA; FLIA SERVIZI; CESIL; FIMACOD; AIESIL (firma per adesione)";"02/03/2023";"02/03/2023";"";"31/12/2026";"AGRICOLTURA (FMPI)"
"CCNL settore Turismo - Pubblici esercizi, ristorazione collettiva e commerciale, alberghi, stabilimenti balneari";"Testo definitivo";"Commercio";"CONFIMITALIA; CONFAEL; SNALP; FAILM Servizi Terziario";"30/05/2023";"01/06/2023";"";"31/05/2026";"TURISMO (CONFIMITALIA)"
"CCNL per i dipendenti di imprese radiotelevisive, multimediali e multipiattaforma";"Testo definitivo";"Poligrafici e Spettacolo";"CONFINDUSTRIA RADIO TELEVISIONI; ANICA; RNA; SLC CGIL; FISTEL CISL; UILCOM UIL";"26/05/2022";"26/05/2022";"";"31/12/2024";"Imprese Radiotelevisive Private"
"Verbale di accordo per il rinnovo del CCNL per gli ormeggiatori e barcaioli dei porti italiani";"Accordo di rinnovo";"Trasporti";"ANGOPI; LEGACOOP PRODUZIONE E SERVIZI; CONFCOOPERATIVE LAVORO E SERVIZI; FILT CGIL; FIT CISL; UILTRASPORTI UIL";"31/05/2023";"01/07/2022";"";"30/06/2025";"MARITTIMI: Ormeggiatori e Barcaioli (cooperative)"
"CCNL settore Turismo: pubblici esercizi, ristorazione collettiva e commerciale; alberghi; stabilimenti balneari";"Testo definitivo";"Commercio";"UAI; FAILM";"07/06/2023";"01/06/2023";"";"31/05/2026";"Settore TURISMO (UAI)"
"CCNL per i dipendenti delle aziende di animazione, spettacolo, contatto, miniclub, babysitting, ludoteche e sport";"Testo definitivo";"Commercio";"FEDERTERZIARIO TURISMO; FEDERTERZIARIO; UGL TERZIARIO; UGL; ANCL";"08/06/2023";"08/06/2023";"";"07/06/2026";"ANIMAZIONE, SPETTACOLO TURISTICO, CONTATTO, MINICLUB, BABYSITTING, LUDOTECHE E SPORT"
"Ipotesi di Accordo per il rinnovo del CCNL Legno, Sughero, Mobile, Arredamento e Boschivi e Forestali";"Accordo di rinnovo";"Edilizia";"FEDERLEGNOARREDO; FENEAL UIL; FILCA CISL; FILLEA CGIL";"20/06/2023";"01/01/2023";"";"31/12/2025";"LEGNO, ARREDAMENTO: Industrie"
"CCNL per i dipendenti da piccole e medie imprese artigiane cooperative del comparto dell'edilizia";"Testo definitivo";"Edilizia";"UNIMPRESA; UNIMPRESA Edilizia; UNIAP; CONFAIL; UPLA CONFCONTRIBUENTI";"01/06/2023";"01/06/2023";"";"31/05/2026";"EDILI: Imprese artigiane e PMI (UNIMPRESA)"
"CCNL per il personale dipendente delle micro, piccole e medie imprese dei settori di pesca, acquacoltura e maricoltura ispirato ai principi della Blue Economy sotto qualsiasi forma giuridica costituita compresa la forma cooperativa";"Testo definitivo";"Alimentaristi - Agroindustriale";"UNIMPRESA; UNIMPRESA Pesca; UNIAP; CONFAIL; UPLA CONFCONTRIBUENTI";"01/06/2023";"01/06/2023";"";"31/05/2026";"PESCA E BLUE ECONOMY"
"Verbale di Accordo in materia di adeguamento dei minimi contrattuali, indennità di trasferta e indennità di reperibilità";"Accordo economico";"Meccanici";"UNIONMECCANICA CONFAPI; FIM CISL; FIOM CGIL; UILM UIL";"16/06/2023";"01/06/2023";"";"";"METALMECCANICA: P.M.I."
"Ipotesi di accordo per il rinnovo del CCNL dipendenti delle agenzie marittime raccomandatarie e mediatori marittimi";"Accordo di rinnovo";"Trasporti";"FEDERAGENTI; FILT CGIL; FIT CISL; UILTRASPORTI";"30/07/2021";"01/01/2021";"";"31/12/2023";"AGENZIE MARITTIME E AEREE E MEDIATORI MARITTIMI"
"Verbale di Accordo di rinnovo della parte economica del CCNL 7 giugno 2021";"Accordo economico";"Meccanici";"CONFIMI IMPRESA MECCANICA; FIM CISL; UILM UIL";"19/06/2023";"01/06/2023";"";"31/05/2024";"METALMECCANICA: P.M.I. - CONFIMI"
"Verbale di Accordo per il rinnovo del CCNL Legno, Sughero, Mobile, Arredamento e Boschivi e Forestali";"Accordo di rinnovo";"Edilizia";"FEDERLEGNOARREDO; UGL COSTRUZIONI";"27/06/2023";"01/01/2023";"";"31/12/2025";"LEGNO, ARREDAMENTO: Industrie"
"Verbale di incontro per l'adeguamento dei minimi tabellari";"Accordo economico";"Meccanici";"FEDERMECCANICA; ASSISTAL; FIM CISL; FIOM CGIL; UILM UIL";"16/06/2023";"01/06/2023";"";"";"METALMECCANICA: Industrie"
"CCNL per i dipendenti delle imprese di Acconciatura, Estetica, Tatuaggio, Piercing, Centri Benessere";"Testo definitivo";"Commercio";"UNIMPRESA; UNIAP; CONFAIL; UPLA CONFCONTRIBUENTI";"03/07/2023";"03/07/2023";"";"30/06/2026";"Acconciatura, Estetica, Tatuaggio, Piercing e Centri Benessere (UNIMPRESA)"
"CCNL per i dipendenti da MPMI e cooperative del settore Tessile Abbigliamento Moda";"Testo definitivo";"Tessili";"UNIMPRESA; UNIAP; CONFAIL; UPLA CONFCONTRIBUENTI";"03/07/2023";"03/07/2023";"";"30/06/2026";"TESSILE ABBIGLIAMENTO MODA: MPMI e Cooperative (UNIMPRESA"
"Accordo integrativo e modificativo del CCNL per gli addetti alla Piccola e Media Industria Metalmeccanica, Orafa e alla Installazione Impianti";"Accordo economico";"Meccanici";"CONFLAVORO PMI; FESICA CONFSAL; CONFSAL";"23/06/2023";"01/06/2023";"";"31/01/2026";"METALMECCANICA: P.M.I. (CONFLAVORO PMI)"
"CCNL per i lavoratori ed impiegati delle imprese operanti nel settore dei servizi di pulizia, multiservizi e attività affini";"Testo definitivo";"Aziende di Servizi";"CONAPI; FILA";"19/06/2023";"19/06/2023";"";"31/12/2026";"PULIZIA: Servizi di pulizia, multiservizi e attività affini (CONAPI)"
"CCNL per i formatori nel campo della sicurezza sui luoghi di lavoro, per i responsabili e gli addetti al servizio di prevenzione e protezione nelle aziende dei servizi, del commercio, dell'artigianato e dell'edilizia";"Testo definitivo";"Altri Vari";"CEPI; ANFOS";"07/07/2023";"10/07/2023";"";"09/07/2026";"FORMATORI NEL CAMPO DELLA SICUREZZA SUI LUOGHI DI LAVORO (CEPI UCI - ANFOS)"
"Verbale di accordo integrativo della parte economica del CCNL 20 luglio 2022 per i dipendenti delle imprese edili artigiane e delle piccole e medie imprese industriali edili e affini";"Accordo economico";"Edilizia";"CONFIMI INDUSTRIA EDILIZIA; FEDERCEPICOSTRUZIONI; FEDERTERZIARIO; FINCO; UGL COSTRUZIONI; CEUQ; ANCL (assistenza tecnica)";"28/06/2023";"01/01/2023";"";"20/07/2025";"EDILI: imprese artigiane e PMI industriali edili e affini (FEDERTERZIARIO)"
"CCNL per il personale dipendente dei centri servizi, delle imprese esercenti servizi di informatica e telecomunicazioni, call center, imprese in outsourcing, delle agenzie di servizi per pratiche amministrative, delle società tra professionisti, di arti grafiche e design, di marketing e comunicazione, delle risorse umane e recruiting, degli studi professionali non organizzati, dei centri elaborazione dati, sotto qualsiasi forma giuridica costituite compresa la forma cooperativa";"Testo definitivo";"Commercio";"UNIMPRESA; UNIAP; CONFAIL; UPLA CONFCONTRIBUENTI";"14/07/2023";"14/07/2023";"";"13/07/2026";"CENTRI SERVIZI (UNIMPRESA)"
"CCNL per i dipendenti delle aziende produttrici di laterizi e manufatti cementizi";"Testo definitivo";"Edilizia";"CONFINDUSTRIA CERAMICA; ASSOBETON; FENEAL UIL; FILCA CISL; FILLEA CGIL";"31/05/2022";"01/04/2022";"";"30/09/2025";"LATERIZI E MANUF. IN CEMENTO: Industrie"
"CCNL per i dipendenti della vigilanza privata e servizi fiduciari";"Testo definitivo";"Commercio";"UNILAVORO PMI; CIU UNIONQUADRI; CONFSAL FISALS";"19/07/2023";"24/07/2023";"";"23/07/2028";"VIGILANZA PRIVATA E SERVIZI FIDUCIARI (UNILAVORO PMI)"
"4° CCNL del personale dirigente della SPORT E SALUTE e delle Federazioni sportive nazionali";"Accordo di rinnovo";"Aziende di Servizi";"SPORT E SALUTE SPA; UIL PA; FP CGIL; CISL FP; UGL FP; CISAL FIALP";"26/01/2022";"01/01/2018";"";"31/12/2021";"CONI SERVIZI SpA: Dirigenti"
"Accordo di confluenza per il CCNL per i dipendenti da Istituti e imprese di vigilanza privata e servizi fiduciari";"Verbale integrativo";"Commercio";"UNILAVORO PMI; CONFSAL FISALS; ASPI";"27/07/2023";"28/07/2023";"";"23/07/2028";"VIGILANZA PRIVATA E SERVIZI FIDUCIARI (UNILAVORO PMI)"
"CCNL per il personale direttivo, docente, educativo, amministrativo, tecnico ed ausiliario occupato nelle scuole non statali, enti di formazione, scuole di preparazione, scuole dell'infanzia, asili nido";"Testo definitivo";"Enti e Istituzioni Private";"FEDERTERZIARIO SCUOLA; FEDERTERZIARIO; UGL SCUOLA; UGL; ANCL";"27/07/2023";"01/09/2023";"";"31/08/2026";"SCUOLE NON STATALI, ENTI DI FORMAZIONE, SCUOLE DI PREPARAZIONE, SCUOLE DELL'INFANZIA, ASILI NIDO"
"Accordo di integrazione modifica e proroga del CCNL per i dipendenti delle Piccole e Medie Imprese metalmeccaniche e di installazione di impianti";"Verbale integrativo";"Meccanici";"CNL; FILD CONFSAL; CONFSAL";"26/07/2023";"01/07/2023";"";"30/06/2025";"METALMECCANICA: P.M.I. (CNL)"
"Accordo di integrazione modifica e proroga del CCNL INTERSETTORIALE - Commercio, Terziario, Distribuzione, Servizi, Pubblici Esercizi e Turismo";"Verbale integrativo";"Commercio";"CNL; FILD CONFSAL; CONFSAL";"26/07/2023";"01/07/2023";"";"30/06/2025";"INTERSETTORIALE: Commercio, Terziario, Distribuzione, Servizi, Pubblici Esercizi e Turismo (CNL)"
"Verbale di incontro per l'adeguamento dei minimi tabellari";"Accordo economico";"Meccanici";"FEDERMECCANICA; ASSISTAL; FIM CISL; FIOM CGIL; UILM UIL";"09/06/2021";"01/06/2021";"";"";"METALMECCANICA: Industrie"
"Verbale di incontro per l'adeguamento dei minimi tabellari";"Accordo economico";"Meccanici";"FEDERMECCANICA; ASSISTAL; FIM CISL; FIOM CGIL; UILM UIL";"08/06/2022";"01/06/2022";"";"";"METALMECCANICA: Industrie"
"CCNL per i lavoratori dipendenti delle aziende termali";"Testo definitivo";"Aziende di Servizi";"FEDERTERME; FISASCAT CISL; CISL; UILTUCS UIL; UIL";"24/01/2018";"01/07/2017";"";"30/06/2020";"AZIENDE TERMALI"
"Ipotesi di accordo per il rinnovo del CCNL per i dirigenti dei consorzi di bonifica e di miglioramento fondiario";"Accordo di rinnovo";"Agricoltura";"SNEBI; SINDICOB FEDERMANAGER";"02/03/2023";"01/01/2021";"";"31/12/2022";"CONSORZI di Bonifica: Dirigenti"
"CCNL per i dirigenti dei consorzi ed enti di sviluppo industriale";"Testo definitivo";"Enti e Istituzioni Private";"FICEI; DIRSIND FEDERMANAGER";"18/05/2022";"01/01/2022";"";"31/12/2024";"CONSORZI ED ENTI DI INDUSTRIALIZZAZIONE: Dirigenti"
"Accordo economico collettivo per la disciplina dei rapporti di agenzia e rappresentanza commerciale nel settore della Piccola e Media Industria";"Testo definitivo";"Commercio";"CONFAPI; FNAARC; USARCI; FIARC; FILCAMS CGIL; FISASCAT CISL; UILTUCS UIL; UGL TERZIARIO";"17/09/2014";"01/09/2014";"";"31/12/2017";"AGENTI DI COMMERCIO (PMI)"
"CCNL per i dipendenti del terziario: attività collaterali al commercio, distribuzione e servizi anche in forma cooperativa";"Testo definitivo";"Commercio";"CONFIMPRESEITALIA; FESICA CONFSAL; CONFSAL";"20/07/2023";"01/07/2023";"";"30/06/2026";"ATTIVITA' COLLATERALI AL COMMERCIO, DISTRIBUZIONE E SERVIZI"
"CCNL per i dipendenti delle Associazioni ed altre Organizzazioni del Terzo Settore";"Testo definitivo";"Enti e Istituzioni Private";"CONFIMPRESEITALIA; FESICA CONFSAL; CONFSAL";"20/07/2023";"01/07/2023";"";"30/06/2026";"ASSOCIAZIONI ED ALTRE ORGANIZZAZIONI DEL TERZO SETTORE"
"CCNL per gli addetti alle industrie manifatturiere delle pelli e succedanei - Testo coordinato con le modifiche introdotte dall'accordo integrativo del 25/08/2023";"Testo definitivo";"Tessili";"UNILAVORO PMI; UNIPEL; FILP; CONFSAL FISALS";"25/08/2023";"01/09/2023";"";"13/11/2024";"PELLI E SUCCEDANEI: Industrie (UNILAVORO PMI)"
"CCNL per i dipendenti dalle organizzazioni degli allevatori, consorzi ed enti zootecnici";"Testo definitivo";"Agricoltura";"AIA; FLAI CGIL; FAI CISL; UILA UIL; CONFEDERDIA";"22/11/2021";"01/01/2021";"";"31/12/2022";"ZOOTECNIA : Operai e Impiegati"
"CCNL per i dipendenti delle micro, piccole e medie imprese e per i dipendenti e soci lavoratori delle cooperative ed assimilabili esercenti attività di "ASSISTENZA" nonché il trasporto, il reinserimento ed assistenza sociale alla persona";"Testo definitivo";"Enti e Istituzioni Private";"COOPERATIVE ITALIANE; ATECA; ANEAS; ASSOPRO; FIADEL";"01/07/2023";"01/07/2023";"";"30/06/2026";"ASSISTENZA"
"CCNL per i dipendenti delle imprese del settore Trasporti e Logistica";"Testo definitivo";"Trasporti";"ATECA; ANEAS; ASSO PRO; PMIA AUTOTRASPORTI; COOPERATIVE ITALIANE; FIADEL SP; CIU UNIONQUADRI";"03/10/2022";"04/10/2022";"";"03/10/2025";"TRASPORTI E LOGISTICA (ATECA)"
"CCNL per i dipendenti delle PMI, delle Cooperative e delle imprese artigiane del settore Edile e affini";"Testo definitivo";"Edilizia";"COOPITALIANE; ATECA; ANEAS; ASSO PRO; FIADEL CISAL";"29/12/2022";"01/01/2023";"";"31/12/2025";"EDILI: PMI e Cooperative"
"CCNL per il personale dipendente da imprese esercenti servizi di pulizia, e servizi integrati/multiservizi";"Testo definitivo";"Aziende di Servizi";"ANAP; ALIM; VALITALIA PMI; SELP; SLE";"25/08/2023";"01/09/2023";"";"31/08/2026";"PULIZIA: Imprese di pulizia e servizi integrati/multiservizi (ANAP)"
"CCNL per la disciplina del rapporto di AGENZIA E RAPPRESENTANZA COMMERCIALE nei settori del Commercio, Servizi, Terziario, Turismo, Industria, Artigianato";"Testo definitivo";"Commercio";"UNSIC; ANPIT; CISAL; FEDERAGENTI CISAL";"31/08/2023";"01/09/2023";"";"31/08/2026";"AGENZIA E RAPPRESENTANZA COMMERCIALE (Commercio-Servizi-Terziario-Turismo-Industria-Artigianato)"
"Rinnovo CCNL Colf e Badanti";"Testo definitivo";"Commercio";"FEDERPROPRIETA'; UPPI; CONFAPPI; FEDERCASA; CONFIMPRESEITALIA; UNICOLF; ITALPMI; FESICA CONFSAL; CONFSAL";"04/05/2023";"01/01/2023";"";"31/12/2025";"COLF e BADANTI"
"CCNL Settore Metalmeccanico";"Testo definitivo";"Meccanici";"UAI; FAILM";"21/09/2023";"01/10/2023";"";"30/09/2026";"METALMECCANICO: Aziende del Settore (UAI)"
"CCNL Enti di formazione e istruzione, corsi universitari, Scuola non statale";"Testo definitivo";"Enti e Istituzioni Private";"FILINS; UGL SCUOLA";"31/08/2023";"01/09/2023";"";"31/08/2026";"ENTI DI FORMAZIONE E ISTRUZIONE, CORSI UNIVERSITARI E ACCADEMIE - SCUOLA PUBBLICA NON STATALE (FILINS-UGL)"
"CCNL per i dipendenti delle aziende del settore trasporti, logistica e spedizione";"Testo definitivo";"Trasporti";"CONAPI; CONFINTESA";"18/09/2023";"18/09/2023";"";"31/12/2025";"TRASPORTI, LOGISTICA E SPEDIZIONE (CONAPI)"
"Ipotesi di accordo per il rinnovo del CCNL per i dipendenti dai consorzi di bonifica e di miglioramento fondiario";"Accordo di rinnovo";"Agricoltura";"SNEBI; FLAI CGIL; FAI CISL; FILBI UIL";"23/05/2023";"01/01/2023";"";"31/12/2026";"CONSORZI di Bonifica: Operai e Impiegati"
"Ipotesi di Accordo di rinnovo del CCNL per gli addetti all'industria Chimica settore Coibentazioni Termiche Acustiche";"Accordo di rinnovo";"Chimici";"ANICTA; FEMCA CISL; FILCTEM CGIL; UILTEC UIL";"29/05/2023";"01/07/2022";"";"30/06/2025";"COIBENTAZIONI TERMICHE ACUSTICHE"
"CCNL per i dipendenti dai consorzi di bonifica e di miglioramento fondiario";"Testo definitivo";"Agricoltura";"SNEBI; FLAI CGIL; FAI CISL; FILBI UIL";"12/10/2020";"01/01/2019";"";"31/12/2022";"CONSORZI di Bonifica: Operai e Impiegati"
"Verbale di accordo per l'aggiornamento dei minimi retributivi CCNL lavoro domestico";"Accordo economico";"Commercio";"FIDALDO; DOMINA; FEDERCOLF; FILCAMS CGIL; FISASCAT CISL; UILTUCS; Ministero del Lavoro e delle Politiche Sociali";"12/02/2021";"01/01/2021";"";"31/12/2021";"LAVORO DOMESTICO"
"Verbale di accordo per l'aggiornamento dei minimi retributivi CCNL lavoro domestico";"Accordo economico";"Commercio";"FIDALDO; DOMINA; FEDERCOLF; FILCAMS CGIL; FISASCAT CISL; UILTUCS; Ministero del Lavoro e delle Politiche Sociali";"02/02/2022";"01/01/2022";"";"31/12/2022";"LAVORO DOMESTICO"
"Verbale di accordo per l'aggiornamento dei minimi retributivi CCNL lavoro domestico";"Accordo economico";"Commercio";"FIDALDO; DOMINA; FEDERCOLF; FILCAMS CGIL; FISASCAT CISL; UILTUCS; Ministero del Lavoro e delle Politiche Sociali";"16/01/2023";"01/01/2023";"";"31/12/2023";"LAVORO DOMESTICO"
"CCNL per i quadri direttivi, impiegati ed operai dipendenti dei settori del Commercio";"Testo definitivo";"Commercio";"ANPIT; AIFES; CONFIMPRENDITORI; UNICA; CISAL TERZIARIO; CISAL";"22/09/2023";"01/09/2023";"";"31/08/2026";"COMMERCIO (CISAL)"
"CCNL per i dipendenti dei Fotolaboratori conto terzi";"Testo definitivo";"Poligrafici e Spettacolo";"ASSOFOTOLABO; SLC CGIL; FISTEL CISL; UILCOM UIL";"31/05/2023";"01/01/2023";"";"31/12/2025";"FOTO LABORATORI CONTO TERZI"
"CCNL per i dipendenti del settore del legno, arredamento, mobili, aziende artigiane e delle piccole e medie imprese, dei consorzi costituiti da artigiani e da piccole e medie imprese anche in forma cooperativistica";"Testo definitivo";"Edilizia";"UNIMPRESA; UNIAP; CONFAIL; FAILCLEA CONFAIL; UPLA CONFCONTRIBUENTI";"02/10/2023";"01/10/2023";"";"30/09/2026";"LEGNO, ARREDAMENTO, MOBILI: Artigiane e P.M.I. (UNIMPRESA)"
"CCNL per i lavoratori dell'industria della Gomma e della Plastica";"Testo definitivo";"Chimici";"CONFLAVORO PMI; FESICA CONFSAL; CONFSAL";"18/09/2023";"01/09/2023";"";"31/08/2026";"GOMMA E PLASTICA: Industria (CONFLAVORO PMI)"
"CCNL per i dipendenti delle imprese operanti nei settori Servizi e Turismo";"Testo definitivo";"Commercio";"COPIMI; FEDERAZIONE EUROPEA PIER GIORGIO FRASSATI; FISTEC";"28/09/2023";"01/10/2023";"";"30/09/2026";"SERVIZI E TURISMO"
"Verbale integrativo dell'ipotesi di accordo per il rinnovo del CCNL Area Comunicazione del 16 maggio 2022";"Verbale integrativo";"Poligrafici e Spettacolo";"CNA COMUNICAZIONE E TERZIARIO AVANZATO; CONFARTIGIANATO COMUNICAZIONE; CASARTIGIANI; CLAAI; SLC CGIL; FISTEL CISL; UILCOM UIL";"08/06/2022";"";"";"";"AREA COMUNICAZIONE - Imprese Artigiane"
"CCNL per i lavoratori dipendenti di istituti e aziende del settore vigilanza privata, investigazioni e servizi fiduciari";"Testo definitivo";"Commercio";"ANAP; VALITALIA PMI; SELP; SLE";"19/10/2023";"19/10/2023";"";"18/10/2026";"VIGILANZA PRIVATA (ANAP)"
"CCNL per i lavoratori dipendenti delle imprese di acconciatura, estetica, tricologia non curativa, tatuaggio, piercing e centri benessere";"Testo definitivo";"Commercio";"ALIM; ANAP; VALITALIA PMI; SELP; SLE";"10/10/2023";"01/10/2023";"";"30/09/2026";"Acconciatura, estetica,... (ANAP-ALIM-SELP)"
"CCNL per i dipendenti delle Imprese Sociali e delle Cooperative operanti nel settore della Scuola Libera";"Testo definitivo";"Enti e Istituzioni Private";"FITESC; CIU UNIONQUADRI; ADLI";"02/10/2023";"02/10/2023";"";"01/10/2026";"Imprese Sociali e Cooperative operanti nel settore della Scuola Libera"
"CCNL per i dipendenti responsabili o addetti alla sicurezza del servizio di prevenzione e protezione aziendale - RSPP e ASPP trasversalmente impiegati in tutti i settori e comparti";"Testo definitivo";"Altri Vari";"UNAPRI confederata UNILAVORO PMI; FIRAS SPP confederata UGL; SINDACATO CLAS";"20/10/2023";"20/10/2023";"";"20/10/2026";"RSPP e ASPP"
"CCNL Moda Artigianato per gli addetti della Pelletteria, Calzaturiero, Tessile, Abbigliamento e affini";"Testo definitivo";"Tessili";"ANAP; ALIM; VALITALIA PMI; SELP; SLE";"20/09/2023";"01/10/2023";"";"30/09/2026";"MODA Artigianato - Pelletteria, Calzaturiero, Tessile, Abbigliamento e affini"
"CCNL per i marittimi imbarcati su unità da diporto per i servizi resi in ambito marittimo privato e di navigazione non commerciale - Testo coordinato con le modifiche introdotte dall'Accordo integrativo del 31/10/2023";"Testo definitivo";"Trasporti";"UNILAVORO PMI; ASSOYACHT (aderente a UNILAVORO PMI); CIU UNIONQUADRI; CONFSAL FISALS";"31/10/2023";"02/11/2023";"";"30/11/2027";"MARITTIMI: Unità da diporto"
"CCNL per i sacristi addetti al culto dipendenti da enti ecclesiastici 2022-2025";"Testo definitivo";"Altri Vari";"FACI; FIUDACS";"11/05/2023";"01/01/2022";"";"31/12/2025";"SACRISTI E DIPENDENTI DA PARROCCHIE"
"CCNL per l'industria tessile";"Testo definitivo";"Tessili";"FEDERDAT; FLAITS; CONSIL; CIU";"27/10/2023";"01/11/2023";"";"31/10/2026";"TESSILI: Industria (FEDERDAT)"
"Protocollo aggiuntivo al CCNL logistica, trasporto merci e spedizioni sottoscritto il 04/05/2023";"Verbale integrativo";"Trasporti";"FEDERDAT; CIU; FLAITS; CONSIL";"27/10/2023";"27/10/2023";"";"30/04/2026";"LOGISTICA, TRASPORTI MERCI E SPEDIZIONI (FEDERDAT)"
"Protocollo aggiuntivo al CCNL per i dipendenti di istituti ed imprese di vigilanza privata e servizi fiduciari sottoscritto il 04/05/2023";"Verbale integrativo";"Commercio";"FEDERDAT; CIU; FLAITS; CONSIL";"27/10/2023";"27/10/2023";"";"30/04/2026";"ISTITUTI ED IMPRESE DI VIGILANZA PRIVATA E SERVIZI FIDUCIARI"
"Verbale di rettifica delle tabelle retributive del CCNL settore Turismo sottoscritto in data 07/06/2023";"Verbale integrativo";"Commercio";"UAI; FAILM";"09/11/2023";"01/06/2023";"";"31/05/2026";"Settore TURISMO (UAI)"
"Accordo di rinnovo del CCNL 23 gennaio 2014 e successive modifiche per i dirigenti delle agenzie marittime raccomandatarie, agenzie aeree e mediatori marittimi";"Accordo di rinnovo";"Trasporti";"FEDERAGENTI; MANAGERITALIA";"27/10/2023";"01/01/2022";"";"31/12/2025";"AGENZIE MARITTIME E AEREE E MEDIATORI MARITTIMI: Dirigenti"
"Ipotesi di accordo per il rinnovo del CCNL per le imprese private operanti nel settore della distribuzione, del recapito e dei servizi postali e per le imprese che svolgono attività di vendita al dettaglio in aree pubbliche e/o private oppure in forma itinerante";"Accordo di rinnovo";"Aziende di Servizi";"CNA; CONFARTIGIANATO Imprese; CASARTIGIANI; CLAAI; SLC CGIL; SLP CISL; UILPOSTE UIL";"14/11/2023";"";"";"31/12/2026";"RECAPITO CORRISPONDENZA (CNA)"
"CCNL per i professionisti non organizzati in ordini o collegi, per i dipendenti di studi di professionisti e società tra professionisti costituiti ai sensi dell'art. 10, L. 183/2011 e per le agenzie di servizi per il disbrigo di pratiche amministrative";"Testo definitivo";"Commercio";"ASSO PMI; ANFOS (confederata CONFSAL)";"23/10/2023";"24/10/2023";"";"23/10/2026";"PROFESSIONISTI NON ORGANIZZATI IN ORDINI O COLLEGI"
"CCNL per i dipendenti degli studi professionali e associazioni riconosciute e non riconosciute";"Testo definitivo";"Commercio";"CONFIMITALIA (aderente a CIU); CONFSAAU (aderente a CIU); SNALP CONFSAL; CONFAEL TERZIARIO; CONFAEL";"15/11/2023";"15/11/2023";"";"14/11/2026";"Studi Professionali e Associazioni riconosciute e non riconosciute"
"CCNL per i dipendenti del settore Terziario, Commercio, Turismo e Servizi delle imprese";"Testo definitivo";"Commercio";"FMPI; CONFINTESA; CONFINTESA Turismo, Commercio e Servizi";"08/11/2023";"11/09/2023";"31/12/2026";"30/09/2026";"TERZIARIO, COMMERCIO E SERVIZI DELLE IMPRESE (FMPI-CONFINTESA)"
"CCNL per il personale dipendente di istituti, delle imprese di vigilanza privata, di istituti di investigazioni e di servizi fiduciari";"Testo definitivo";"Commercio";"CONAPI; CONFINTESA; CONFINTESA Sicurezza Privata";"10/11/2023";"10/11/2023";"";"31/12/2026";"ISTITUTI E IMPRESE DI VIGILANZA PRIVATA, ISTITUTI DI INVESTIGAZIONI E DI SERVIZI FIDUCIARI"
"CCNL per i dipendenti delle micro, piccole e medie imprese del settore del soccorso stradale e delle attività di servizi connessi";"Testo definitivo";"Trasporti";"Federazione Soccorso Stradale CONFIMEA; ANCSA; CONFIMEA; UGL Terziario; UGL";"22/11/2023";"01/11/2023";"";"31/12/2026";"SOCCORSO STRADALE E ATTIVITA' DI SERVIZI CONNESSI (Micro, Piccole e Medie Imprese)"
"CCNL per i lavoratori delle imprese esercenti attività cimiteriali e servizi funebri aderenti all'associazione F.M.P.I.";"Testo definitivo";"Trasporti";"FMPI; CONFINTESA; CONFINTESA SANITA'";"23/11/2023";"01/01/2024";"";"31/12/2026";"ATTIVITA' CIMITERIALI E SERVIZI FUNEBRI (FMPI)"
"Accordo Economico Collettivo nazionale Multicomparto - Disciplina del rapporto di agenzia ex art. 1742 del C. C. nei settori: Commercio, Industria e Servizi Immateriali (Parte I); Servizi dell'intermediazione di prodotti finanziari (Parte II); Servizi della consulenza finanziaria (Parte III)";"Testo definitivo";"Commercio";"CONFIMITALIA; CONFSAAU; ASSOPAM; FNAAP";"28/11/2023";"28/11/2023";"";"27/11/2026";"AGENZIA ex art. 1742 C.C. (AEC Multicomparto) - (CONFIMITALIA)"
"CCNL per i dipendenti delle imprese artigiane del settore alimentare e della panificazione";"Testo definitivo";"Alimentaristi - Agroindustriale";"UNILAVORO PMI; CONFSAL FISALS";"06/12/2023";"07/12/2023";"";"06/12/2028";"Settore ALIMENTARE e PANIFICAZIONE: Imprese Artigiane (UNILAVORO PMI)"
"CCNL del personale non dirigente di Unioncamere relativo al triennio 2019-2021";"Testo definitivo";"Amministrazione Pubblica";"UNIONCAMERE; FP CGIL; CISL FP; UIL PA";"22/11/2022";"01/01/2019";"";"31/12/2021";"UNIONCAMERE"
"CCNL per dirigenti, quadri, impiegati e operai dipendenti di Società ed Enti di Formazione";"Testo definitivo";"Altri Vari";"ANPIT; AIFES; UNICA; CONFIMPRENDITORI; CISAL Terziario; CISAL; CONFEDIR";"20/11/2023";"01/01/2024";"";"31/12/2026";"SOCIETA' ED ENTI DI FORMAZIONE"
"CCNL per gli addetti alle aziende produttrici di penne, matite, parti staccate di matite e penne ed articoli affini - per gli addetti alle aziende produttrici di spazzole, pennelli, scope e preparatrici relative materie prime";"Testo definitivo";"Tessili";"ASSOSPAZZOLE E PENNELLI; ASSOSCRITTURA; CONFINDUSTRIA MODA; FEMCA CISL; FILCTEM CGIL; UILTEC UIL";"27/09/2023";"01/01/2023";"";"31/12/2025";"PENNE SPAZZOLE ... : Industrie"
"CCNL del Doppiaggio";"Testo definitivo";"Poligrafici e Spettacolo";"CNA Cinema e Audiovisivo; CNA; CONFARTIGIANATO Cinema e Audiovisivo; CONFARTIGIANATO IMPRESE; CASARTIGIANI; CLAAI; SLC CGIL; FISTEL CISL; UILCOM UIL";"15/12/2023";"01/10/2023";"";"31/12/2026";"DOPPIAGGIO"
"Verbale integrativo al CCNL per i lavoratori delle imprese artigiane metalmeccaniche, di installazione di impianti, orafi, argentieri ed affini - modifica art. 16";"Verbale integrativo";"Meccanici";"ASSOARTIGIANI; UGL METALMECCANICI";"13/12/2023";"";"";"";"METALMECCANICA, INSTALLAZIONE DI IMPIANTI, ORAFI, ARGENTIERI ED AFFINI: Imprese Artigiane (ASSOARTIGIANI)"
"CCNL per le aziende che producono occhiali o articoli inerenti l'occhialeria e per i lavoratori da esse dipendenti";"Testo definitivo";"Tessili";"ANFAO; CONFINDUSTRIA MODA; FEMCA CISL; CISL; FILCTEM CGIL; CGIL; UILTEC UIL; UIL";"04/12/2023";"01/01/2023";"";"31/12/2025";"OCCHIALI: Industrie"
"CCNL per i lavoratori impegnati nel settore edilizia e affini";"Testo definitivo";"Edilizia";"ADLI; FITESC; CIU";"07/11/2023";"07/11/2023";"";"06/11/2026";"Settore EDILIZIA e affini (ADLI)"
"Addendum al CCNL per i dipendenti delle aziende operanti nel settore outsourcing-insourcing, attività intra processo, supply chain industria e servizi";"Verbale integrativo";"Trasporti";"FEDERTERZIARIO; FEDERTERZIARIO LOGISTICA E TRASPORTI; SLSM UGL; ANCL";"14/12/2023";"";"";"31/12/2025";"OUTSOURCING - INSOURCING, ATTIVITA' INTRA PROCESSO, SUPPLY CHAIN INDUSTRIA E SERVIZI"
"CCNL per i dipendenti delle Sale Bingo e Gaming Hall";"Testo definitivo";"Commercio";"ASCOB; ANIB; ANPIT; CISAL Terziario; CISAL";"23/11/2023";"01/12/2023";"";"30/11/2026";"SALE BINGO E GAMING HALL"
"CCNL per i dipendenti delle imprese artigiane edili ed affini";"Testo definitivo";"Edilizia";"UNILAVORO PMI; CONFSAL FISALS";"22/12/2023";"22/12/2023";"";"21/12/2028";"EDILI: imprese artigiane edili ed affini (UNILAVORO PMI)"
"CCNL per il personale direttivo, docente, educativo, amministrativo, tecnico ed ausiliario della Scuola non Statale e degli enti di Formazione Professionale sotto qualsiasi forma giuridica costituita";"Testo definitivo";"Enti e Istituzioni Private";"UNILAVORO PMI; UNIPEL; CONFSAL FISALS";"22/12/2023";"22/12/2023";"";"21/12/2028";"SCUOLA NON STATALE ED ENTI DI FORMAZIONE PROFESSIONALE (UNILAVORO PMI)"
"CCNL per i dipendenti e i soci lavoratori delle associazioni e lavoratori del terzo settore";"Testo definitivo";"Altri Vari";"PMI ITALIA; SIA CONFSAL";"14/12/2023";"01/01/2024";"";"31/12/2027";"LAVORATORI DELLE ASSOCIAZIONI"
"CCNL per i dipendenti di aziende e per i dipendenti e soci lavoratori di cooperative esercenti attività di Autotrasporto, Spedizione Merci e Logistica";"Testo definitivo";"Trasporti";"COOPITALIANE; ATECA; ANEAS; ASSO PRO; FIADEL (aderente CISAL); CIU";"04/11/2023";"06/11/2023";"";"05/11/2026";"AUTOTRASPORTO E SPEDIZIONE MERCI: Artigianato, PMI e Cooperazione"
"CCNL per i dipendenti provenienti da aziende del Terziario: Distribuzione commerciale e Servizi";"Testo definitivo";"Commercio";"ASIM; CIU UNIONQUADRI";"28/12/2023";"01/01/2024";"";"31/12/2026";"TERZIARIO: DISTRIBUZIONE COMMERCIALE E SERVIZI"
"Accordo Economico Collettivo nazionale Multicomparto - Disciplina del rapporto di agenzia ex art. 1742 del C. C. nei settori: Commercio, Industria e Servizi Immateriali (Parte I); Servizi dell'intermediazione di prodotti finanziari (Parte II); Servizi della consulenza finanziaria (Parte III)";"Testo definitivo";"Commercio";"GILDA AZIENDE; CIU UNIONQUADRI; ASSOPAM";"28/12/2023";"28/12/2023";"";"27/12/2026";"AGENZIA ex art. 1742 C.C. (AEC Multicomparto) - (GILDA AZIENDE)"
"CCNL per i lavoratori dipendenti delle aziende e delle cooperative esercenti attività non medica presso case di cura, case di soggiorno per anziani, RSA, centri socio assistenziali ed educativi per minori, disabili, anziani, case famiglia, comunità educative e socio assistenziali";"Testo definitivo";"Enti e Istituzioni Private";"FIDAP IMPRESE; FISAL ITALIA";"22/12/2023";"01/01/2024";"";"31/12/2027";"Attività non medica: aziende e cooperative (FIDAP IMPRESE)"
"CCNL per i dipendenti del settore studi professionali e agenzie di assicurazioni";"Testo definitivo";"Commercio";"FIDAP IMPRESE; FISAL ITALIA";"22/12/2023";"01/01/2024";"";"31/12/2027";"Studi Professionali e Agenzie di Assicurazioni (FIDAP IMPRESE)"
"CCNL per i dipendenti delle associazioni ed altre organizzazioni del terzo settore";"Testo definitivo";"Enti e Istituzioni Private";"FIDAP IMPRESE; FISAL ITALIA";"22/12/2023";"01/01/2024";"";"31/12/2027";"ASSOCIAZIONI ED ALTRE ORGANIZZAZIONI DEL TERZO SETTORE (FIDAP IMPRESE)"
"CCNL per i dipendenti degli studi professionali e associazioni riconosciute e non riconosciute";"Testo definitivo";"Commercio";"GILDA AZIENDE; CONFSAAU; CIU UNIONQUADRI";"08/01/2024";"08/01/2024";"";"07/01/2027";"Studi Professionali e Associazioni riconosciute e non riconosciute (GILDA AZIENDE)"
"CCNL per gli operai delle imprese esercenti attività nel comparto dell'Agricoltura";"Testo definitivo";"Agricoltura";"UNSIC; AIC; ASNALI; UNSICOOP; PMI ITALIA; FEDAGRICOLTURA; FENAPI; ASSOLAV; FNA CONFSAL; SNAF FNA CONFSAL; SNALV CONFSAL; CONFSAL FEDERLAVORATORI; CONFSAL; CONFIAL; FEDERAGRI; SIALE";"20/12/2023";"01/01/2024";"";"31/12/2026";"AGRICOLTURA, FLOROVIVAISMO, FLORICOLTURA, FORESTALE E MANUTENZIONE GIARDINI"
"Accordo di rinnovo del CCNL per imprese esercenti servizi postali in appalto";"Accordo di rinnovo";"Aziende di Servizi";"FISE ASSOPOSTE; SLC CGIL; SLP CISL; UIL POSTE";"21/12/2023";"";"";"31/12/2025";"SERVIZI POSTALI IN APPALTO"
"Intesa per il sostegno degli addetti all'industria chimica, chimico-farmaceutica, delle fibre chimiche e dei settori abrasivi, lubrificanti e gpl e il rafforzamento del ruolo delle relazioni industriali settoriali";"Accordo economico";"Chimici";"FEDERCHIMICA; FARMINDUSTRIA; FILCTEM CGIL; FEMCA CISL; UILTEC UIL";"08/01/2024";"01/01/2024";"";"";"CHIMICO FARMACEUTICA e AFFINI: Industrie"
"Ipotesi di Accordo per il rinnovo del CCNL Grafici Editori";"Accordo di rinnovo";"Poligrafici e Spettacolo";"ASSOGRAFICI; AIE; ANES; SLC CGIL; FISTEL CISL; UILCOM UIL";"19/12/2023";"01/01/2024";"";"31/12/2026";"EDITORIA E GRAFICA: Industrie"
"CCNL per il personale dipendente delle imprese e delle reti d'impresa che operano nei settori turistici alberghieri, B&B, centri termali, pubblici esercizi, stabilimenti balneari, agenzie di viaggio";"Testo definitivo";"Commercio";"UNIMPRESA; UNIAP; CONFAIL; FIALC CONFAIL; UPLA CONFCONTRIBUENTI";"14/01/2024";"15/01/2024";"";"14/01/2027";"TURISTICO ALBERGHIERO (UNIMPRESA-CONFAIL)"
"CCNL del settore Calzaturiero e Tessile";"Testo definitivo";"Tessili";"PMI ITALIA; UNIFORMA; EDAFOS; SIA CONFSAL";"18/12/2023";"01/01/2024";"";"31/12/2027";"CALZATURIERO E TESSILE"
"CCNL per i lavoratori dello sport";"Testo definitivo";"Commercio";"CONFEDERAZIONE ITALIANA DELLO SPORT CONFCOMMERCIO; CONFCOMMERCIO IMPRESE PER L'ITALIA; SLC CGIL; FISASCAT CISL; UILCOM UIL";"12/01/2024";"01/01/2024";"";"31/12/2026";"IMPIANTI SPORTIVI (DIPENDENTI)"
"CCNL per i dipendenti degli Istituti e Aziende di Servizi Fiduciari";"Testo definitivo";"Commercio";"FISAPI; FEDIMI; FISALP CONFSAL; CONFSAL";"19/12/2023";"01/01/2024";"";"31/12/2026";"SERVIZI FIDUCIARI"
"CCNL per gli addetti alle industrie manifatturiere delle pelli e succedanei e ombrelli e ombrelloni";"Testo definitivo";"Tessili";"ASSOPELLETTIERI; CONFINDUSTRIA MODA; FILCTEM CGIL; CGIL; FEMCA CISL; CISL; UILTEC UIL; UIL";"22/12/2023";"01/04/2023";"";"31/03/2026";"PELLI E SUCCEDANEI: Industrie"
"CCNL per Interpreti, Attrici ed Attori del comparto di produzione del cineaudiovisivo";"Testo definitivo";"Poligrafici e Spettacolo";"ANICA; APA; APE; SLC CGIL; FISTEL CISL; UILCOM UIL";"20/12/2023";"01/03/2024";"";"28/02/2027";"CINEAUDIOVISIVO: Interpreti, Attrici ed Attori"
"Verbale di accordo per l'aggiornamento dei minimi retributivi CCNL lavoro domestico";"Accordo economico";"Commercio";"FIDALDO; DOMINA; FILCAMS CGIL; FISASCAT CISL; UILTUCS UIL; FEDERCOLF";"08/01/2024";"01/01/2024";"";"31/12/2024";"LAVORO DOMESTICO"
"CCNL del Doppiaggio";"Testo definitivo";"Poligrafici e Spettacolo";"ANICA; SLC CGIL; FISTEL CISL; UILCOM UIL";"06/12/2023";"01/10/2023";"";"31/12/2026";"CINEMA: Doppiaggio"
"Accordo Ponte CCNL per il personale dipendente da residenze sanitarie assistenziali e centri di riabilitazione";"Accordo di rinnovo";"Enti e Istituzioni Private";"ARIS; FP CGIL; CISL FP; UIL FPL; UGL SALUTE";"24/01/2024";"01/03/2024";"";"30/06/2024";"RESIDENZE SANITARIE ASSISTENZIALI (ARIS)"
"CCNL Facility Management e Multiservizi ed affini delle piccole e medie imprese dell'artigianato e della cooperazione";"Testo definitivo";"Aziende di Servizi";"FEDERIMPRENDITORI; MILIX; FAMAR CIU UNIONQUADRI";"24/01/2024";"01/02/2024";"";"31/12/2027";"FACILITY MANAGEMENT E MULTISERVIZI"
"Accordo di rinnovo del CCNL per i dipendenti del terziario: commercio, distribuzione e servizi";"Accordo di rinnovo";"Commercio";"SISTEMA IMPRESA; AIFOS; FESICA CONFSAL; CONFSAL";"29/12/2023";"01/05/2023";"";"30/04/2026";"DIPENDENTI DEL TERZIARIO: COMMERCIO, DISTRIBUZIONE E SERVIZI (SCI-CONFSAL)"
"CCNL per il personale navigante sulle navi minori fino a 500 t.s.l. e per i naviganti imbarcati su navi veloci del trasporto passeggeri in acque marittime, lagunari, lacuali e fluviali che effettuano servizio giornaliero senza aver alcuna struttura per il pernottamento a bordo";"Accordo di rinnovo";"Trasporti";"AIATP; CISAL; FEDERMAR CISAL";"04/01/2024";"01/01/2024";"";"31/12/2026";"MARITTIMI: navi minori fino a 500 tsl e navi veloci"
"CCNL per i dipendenti delle piccole e medie imprese del settore alimentare";"Testo definitivo";"Alimentaristi - Agroindustriale";"CIFA; CONFSAL; Fesica CONFSAL";"08/01/2024";"08/01/2024";"";"07/01/2027";"ALIMENTARISTI: PMI (CIFA-CONFSAL)"
"Verbale di accordo per la tutela del potere di acquisto delle retribuzioni";"Accordo economico";"Alimentaristi - Agroindustriale";"FEDERPESCA; COLDIRETTI IMPRESA PESCA; FAI CISL; FLAI CGIL; UILA Pesca";"19/01/2024";"01/01/2024";"";"31/12/2025";"PESCA MARITTIMA: Industrie"
"Accordo collettivo nazionale per la regolamentazione delle collaborazioni coordinate e continuative";"Testo definitivo";"Altri Vari";"AOI; LINK 2007 Cooperazione in Rete; FELSA CISL; NIDIL CGIL; UILTEMP";"04/12/2023";"01/01/2024";"";"31/12/2026";"COLLABORAZIONI Coordinate e Continuative (AOI - LINK 2007)"
"CCNL per i dipendenti da aziende esercenti attività del Commercio, Turismo e Servizi";"Testo definitivo";"Commercio";"CONFIMITALIA; CONFSAAU; CONFAEL; SNALP CONFSAL; CONFAEL TERZIARIO";"31/01/2024";"31/01/2024";"";"30/01/2027";"COMMERCIO, TURISMO E SERVIZI (CONFIMITALIA)"
"Verbale di Ipotesi di accordo per il rinnovo del CCNL per i lavoratori dipendenti dei Consorzi Agrari";"Accordo di rinnovo";"Agricoltura";"ASSOCAP; FLAI CGIL; FAI CISL; UILTUCS UIL";"12/12/2023";"01/01/2024";"";"31/12/2027";"CONSORZI AGRARI: Operai e Impiegati"
"Ipotesi di accordo di rinnovo del CCNL per i dipendenti dalle organizzazioni degli allevatori, consorzi ed enti zootecnici";"Accordo di rinnovo";"Agricoltura";"AIA; FLAI CGIL; FAI CISL; UILA UIL; CONFEDERDIA";"14/11/2023";"01/01/2023";"";"31/12/2024";"ZOOTECNIA : Operai e Impiegati"
"Appendice al CCNL Piloti di elicottero datato 01 luglio 2001";"Accordo economico";"Trasporti";"AEI; FILT CGIL; FIT CISL; UIL TRASPORTI; UGL TRASPORTO AEREO; ANPAC";"31/01/2024";"01/02/2024";"";"";"ELICOTTERI: Trasporto non di linea, manutenzione e riparaz."
"CCNL Metalmeccanico Artigianato";"Testo definitivo";"Meccanici";"CONFLAVORO PMI; FESICA CONFSAL; CONFSAL";"10/01/2024";"01/01/2024";"";"31/12/2026";"METALMECCANICA: Artigiane (CONFLAVORO PMI)"
"Verbale di accordo per il rinnovo del CCNL Cooperative Sociali";"Accordo di rinnovo";"Enti e Istituzioni Private";"AGCI IMPRESE SOCIALI; CONFCOOPERATIVE FEDERSOLIDARIETA'; LEGACOOPSOCIALI; FP CGIL; FP CISL; FISASCAT CISL; UIL FPL; UILTUCS";"24/01/2024";"01/01/2023";"";"31/12/2025";"SERVIZI SOCIO-ASSISTENZIALI: Cooperative"
"CCNL per il settore istruzione e formazione professionale";"Testo definitivo";"Enti e Istituzioni Private";"CONFIMPRESAITALIA; CONFEDIR";"31/01/2024";"01/02/2024";"";"31/01/2027";"ISTRUZIONE E FORMAZIONE PROFESSIONALE (CONFIMPRESAITALIA)"
"Regolamento del personale della Cgil";"Testo definitivo";"Enti e Istituzioni Private";"Approvato dall'Assemblea Generale CGIL";"07/12/2023";"01/07/2023";"";"30/06/2026";"CGIL (Lavoratori Dipendenti)"
"CCNL di settore per il personale dipendente Anpas ODV - Confederazione Nazionale delle Misericordie d'Italia ODV e di altre Organizzazioni del Terzo Settore che operano nell'ambito socio-sanitario, assistenziale, del trasporto sanitario e di emergenza urgenza extraospedaliera";"Testo definitivo";"Enti e Istituzioni Private";"ANPAS ODV; CONFEDERAZIONE DELLE MISERICORDIE D'ITALIA ODV; CGIL FP; UIL FPL; CISL FP";"02/02/2024";"01/01/2020";"";"31/12/2022";"ANPAS ODV, MISERICORDIE D'ITALIA ODV e altre Organizzazioni del Terzo Settore"
"CCNL per i lavoratori delle aziende del settore Agricoltura, Micro, Piccole e Medie Imprese e Cooperative";"Testo definitivo";"Agricoltura";"ANAP; ALIM; SELP; SLE";"09/02/2024";"01/03/2024";"";"28/02/2027";"AGRICOLTURA: Micro, PMI e Cooperative"
"Verbale di errata corrige sul welfare contrattuale per i lavoratori somministrati";"Verbale integrativo";"Meccanici";"ANPIT; CEPI; CONFIMPRENDITORI; FENALC; OPES; UNICA; CISAL TERZIARIO; CISAL; CONFEDIR";"25/01/2024";"";"";"";"METALMECCANICO, INSTALLAZIONE D'IMPIANTI E ODONTOTECNICO: Dirigenti, Quadri, Impiegati e Operai"
"Verbale di errata corrige sul welfare contrattuale per i lavoratori somministrati";"Verbale integrativo";"Commercio";"ANPIT; CEPI; CONFIMPRENDITORI; FENALC; OPES; UNICA; CISAL TERZIARIO; CISAL; CONFEDIR";"25/01/2024";"";"";"";"COMMERCIO (CISAL)"
"Verbale di errata corrige sul welfare contrattuale per i lavoratori somministrati";"Verbale integrativo";"Commercio";"ANPIT; CEPI; CONFIMPRENDITORI; FENALC; OPES; UNICA; CISAL TERZIARIO; CISAL; CONFEDIR";"25/01/2024";"";"";"";"TERZIARIO AVANZATO"
"Verbale di errata corrige sul welfare contrattuale per i lavoratori somministrati";"Verbale integrativo";"Commercio";"ANPIT; CEPI; CONFIMPRENDITORI; FENALC; OPES; UNICA; CISAL TERZIARIO; CISAL; CONFEDIR";"25/01/2024";"";"";"";"TURISMO, AGENZIE DI VIAGGIO E PUBBLICI ESERCIZI"
"Verbale di errata corrige sul welfare contrattuale per i lavoratori somministrati";"Verbale integrativo";"Enti e Istituzioni Private";"ANPIT; CEPI; CONFIMPRENDITORI; FENALC; OPES; UNICA; CISAL TERZIARIO; CISAL; CONFEDIR";"25/01/2024";"";"";"";"Terzo Settore, Sport e altri Enti senza scopo di lucro"
"Verbale di errata corrige sul welfare contrattuale per i lavoratori somministrati";"Verbale integrativo";"Altri Vari";"ANPIT; CEPI; CONFIMPRENDITORI; FENALC; OPES; UNICA; CISAL TERZIARIO; CISAL; CONFEDIR";"25/01/2024";"";"";"";"STUDI PROFESSIONALI e AGENZIE DI ASSICURAZIONI"
"CCNL sulla disciplina del rapporto di lavoro per i lavoratori dipendenti delle imprese esercenti attività nei settori agricoltura e florovivaismo, floricultura, forestale e manutenzione del verde";"Testo definitivo";"Agricoltura";"ITALPMI; UNSIL";"18/12/2023";"18/12/2023";"";"17/12/2027";"AGRICOLTURA (ITALPMI)"
"CCNL per il personale non dirigente della SIAE";"Testo definitivo";"Poligrafici e Spettacolo";"SIAE; SLC CGIL; SLC CGIL SIAE; FISTEL CISL; FISTEL CISL SIAE; UILPA; UILPA SIAE; FNC UGL COMUNICAZIONI; CISAL FIALP; CISAL FIALP SIAE; CONFSAL SIAE";"15/12/2023";"01/01/2024";"";"31/12/2025";"SIAE (SOCIETA' ITALIANA AUTORI ED EDITORI)"
"CCNL per i dipendenti del settore "Metalmeccanica - Industria - Installazione impianti"";"Testo definitivo";"Meccanici";"CONAPI; CONFINTESA";"15/02/2024";"15/02/2024";"";"31/12/2026";"METALMECCANICA - INDUSTRIA - INSTALLAZIONE IMPIANTI"
"CCNL per i dipendenti delle strutture ed enti di formazione";"Testo definitivo";"Enti e Istituzioni Private";"CONFIMPRESEITALIA; FESICA CONFSAL; CONFSAL";"25/01/2024";"01/02/2024";"";"31/01/2027";"STRUTTURE ED ENTI DI FORMAZIONE (CONFIMPRESEITALIA)"
"CCNL per i dipendenti delle strutture ed enti di formazione";"Testo definitivo";"Enti e Istituzioni Private";"ITALPMI; FESICA CONFSAL; CONFSAL";"26/01/2024";"01/02/2024";"";"31/01/2027";"STRUTTURE ED ENTI DI FORMAZIONE (ITALPMI)"
"CCNL Noleggio autobus con conducente per i dipendenti di imprese esercenti il noleggio autobus con conducente e le relative attività correlate";"Testo definitivo";"Trasporti";"SISTEMA TRASPORTI; SISTEMA IMPRESA; FESICA CONFSAL; CONFSAL";"05/02/2024";"01/11/2023";"";"31/10/2026";"NOLEGGIO AUTOBUS CON CONDUCENTE (SISTEMA IMPRESA)"
"Accordo collettivo nazionale per la regolamentazione dell'attività di collaborazione alle imprese che svolgono, attraverso l'ausilio di piattaforme digitali, attività di acquisto e rivendita di un carrello contenente prodotti di largo consumo ordinati online dal cliente";"Testo definitivo";"Commercio";"ASSOGROCERY; NIDIL CGIL; FELSA CISL; UILTEMP UIL; Delegazione Sindacale SHOPPER";"19/02/2024";"19/02/2024";"";"18/02/2027";"SHOPPER"
"Ipotesi di accordo in applicazione della "nota di raccordo" riferita alla parte salariale del CCNL vigilanza privata e servizi di sicurezza";"Accordo economico";"Commercio";"ANIVP; ANIsicurezza; ASSIV; UNIV; LEGACOOP PRODUZIONE E SERVIZI; AGCI SERVIZI; FILCAMS CGIL; FISASCAT CISL; UILTUCS UIL";"16/02/2024";"01/06/2023";"";"31/12/2026";"VIGILANZA"
"Verbale di accordo per il rinnovo del CCNL 31 luglio 2020 per l'industria alimentare";"Accordo di rinnovo";"Alimentaristi - Agroindustriale";"ANCIT; ANICAV; ASSALZOO; ASSICA; ASSITOL; ASSOBIBE; ASSOBIRRA; ASSOCARNI; ASSOLATTE; FEDERVINI; ITALMOPA; MINERACQUA; UNAITALIA; UNIONE ITALIANA FOOD - UNIONFOOD; UNIONZUCCHERO; FAI CISL; FLAI CGIL; UILA UIL";"01/03/2024";"01/12/2023";"";"30/11/2027";"ALIMENTARISTI: Industrie"
"CCNL per i Dirigenti dell'agricoltura";"Testo definitivo";"Agricoltura";"CONFAGRICOLTURA; FEDERAZIONE NAZIONALE PROPRIETARI CONDUTTORI IN ECONOMIA; FEDERAZIONE NAZIONALE AFFITTUARI CONDUTTORI IN ECONOMIA; CONFEDERDIA; CIDA";"23/02/2022";"01/01/2021";"31/12/2022";"31/12/2024";"AGRICOLTURA: Dirigenti"
"Ipotesi di accordo per il rinnovo del CCNL Area Legno-Lapidei";"Accordo di rinnovo";"Edilizia";"CNA Produzione; CNA Costruzioni; CONFARTIGIANATO Legno e Arredo; CONFARTIGIANATO Marmisti; CASARTIGIANI; CLAAI; FENEAL UIL; FILCA CISL; FILLEA CGIL";"05/03/2024";"01/01/2023";"";"31/12/2026";"Area LEGNO LAPIDEI: Artigiane"
"Accordo integrativo per le nuove causali nei contratti a termine - CCNL per Metalmeccanica";"Verbale integrativo";"Meccanici";"FEDERPARTITEIVA; FID";"26/02/2024";"";"";"";"METALMECCANICA (FederPartiteIva)"
"Accordo integrativo per le nuove causali nei contratti a termine - CCNL per commercio, distribuzione, servizi, turismo e pubblici esercizi";"Verbale integrativo";"Commercio";"FEDERPARTITEIVA; FID";"26/02/2024";"";"";"";"COMMERCIO, DISTRIBUZIONE, SERVIZI, TURISMO E PUBBLICI ESERCIZI (FederPartiteIva)"
"Accordo di rinnovo del CCNL per le lavoratrici e i lavoratori delle cooperative del settore socio-sanitario, umanitario, assistenziale-educativo e di inserimento lavorativo";"Accordo di rinnovo";"Enti e Istituzioni Private";"UNICOOP; UGL Salute";"29/02/2024";"01/02/2024";"";"31/12/2025";"COOPERATIVE SETTORE SOCIO-SANITARIO, UMANITARIO, ASSISTENZIALE-EDUCATIVO E DI INSERIMENTO LAVORATIVO (UNICOOP-UGL)"
"Verbale di accordo per lo scioglimento della riserva sull'accordo di rinnovo del 26 gennaio 2024 del CCNL per le lavoratrici e i lavoratori delle cooperative del settore socio-sanitario, assistenziale-educativo e di inserimento lavorativo e tabelle di costo del lavoro aggiornate";"Verbale integrativo";"Enti e Istituzioni Private";"AGCI IMPRESE SOCIALI; CONFCOOPERATIVE FEDERSOLIDARIETA'; LEGACOOPSOCIALI; CGIL FP; CISL FP; FISASCAT CISL; UIL FPL; UILTUCS";"05/03/2024";"";"";"";"SERVIZI SOCIO-ASSISTENZIALI: Cooperative"
"CCNL per i dipendenti delle imprese artigiane";"Testo definitivo";"Altri Vari";"ADLI; FITESC; CIU";"01/03/2024";"01/03/2024";"";"28/02/2027";"Dipendenti delle Imprese Artigiane"
"CCNL per i dipendenti delle imprese di restauro di beni culturali";"Testo definitivo";"Altri Vari";"ARI; F.IN.CO.; FEDERTERZIARIO; UGL Costruzioni; UGL";"06/03/2024";"06/03/2024";"";"05/03/2027";"RESTAURO BENI CULTURALI"
"Verbale di rettifica per errore materiale del CCNL istruzione e formazione professionale: dall'asilo nido all'università";"Verbale integrativo";"Enti e Istituzioni Private";"FEDERTERZIARIO SCUOLA; FEDERTERZIARIO; UGL SCUOLA; UGL";"12/02/2024";"";"";"";"SCUOLE NON STATALI, ENTI DI FORMAZIONE, SCUOLE DI PREPARAZIONE, SCUOLE DELL'INFANZIA, ASILI NIDO"
"CCNL per i dipendenti da imprese esercenti servizi di pulizia e servizi integrati/multiservizi";"Testo definitivo";"Aziende di Servizi";"FEDERDAT; UNSIC; CIU UNIONQUADRI; FLAITS; CONSIL; CONFIAL; UNSICOOP";"27/02/2024";"01/03/2024";"";"28/02/2027";"PULIZIA: Imprese (FEDERDAT)"
"CCNL per il settore dei servizi di ausilio familiare";"Testo definitivo";"Altri Vari";"PROFESSIONE IN FAMIGLIA; CASABASE; CONFSAL; FIALS";"20/03/2024";"01/01/2024";"";"31/12/2026";"COLLABORAZIONI Coordinate e Continuative, rapporti di lavoro subordinati e alla pari (Servizi di ausilio familiare)"
"Ipotesi di accordo per il rinnovo del CCNL per i dipendenti da aziende del terziario, della distribuzione e dei servizi";"Accordo di rinnovo";"Commercio";"CONFESERCENTI; FILCAMS CGIL; FISASCAT CISL; UILTUCS UIL";"22/03/2024";"01/04/2023";"";"31/03/2027";"TERZIARIO, DISTRIBUZIONE E SERVIZI (CONFESERCENTI)"
"Ipotesi di accordo di rinnovo del CCNL Terziario, Distribuzione e Servizi";"Accordo di rinnovo";"Commercio";"CONFCOMMERCIO IMPRESE PER L'ITALIA; FILCAMS CGIL; FISASCAT CISL; UILTUCS UIL";"22/03/2024";"01/04/2023";"";"31/03/2027";"COMMERCIO E SERVIZI"
"CCNL Area Alimentazione-Panificazione del 6 dicembre 2021 - Verbale di Accordo Economico per le imprese non artigiane del settore Alimentare che occupano fino a 15 dipendenti (Parte II del CCNL)";"Accordo economico";"Alimentaristi - Agroindustriale";"CNA Agroalimentare; CONFARTIGIANATO Alimentazione; CASARTIGIANI; CLAAI; FLAI CGIL; FAI CISL; UILA UIL";"15/03/2024";"";"";"";"ALIMENTARISTI: Artigiane"
"Ipotesi di accordo di rinnovo del CCNL per i dipendenti da imprese della distribuzione cooperativa";"Accordo di rinnovo";"Commercio";"ANCC COOP; CONFCOOPERATIVE CONSUMO E UTENZA; AGCI AGRITAL; FILCAMS CGIL; FISASCAT CISL; UILTUCS UIL";"29/03/2024";"01/04/2023";"";"31/03/2027";"COMMERCIO: Cooperative di Consumo"
"CCNL per i dipendenti da aziende con incarico di operatori di vendita, viaggiatori e piazzisti";"Testo definitivo";"Commercio";"UNIMPRESA (aderente CIU UNIONQUADRI); UNIAP (aderente CIU UNIONQUADRI); CONFAIL (aderente CIU UNIONQUADRI); FIALC CONFAIL; UPLA CONFCONTRIBUENTI (aderente CIU UNIONQUADRI)";"15/03/2024";"15/03/2024";"";"14/03/2027";"OPERATORI DI VENDITA, VIAGGIATORI E PIAZZISTI (UNIMPRESA)"
"CCNL per i dipendenti del turismo e pubblici esercizi";"Testo definitivo";"Commercio";"AICAST IMPRESE ITALIA; ASSIMPRESEITALIA; FESICA CONFSAL; CONFSAL";"31/10/2023";"01/11/2023";"";"31/10/2026";"TURISMO E PUBBLICI ESERCIZI"
"CCNL per i lavoratori del settore Telecomunicazioni";"Testo definitivo";"Aziende di Servizi";"VALITALIA PMI; FESICA CONFSAL; CONFSAL";"23/02/2024";"26/02/2024";"";"26/02/2027";"TELECOMUNICAZIONI (VALITALIA PMI)"
"Ipotesi di accordo per il rinnovo del CCNL per i dipendenti da aziende del terziario, della distribuzione e dei servizi";"Accordo di rinnovo";"Commercio";"CONFESERCENTI; UGL TERZIARIO";"22/03/2024";"01/04/2023";"";"31/03/2027";"TERZIARIO, DISTRIBUZIONE E SERVIZI (CONFESERCENTI)"
"Accordo di rinnovo del CCNL Turismo 4 marzo 2010";"Accordo di rinnovo";"Commercio";"ASSOTURISMO; FIEPET; FIBA; ASSOHOTEL; ASSOCAMPING; ASSOVIAGGI; CONFESERCENTI; UGL TERZIARIO (stipula su tavolo separato)";"18/07/2018";"01/01/2018";"";"31/12/2021";"TURISMO (AZIENDE CONFESERCENTI)"
"Accordo di correzione e integrazione dei testi siglati il 18 luglio 2018";"Verbale integrativo";"Commercio";"ASSOTURISMO; FIEPET; FIBA; ASSOHOTEL; ASSOCAMPING; ASSOVIAGGI; CONFESERCENTI; UGL TERZIARIO";"15/11/2018";"";"";"";"TURISMO (AZIENDE CONFESERCENTI)"
"Verbale di accordo per l'adeguamento economico delle retribuzioni dei lavoratori dipendenti cui si applica il CCNL delle imprese artigiane di noleggio autobus con conducente e le relative attività correlate";"Accordo economico";"Trasporti";"CNA Fita NCC Bus; CONFARTIGIANATO Auto-Bus Operator; SNA CASARTIGIANI; CLAAI; FILT CGIL; FIT CISL; UILTRASPORTI UIL";"03/04/2024";"01/01/2021";"";"31/12/2023";"NOLEGGIO AUTOBUS CON CONDUCENTE: Imprese Artigiane"
"Testo Unico del CCNL della Distribuzione Moderna Organizzata (DMO)";"Testo definitivo";"Commercio";"FEDERDISTRIBUZIONE; FILCAMS CGIL; FISASCAT CISL; UILTUCS UIL";"22/10/2021";"01/01/2019";"";"31/12/2021";"Distribuzione Moderna Organizzata (DMO)"
"Accordo integrativo al CCNL Terziario, Distribuzione e Servizi del 22 marzo 2024";"Verbale integrativo";"Commercio";"CONFCOMMERCIO IMPRESE PER L'ITALIA; FILCAMS CGIL; FISASCAT CISL; UILTUCS UIL";"28/03/2024";"";"";"";"COMMERCIO E SERVIZI"
"CCNL 2024-2026 per i lavoratori delle Imprese e consorzi esercenti attività alla persona, attività cimiteriali, attività trasporto funebre, di onoranze funebri e di polizia mortuaria aderenti alla Associazione ASNAF & AS";"Testo definitivo";"Trasporti";"ASNAF & AS; FIALS CONFSAL";"21/02/2024";"01/01/2024";"";"31/12/2026";"ATTIVITA' FUNEBRI E CIMITERIALI"
"Verbale di modifica del CCNL Anpas - Confederazione Nazionale delle Misericordie d'Italia 2020/2022";"Verbale integrativo";"Enti e Istituzioni Private";"ANPAS ODV; CONFEDERAZIONE DELLE MISERICORDIE D'ITALIA ODV; FP CGIL; CISL FP; UIL FPL";"17/04/2024";"01/01/2020";"";"31/12/2022";"ANPAS ODV, MISERICORDIE D'ITALIA ODV e altre Organizzazioni del Terzo Settore"
"Accordo integrativo al CCNL del terziario, distribuzione e servizi del 22 marzo 2024";"Verbale integrativo";"Commercio";"CONFESERCENTI; FILCAMS CGIL; FISASCAT CISL; UILTUCS UIL";"28/03/2024";"";"";"";"TERZIARIO, DISTRIBUZIONE E SERVIZI (CONFESERCENTI)"
"CCNL per i dipendenti da enti, aziende e associazioni del settore olistico";"Testo definitivo";"Altri Vari";"UNIMPRESA (aderente CIU Unionquadri); UNIAP (aderente CIU Unionquadri); CONFAIL (aderente CIU Unionquadri); UPLA CONFCONTRIBUENTI (aderente CIU Unionquadri)";"01/04/2024";"01/04/2024";"";"31/03/2027";"SETTORE OLISTICO (UNIMPRESA)"
"CCNL per i dipendenti da studi professionali";"Testo definitivo";"Commercio";"UNIMPRESA (aderente CIU Unionquadri); UNIAP (aderente CIU Unionquadri); CONFAIL (aderente CIU Unionquadri); FIALC CONFAIL; CIU; UPLA CONFCONTRIBUENTI (aderente CIU Unionquadri)";"01/04/2024";"01/04/2024";"";"31/03/2027";"Studi Professionali (UNIMPRESA)"
"CCNL per il personale dipendente da imprese, enti e associazioni del settore sportivo e del benessere";"Testo definitivo";"Commercio";"UNIMPRESA (aderente CIU Unionquadri); UNIAP (aderente CIU Unionquadri); CONFAIL (aderente CIU Unionquadri); CIU; UPLA CONFCONTRIBUENTI (aderente CIU Unionquadri)";"01/04/2024";"01/04/2024";"";"31/03/2027";"SETTORE SPORTIVO E DEL BENESSERE"
"CCNL Commercio, Terziario, Distribuzione, Servizi, Pubblici Esercizi e Turismo";"Testo definitivo";"Commercio";"FISAPI; COMPAGNIA DEL LAVORO; FISALP";"02/01/2024";"01/01/2024";"";"31/12/2026";"INTERSETTORIALE: Commercio, Terziario, Distribuzione, Servizi, Pubblici Esercizi e Turismo (FISAPI)"
"CCNL per i lavoratori operanti nei servizi ausiliari della sosta, fiduciari e integrati resi alle imprese e agli enti pubblici";"Testo definitivo";"Altri Vari";"FMPI; CONFINTESA; CONFINTESA Sicurezza Privata";"17/04/2024";"17/04/2024";"";"16/04/2027";"SERVIZI AUSILIARI DELLA SOSTA, FIDUCIARI E INTEGRATI"
"Accordo di confluenza per il CCNL per i marittimi imbarcati su unità da diporto per i servizi resi in ambito marittimo privato e di navigazione non commerciale";"Verbale integrativo";"Trasporti";"UNILAVORO PMI; ASSOYACHT (aderente a UNILAVORO PMI); CIU UNIONQUADRI; CONFSAL FISALS";"06/11/2023";"06/11/2023";"";"30/11/2027";"MARITTIMI: Unità da diporto"
"Verbale di accordo relativo al CCNL per i dipendenti delle imprese del settore Trasporti e Logistica";"Verbale integrativo";"Trasporti";"ATECA; ANEAS; ASSO PRO; PMIA AUTOTRASPORTI; COOPERATIVE ITALIANE; CIU UNIONQUADRI; FIADEL SP";"03/04/2024";"";"";"";"TRASPORTI E LOGISTICA (ATECA)"
"Verbale di accordo relativo al CCNL per i lavoratori dipendenti di imprese e società esercenti servizi di igiene ambientale";"Verbale integrativo";"Aziende di Servizi";"ATECA; ANEAS; ASSOPRO; CIU; FIADEL";"08/04/2024";"";"";"";"PULIZIA: Igiene Ambientale (ATECA)"
"CCNL Intersettoriale per il Comparto Terziario";"Testo definitivo";"Commercio";"FENAPI; CONFSAL; CONFSAL FEDRLAVORATORI; ALI CONFSAL";"18/04/2024";"01/05/2024";"";"31/03/2027";"INTERSETTORIALE TERZIARIO"
"CCNL per il personale dipendente non medico da strutture sanitarie, socio-sanitarie e cooperative socio sanitarie e assistenziali private";"Testo definitivo";"Enti e Istituzioni Private";"ITALPMI; UNSIL";"31/01/2024";"01/02/2024";"";"31/01/2027";"STRUTTURE SANITARIE, SOCIO-SANITARIE E COOPERATIVE SOCIO SANITARIE ED ASSISTENZIALI PRIVATE: personale non medico (ITALPMI)"
"CCNL per i dipendenti di aziende del settore Metalmeccanica Industria";"Testo definitivo";"Meccanici";"FENIMPRESE; CIU";"18/07/2023";"01/07/2023";"";"30/06/2026";"METALMECCANICA: Industria (FENIMPRESE)"
"Ipotesi di accordo per il rinnovo del CCNL per le imprese private operanti nel settore della distribuzione, del recapito e dei servizi postali e per le imprese che svolgono attività di vendita al dettaglio in aree pubbliche e/o private oppure in forma itinerante";"Accordo di rinnovo";"Aziende di Servizi";"FISE ARE; SLC CGIL; SLP CISL; UILPOSTE UIL";"14/11/2023";"";"";"31/12/2026";"RECAPITO CORRISPONDENZA"
"Ipotesi di accordo per il rinnovo del CCNL della Distribuzione Moderna Organizzata (DMO)";"Accordo di rinnovo";"Commercio";"FEDERDISTRIBUZIONE; FILCAMS CGIL; FISASCAT CISL; UILTUCS UIL";"23/04/2024";"01/04/2023";"";"31/03/2027";"Distribuzione Moderna Organizzata (DMO)"
"Ipotesi di accordo per il rinnovo del CCNL della Distribuzione Moderna Organizzata (DMO)";"Accordo di rinnovo";"Commercio";"FEDERDISTRIBUZIONE; UGL TERZIARIO";"23/04/2024";"01/04/2023";"";"31/03/2027";"Distribuzione Moderna Organizzata (DMO)"
"CCNL per i dipendenti delle Imprese Sociali e degli Enti del terzo Settore";"Testo definitivo";"Enti e Istituzioni Private";"FITESC; CIU; ADLI";"08/03/2024";"08/03/2024";"";"07/03/2027";"Imprese Sociali ed Enti del Terzo Settore"
"CCNL per i dipendenti delle Imprese Sociali e delle Cooperative operanti nel settore della Cultura e dello Spettacolo";"Testo definitivo";"Enti e Istituzioni Private";"FITESC; CIU UNIONQUADRI; ADLI";"08/04/2024";"08/04/2024";"";"07/04/2027";"Imprese Sociali e Cooperative operanti nel settore Cultura e Spettacolo"
"Accordo integrativo al CCNL Enti di formazione e istruzione, corsi universitari, Scuola pubblica non statale";"Verbale integrativo";"Enti e Istituzioni Private";"FILINS; UGL SCUOLA";"03/05/2024";"";"";"";"ENTI DI FORMAZIONE E ISTRUZIONE, CORSI UNIVERSITARI E ACCADEMIE - SCUOLA PUBBLICA NON STATALE (FILINS-UGL)"
"CCNL del trasporto aereo - parte specifica sezione Handlers";"Accordo di rinnovo";"Trasporti";"ASSOHANDLERS; FILT CGIL; FIT CISL; UILTRASPORTI; UGL TRASPORTO AEREO";"25/10/2023";"";"30/06/2026";"31/12/2025";"AEREI: Trasporto Aereo"
"CCNL ASTRAL SPA Funzione pubblica";"Testo definitivo";"Enti e Istituzioni Private";"ASTRAL SPA; FEDERLAZIO; FP CGIL Roma e Lazio; CISL FP Roma e Lazio; UIL FPL; CISAL";"13/05/2024";"01/01/2022";"";"31/12/2024";"ASTRAL SPA FUNZIONE PUBBLICA"
"CCNL per le imprese ed i lavoratori del settore Tessile-Abbigliamento-Moda";"Testo definitivo";"Tessili";"SMI; CONFINDUSTRIA MODA; FEMCA CISL; CISL; FILCTEM CGIL; CGIL; UILTEC UIL; UIL";"31/01/2022";"01/04/2020";"";"31/03/2024";"TESSILI ABBIGLIAMENTO: Industrie"
"Accordo per il recupero del differenziale inflattivo del biennio 2022-2023, in attuazione dell'impegno assunto in occasione della sottoscrizione del verbale di accordo di rinnovo del CCNL degli operai agricoli e florovivaisti del 23 maggio 2022";"Accordo economico";"Agricoltura";"CONFAGRICOLTURA; COLDIRETTI; CIA; FLAI CGIL; FAI CISL; UILA UIL";"27/10/2023";"";"";"";"AGRICOLTURA: Operai e Florovivaisti"
"CCNL sulla disciplina del rapporto di lavoro domestico";"Testo definitivo";"Commercio";"FIDALDO (NUOVA COLLABORAZIONE; ASSINDATCOLF; ADLD; ADLC); DOMINA; FILCAMS CGIL; FISASCAT CISL; UILTUCS UIL; FEDERCOLF";"08/09/2020";"01/10/2020";"";"31/12/2022";"LAVORO DOMESTICO"
"Ipotesi di accordo per il rinnovo del CCNL Area Acconciatura ed Estetica";"Accordo di rinnovo";"Commercio";"CONFARTIGIANATO Benessere Acconciatori; CONFARTIGIANATO Benessere Estetica; CNA Unione benessere e sanità; CASARTIGIANI; CLAAI; FILCAMS CGIL; FISASCAT CISL; UILTUCS UIL";"20/05/2024";"01/01/2023";"";"31/12/2026";"PARRUCCHIERI: Artigiane"
"Accordo integrativo al CCNL del terziario, distribuzione e servizi del 22 marzo 2024";"Verbale integrativo";"Commercio";"CONFESERCENTI; UGL TERZIARIO";"28/03/2024";"";"";"";"TERZIARIO, DISTRIBUZIONE E SERVIZI (CONFESERCENTI)"
"Ipotesi di accordo per il rinnovo del CCNL vigilanza privata e servizi di sicurezza";"Accordo di rinnovo";"Commercio";"ANIVP; ASSIV; UNIV; UGL SICUREZZA CIVILE";"30/05/2023";"01/06/2023";"";"31/05/2026";"VIGILANZA"
"CCNL per i dipendenti delle imprese private esercenti attività di distribuzione, recapito e servizi postali anche in appalto";"Testo definitivo";"Aziende di Servizi";"CONAPI; CONFINTESA";"23/05/2024";"23/05/2024";"";"31/12/2026";"DISTRIBUZIONE, RECAPITO E SERVIZI POSTALI ANCHE IN APPALTO"
"Accordo d'interpretazione autentica dell'ambito di applicazione e professionalità coinvolte dell'accordo collettivo nazionale di riferimento per i collaboratori telefonici dei call center del 1.3.2018 tra Assocall e Ugl Terziario";"Verbale integrativo";"Commercio";"ASSOCALL CONFCOMMERCIO; UGL TERZIARIO";"06/04/2018";"";"";"";"COLLABORATORI TELEFONICI DEI CALL CENTER"
"Accordo quadro contenente il protocollo per la contrattazione aziendale da applicarsi al settore dei call center outbound";"Verbale integrativo";"Commercio";"ASSOCALL CONFCOMMERCIO; UGL TERZIARIO";"06/04/2018";"";"";"";"COLLABORATORI TELEFONICI DEI CALL CENTER"
"Verbale di accordo per la costituzione del fondo di assistenza sanitario integrativo";"Verbale integrativo";"Commercio";"ASSOCALL CONFCOMMERCIO; UGL TERZIARIO";"13/04/2018";"";"";"";"COLLABORATORI TELEFONICI DEI CALL CENTER"
"Accordo integrativo all'accordo collettivo nazionale per i collaboratori telefonici dei call center del 1 marzo 2018";"Verbale integrativo";"Commercio";"ASSOCALL CONFCOMMERCIO; UGL TERZIARIO";"12/12/2018";"";"";"";"COLLABORATORI TELEFONICI DEI CALL CENTER"
"Accordo integrativo all'accordo collettivo nazionale del 1 marzo 2018";"Verbale integrativo";"Commercio";"ASSOCALL CONFCOMMERCIO; UGL TERZIARIO";"29/11/2019";"";"";"";"COLLABORATORI TELEFONICI DEI CALL CENTER"
"Verbale di adesione all'accordo integrativo del 29 novembre 2019 sottoscritto tra Assocall e Ugl Terziario Nazionale";"Verbale integrativo";"Commercio";"ASSOCALL CONFCOMMERCIO; UGL TERZIARIO; ASSOCONTACT (per adesione)";"29/11/2019";"";"";"";"COLLABORATORI TELEFONICI DEI CALL CENTER"
"Accordo integrativo all'accordo quadro contenente il protocollo per la contrattazione aziendale da applicarsi al settore dei call center outbound del 6 aprile 2018";"Verbale integrativo";"Commercio";"ASSOCALL CONFCOMMERCIO; UGL TERZIARIO";"12/12/2018";"";"";"";"COLLABORATORI TELEFONICI DEI CALL CENTER"
"Accordo integrativo atto di costituzione del Comitato per il Settore dei Call Center di cui al DPCM 26.4.2020";"Verbale integrativo";"Commercio";"ASSOCALL CONFCOMMERCIO; UGL TERZIARIO; EBINCALL";"03/05/2020";"";"";"";"COLLABORATORI TELEFONICI DEI CALL CENTER"
"Accordo integrativo dell'ACN Assocall/Ugl Terziario del 01.3.2018 per i collaboratori telefonici dei call center";"Verbale integrativo";"Commercio";"ASSOCALL CONFCOMMERCIO; UGL TERZIARIO";"08/07/2021";"";"";"";"COLLABORATORI TELEFONICI DEI CALL CENTER"
"Accordo integrativo all'accordo collettivo nazionale del 1 marzo 2018 per i collaboratori telefonici dei call center";"Verbale integrativo";"Commercio";"ASSOCALL CONFCOMMERCIO; UGL TERZIARIO";"30/11/2020";"";"";"";"COLLABORATORI TELEFONICI DEI CALL CENTER"
"Accordo integrativo all'accordo collettivo nazionale per i collaboratori telefonici dei call center del 1 marzo 2018";"Verbale integrativo";"Commercio";"ASSOCALL CONFCOMMERCIO; UGL TERZIARIO";"12/03/2020";"";"";"";"COLLABORATORI TELEFONICI DEI CALL CENTER"
"Accordo integrativo - Comitato per il Settore dei Call Center";"Verbale integrativo";"Commercio";"ASSOCALL CONFCOMMERCIO; UGL TERZIARIO; EBINCALL";"29/05/2020";"";"";"";"COLLABORATORI TELEFONICI DEI CALL CENTER"
"Accordo di rinnovo in ultravigenza dell'ACN Assocall/Ugl Terziario del 01.3.2018 per i collaboratori telefonici dei call center";"Accordo di rinnovo";"Commercio";"ASSOCALL CONFCOMMERCIO; UGL TERZIARIO";"02/10/2021";"01/01/2022";"";"30/09/2025";"COLLABORATORI TELEFONICI DEI CALL CENTER"
"CCNL per i dipendenti delle strutture ed enti di formazione";"Testo definitivo";"Enti e Istituzioni Private";"ASSOESERCENTI; FEDERFORMA; FESICA CONFSAL; CONFSAL";"26/01/2024";"01/02/2024";"";"31/01/2027";"STRUTTURE ED ENTI DI FORMAZIONE (ASSOESERCENTI - FEDERFORMA)"
"CCNL per i dipendenti delle strutture ed enti di formazione";"Testo definitivo";"Enti e Istituzioni Private";"AICAST IMPRESE ITALIA; ASSIMPRESEITALIA; FESICA CONFSAL; CONFSAL";"26/01/2024";"01/02/2024";"";"31/01/2027";"STRUTTURE ED ENTI DI FORMAZIONE (AICAST IMPRESE ITALIA - ASSIMPRESEITALIA)"
"Ipotesi di Accordo di rinnovo del CCNL 26 maggio 2009 e successive modifiche";"Accordo di rinnovo";"Commercio";"FEDERFARMA; FILCAMS CGIL; FISASCAT CISL; UILTUCS UIL";"07/09/2021";"07/09/2021";"";"31/08/2024";"FARMACIE PRIVATE"
"Accordo integrativo al CCNL per le imprese e i lavoratori dipendenti delle cooperative esercenti attività disciplinata dalle norme vigenti in materia di distribuzione cooperativa, cooperative di consumo e servizi, nonché dei servizi correlati e collegati, richiesti dalla committenza, sia pubblica che privata";"Verbale integrativo";"Commercio";"UNICOOP; UGL TERZIARIO";"22/05/2024";"01/08/2024";"";"31/01/2026";"DISTRIBUZIONE COOPERATIVA, COOPERATIVE DI CONSUMO E SERVIZI (UNICOOP)"
"Verbale di Accordo per l'incremento retributivo previsto dal 1° gennaio 2024 dal CCNL Legno, Sughero, Mobile, Arredamento e Boschivi e Forestali";"Accordo economico";"Edilizia";"FEDERLEGNOARREDO; UGL COSTRUZIONI";"05/02/2024";"01/01/2024";"";"31/12/2025";"LEGNO, ARREDAMENTO: Industrie"
"Verbale di Accordo per l'incremento retributivo previsto dal 1° gennaio 2024 dal CCNL Legno, Sughero, Mobile, Arredamento e Boschivi e Forestali";"Accordo economico";"Edilizia";"FEDERLEGNOARREDO; FENEAL UIL; FILCA CISL; FILLEA CGIL";"30/01/2024";"01/01/2024";"";"31/12/2025";"LEGNO, ARREDAMENTO: Industrie"
"CCNL 15 dicembre 2022 per i dipendenti da imprese esercenti autorimesse, noleggio auto con autista, locazione automezzi, servizi di supporto all'autonoleggio, noleggio motoscafi, posteggio e custodia autovettura su suolo pubblico e/o privato, lavaggio automatico e non automatico e ingrassaggio automezzi, attività di soccorso stradalee e di assistenza alla mobilità nonché le attività direttamente collegate, servizi di noleggio autoambulanza con conducente";"Testo definitivo";"Trasporti";"ANIASA; FILT CGIL; FIT CISL; UILTRASPORTI";"15/12/2022";"01/01/2022";"";"31/12/2024";"AUTORIMESSE E AUTONOLEGGIO"
"CCNL per i dipendenti degli studi professionali - Testo coordinato con le modifiche introdotte dall'Accordo integrativo del 04/06/2024";"Testo definitivo";"Commercio";"UNILAVORO PMI; CONFSAL FISALS";"04/06/2024";"05/06/2024";"";"02/01/2029";"Studi Professionali (UNILAVORO PMI)"
"Ipotesi si accordo per il rinnovo del CCNL Area Alimentazione-Panificazione";"Accordo di rinnovo";"Alimentaristi - Agroindustriale";"CONFARTIGIANATO Alimentazione; CNA Agroalimentare; CASARTIGIANI; CLAAI; FLAI CGIL; FAI CISL; UILA UIL";"06/06/2024";"01/01/2023";"";"24/12/2026";"ALIMENTARISTI: Artigiane"
"CCNL per la disciplina dell'attività di consegna di beni per conto terzi, svolta da lavoratori autonomi, c.d. Rider";"Testo definitivo";"Altri Vari";"FITESC; ADLI; CIU UNIONQUADRI";"02/05/2024";"02/05/2024";"";"01/05/2027";"RIDER (FITESC - ADLI)"
"CCNL  per i lavoratori impegnati nel lavoro domestico";"Testo definitivo";"Commercio";"FITESC; ADLI; CIU UNIONQUADRI";"02/05/2024";"03/06/2024";"";"02/06/2027";"LAVORO DOMESTICO (FITESC - ADLI)"
"CCNL settore turismo e pubblici esercizi";"Testo definitivo";"Commercio";"CONFSIN; FEDERDIPENDENTI";"31/05/2024";"01/06/2024";"";"31/05/2027";"TURISMO E PUBBLICI ESERCIZI (CONFSIN)"
"CCNL per i dipendenti da Aziende esercenti attività del Commercio, Turismo e Servizi";"Testo definitivo";"Commercio";"CONFSIN; FEDERDIPENDENTI";"31/05/2024";"01/06/2024";"";"31/05/2027";"COMMERCIO, TURISMO E SERVIZI (CONFSIN)"
"CCNL per i dipendenti di aziende e cooperative esercenti attività nel settore Multiservizi, Logistica, Trasporti, Edilizia, Impiantistica e Commercio";"Testo definitivo";"Altri Vari";"FINIMPRESE; FEDERLAVORATORI; FINCONSUMATORI";"01/04/2024";"02/04/2024";"";"01/04/2027";"MULTISERVIZI, LOGISTICA, TRASPORTI, EDILIZIA, IMPIANTISTICA E COMMERCIO"
"CCNL 18 maggio 2023 per i dirigenti delle aziende di autotrasporto e spedizione merci, di servizi logistici e di trasporto combinato";"Testo definitivo";"Trasporti";"CONFETRA; MANAGERITALIA";"28/05/2024";"01/01/2022";"";"31/12/2025";"AUTOTRASPORTI: Dirigenti"
"Ipotesi di accordo di rinnovo del CCNL per i dipendenti da aziende dei settori Pubblici Esercizi, Ristorazione Collettiva e Commerciale e Turismo";"Accordo di rinnovo";"Commercio";"FIPE CONFCOMMERCIO; UGL TERZIARIO";"12/06/2024";"01/06/2024";"";"31/12/2027";"PUBBLICI ESERCIZI, RISTORAZIONE COLLETTIVA E COMMERCIALE E TURISMO"
"CCNL per i lavoratori del settore Commercio, Terziario, Turismo e Servizi";"Testo definitivo";"Commercio";"ALIM; CONFIAP; FENAILP; CESAC; FISMIC CONFSAL; FILCOM FISMIC CONFSAL; FENADIL; CONFSAL";"29/05/2024";"01/06/2024";"";"31/12/2025";"Commercio, Terziario e Servizi"
"Accordo integrativo per l'adeguamento Istat del CCNL per i piloti di velivoli ad ala fissa adibiti ad attività di protezione civile, servizio antincendio boschivo e tutela ambientale";"Accordo economico";"Trasporti";"AEI CONFINDUSTRIA FEDERVARIE; FIT CISL; UIL TRASPORTI; UGL TRASPORTO AEREO; ANPAC";"24/04/2024";"09/02/2024";"";"31/12/2024";"PILOTI di velivoli ad ala fissa (Protezione Civile, Servizio Antincendio Boschivo e Tutela Ambientale)"
"CCNL per le aziende industriali che producono e trasformano articoli di vetro, comprese le aziende che producono lampade e display, e per i lavoratori da esse dipendenti";"Testo definitivo";"Chimici";"ASSOVETRO; CONFINDUSTRIA; FILCTEM CGIL; FEMCA CISL; CISL; UILTEC UIL; UIL";"21/05/2024";"01/01/2023";"";"31/12/2025";"VETRO: Industrie"
"CCNL per le aziende industriali che producono e trasformano articoli di vetro, comprese le aziende che producono lampade e display, e per i lavoratori da esse dipendenti";"Testo definitivo";"Chimici";"ASSOVETRO; CONFINDUSTRIA; UGL CHIMICI; UGL";"21/05/2024";"01/01/2023";"";"31/12/2025";"VETRO: Industrie"
"CCNL per i quadri e gli impiegati delle aziende del Gruppo Invitalia";"Testo definitivo";"Enti e Istituzioni Private";"INVITALIA SPA; FISAC CGIL; FIRST CISL; UILCA UIL";"18/06/2024";"01/07/2024";"";"30/06/2027";"GRUPPO INVITALIA"
"CCNL per i quadri e gli impiegati delle aziende del Gruppo Invitalia";"Testo definitivo";"Enti e Istituzioni Private";"INVITALIA SPA; UGL CREDITO";"18/06/2024";"01/07/2024";"";"30/06/2027";"GRUPPO INVITALIA"
"Ipotesi di accordo di rinnovo del CCNL per i dipendenti da aziende dei settori Pubblici Esercizi, Ristorazione Collettiva e Commerciale e Turismo";"Accordo di rinnovo";"Commercio";"FIPE; LEGACOOP PRODUZIONE E SERVIZI; CONFCOOPERATIVE LAVORO E SERVIZI; AGCI SERVIZI; CONFCOMMERCIO; FILCAMS CGIL; FISASCAT CISL; UILTUCS UIL";"05/06/2024";"01/06/2024";"";"31/12/2027";"PUBBLICI ESERCIZI, RISTORAZIONE COLLETTIVA E COMMERCIALE E TURISMO"
"Verbale di accordo per il rinnovo del CCNL ANFFAS 2023-2025";"Accordo di rinnovo";"Enti e Istituzioni Private";"Consorzio degli enti aderenti alla rete associativa di ANFFAS Nazionale - LA ROSA BLU; FP CGIL; CISL FP; UIL FPL";"23/04/2024";"01/01/2023";"";"31/12/2025";"SANITA': Dipendenti ANFFAS"
"Verbale di accordo per il rinnovo del CCNL per i lavoratori dipendenti delle imprese che esercitano attività agromeccaniche (contoterzismo in agricoltura)";"Accordo di rinnovo";"Agricoltura";"CAI AGROMEC; FAI CISL; FLAI CGIL; UILA UIL";"19/06/2024";"01/01/2024";"";"31/12/2027";"AGRICOLTURA: Aziende in conto terzi"
"CCNL per i dipendenti delle Aziende Artigiane dei settori tessile, abbigliamento, calzaturiero e pulitintolavanderie - testo coordinato con le modifiche introdotte dall'accordo integrativo del 23/05/2024";"Testo definitivo";"Tessili";"UNILAVORO PMI; UNIPEL; FILP; CONFSAL FISALS";"23/05/2024";"23/05/2024";"";"30/11/2026";"TESSILE, ABBIGLIAMENTO, CALZATURIERO E PULITINTOLAVANDERIE: Aziende Artigiane (UNILAVORO PMI)"
"Verbale di accordo per il rinnovo del CCNL per i lavoratori dipendenti da aziende cooperative di trasformazione di prodotti agricoli e zootecnici e lavorazione prodotti alimentari";"Accordo di rinnovo";"Alimentaristi - Agroindustriale";"AGCI AGRITAL; FEDAGRIPESCA CONFCOOPERATIVE; LEGACOOP AGROALIMENTARE; FAI CISL; FLAI CGIL; UILA UIL";"14/05/2024";"01/12/2023";"";"30/11/2027";"ALIMENTARISTI: Cooperative"
"CCNL per i dipendenti delle Case di Cura";"Testo definitivo";"Enti e Istituzioni Private";"ANPIT; CONFIMPRENDITORI; UNICA; CISAL Terziario; CISAL";"26/07/2024";"01/07/2024";"";"30/06/2027";"CASE DI CURA"
"CCNL per i dipendenti dei Servizi Assistenziali e Socio Sanitari";"Testo definitivo";"Enti e Istituzioni Private";"ANPIT; CONFIMPRENDITORI; UNICA; CISAL Terziario; CISAL";"26/07/2024";"01/07/2024";"";"30/06/2027";"SERVIZI ASSISTENZIALI E SOCIO SANITARI"
"Verbale di accordo per adeguamento economico relativo al CCNL per il personale non imbarcato dipendente da cooperative esercenti attività di pesca marittima, di maricoltura, acquacoltura e vallicoltura";"Accordo economico";"Alimentaristi - Agroindustriale";"ACGI AGRITAL; CONFCOOPERATIVE FEDAGRIPESCA; LEGACOOP Agroalimentare; FAI CISL; FLAI CGIL; UILAPESCA";"28/06/2024";"01/01/2024";"";"31/12/2025";"PESCA: Cooperative"
"CCNL Multiservizi";"Testo definitivo";"Aziende di Servizi";"LEGA IMPRESA; ONSIP; FILAP";"14/06/2024";"01/07/2024";"";"23/06/2026";"MULTISERVIZI (LEGA IMPRESA)"
"CCNL Commercio";"Testo definitivo";"Commercio";"IMPRESE ITALIA; FICOMEST; UGL TERZIARIO";"05/07/2024";"01/09/2024";"";"30/08/2027";"COMMERCIO (IMPRESE ITALIA)"
"Protocollo di sottoscrizione dell'accordo di rinnovo del 28 marzo 2023 del CCNL Lavanderie industriali e centrali di sterilizzazione ed imprese del sistema industriale integrato di servizi tessili e medici affini";"Accordo di rinnovo";"Tessili";"ASSOSISTEMA CONFINDUSTRIA; UGL CHIMICI/TESSILI";"11/04/2023";"01/01/2023";"";"31/12/2025";"LAVANDERIE, TINTORIE ... : Industrie"
"CCNL impiegati amministrativi Agenzie Generali di Generali Italia SpA";"Testo definitivo";"Credito Assicurazioni";"ANAGINA; FIRST CISL; FISAC CGIL; FNA; UILCA";"10/07/2024";"10/07/2024";"";"31/03/2025";"ASSICURAZIONI: Agenzie Generali (Dipendenti)"
"Accordo di rinnovo del CCNL 30 settembre 2013 per i dirigenti di azienda dipendenti da imprese cooperative";"Accordo di rinnovo";"Altri Vari";"LEGACOOP; AGCI; CGIL; CISL; UIL; Coordinamento Nazionale CGIL-CISL-UIL dei Dirigenti di Azienda delle Imprese Cooperative";"12/07/2024";"01/01/2024";"";"31/12/2026";"DIRIGENTI: Cooperative"
"Ipotesi di accordo per il rinnovo del CCNL per i dipendenti da aziende del settore TURISMO";"Accordo di rinnovo";"Commercio";"FEDERALBERGHI; FAITA FEDERCAMPING; CONFCOMMERCIO IMPRESE PER L'ITALIA; FILCAMS CGIL; FISASCAT CISL; UILTUCS UIL";"05/07/2024";"01/07/2024";"";"31/12/2027";"TURISMO (AZIENDE CONFCOMMERCIO)"
"Ipotesi di accordo per il rinnovo del CCNL Area Tessile-Moda e Chimica-Ceramica";"Accordo di rinnovo";"Altri Vari";"CNA Federmoda; CNA Produzione; CNA Artistico e Tradizionale; CNA Servizi alla comunità; CONFARTIGIANATO Moda; CONFARTIGIANATO Chimica; CONFARTIGIANATO Ceramica; CASARTIGIANI; CLAAI; FILCTEM CGIL; FEMCA CISL; UILTEC UIL";"16/07/2024";"01/01/2023";"";"31/12/2026";"Area TESSILE MODA e CHIMICA CERAMICA (Artigiane)"
"Verbale integrativo dell'Ipotesi di accordo per il rinnovo del CCNL Area Tessile-Moda e Chimica-Ceramica del 16 luglio 2024";"Verbale integrativo";"Altri Vari";"CONFARTIGIANATO Moda; CONFARTIGIANATO Chimica; CONFARTIGIANATO Ceramica; CNA Federmoda; CNA Produzione; CNA Artistico e Tradizionale; CNA Servizi alla comunità; CASARTIGIANI; CLAAI; FILCTEM CGIL; FEMCA CISL; UILTEC UIL";"22/07/2024";"";"";"";"Area TESSILE MODA e CHIMICA CERAMICA (Artigiane)"
"Ipotesi di accordo di rinnovo del CCNL per i lavoratori addetti all'industria delle calzature";"Accordo di rinnovo";"Tessili";"ASSOCALZATURIFICI; FILCTEM CGIL; FEMCA CISL; UILTEC UIL";"17/07/2024";"01/01/2024";"";"31/12/2026";"CALZATURE: Industrie"
"Verbale di accordo per il rinnovo del CCNL per i dipendenti di cooperative e consorzi agricoli";"Accordo di rinnovo";"Agricoltura";"AGCI AGRITAL; CONFCOOPERATIVE FEDAGRIPESCA; LEGACOOP AGROALIMENTARE; FLAI CGIL; FAI CISL; UILA UIL";"19/07/2024";"01/01/2024";"";"31/12/2027";"AGRICOLTURA: Cooperative e Consorzi Agricoli"
"CCNL per gli Stuntman impiegati nella produzione di filmati e prodotti audiovisivi dipendenti da case di produzione cineaudiovisiva e multimediale";"Testo definitivo";"Poligrafici e Spettacolo";"ANICA; APA; APE; SLC CGIL; FISTEL CISL; UILCOM UIL";"12/07/2024";"31/10/2024";"";"31/10/2027";"CINEAUDIOVISIVO: Stuntman"
"Ipotesi di Accordo per il rinnovo del CCNL per i dipendenti da Aziende del Settore Turismo (Codice Cnel H058)";"Accordo di rinnovo";"Commercio";"FIEPET; FIBA; ASSOHOTEL; ASSOCAMPING; ASSOVIAGGI; ASSOTURISMO CONFESERCENTI; FILCAMS CGIL; FISASCAT CISL; UILTUCS UIL";"22/07/2024";"01/07/2024";"";"31/12/2027";"TURISMO (AZIENDE CONFESERCENTI)"
"Ipotesi di accordo per il rinnovo del CCNL 26/11/2020 per gli addetti all'industria delle piastrelle di ceramica, dei materiali refrattari, ceramica sanitaria, di porcellane e ceramiche per uso domestico e ornamentale, di ceramica tecnica, di tubi in gres";"Accordo di rinnovo";"Chimici";"CONFINDUSTRIA CERAMICA; FILCTEM CGIL; FEMCA CISL; UILTEC UIL";"22/07/2024";"";"";"30/06/2027";"PIASTRELLE E REFRATTARI: Industrie"
"Ipotesi di rinnovo del CCNL per il personale non dirigente di Poste Italiane";"Accordo di rinnovo";"Aziende di Servizi";"POSTE ITALIANE SPA; SLP CISL; SLC CGIL; UILPOSTE; CONFSAL COMUNICAZIONI; FAILP CISAL; FNC UGL COMUNICAZIONI";"23/07/2024";"";"";"31/12/2027";"ENTE POSTE ITALIANE (Poste Italiane spa)"
"CCNL Area Alimentazione-Panificazione - Verbale di accordo integrativo";"Verbale integrativo";"Alimentaristi - Agroindustriale";"CNA Agroalimentare; CONFARTIGIANATO Alimentazione; CASARTIGIANI; CLAAI; FLAI CGIL; FAI CISL; UILA UIL";"12/07/2024";"";"";"";"ALIMENTARISTI: Artigiane"
"CCNL Area Alimentazione-Panificazione del 6 giugno 2024 - Verbale di accordo economico - Lavoratori dipendenti di imprese che somministrano alimenti e pasti prodotti per la clientela in attività di ristorazione di cui all'art. 43";"Accordo economico";"Alimentaristi - Agroindustriale";"CNA Agroalimentare; CONFARTIGIANATO Alimentazione; CASARTIGIANI; CLAAI; FLAI CGIL; FAI CISL; UILA UIL";"26/07/2024";"";"";"";"ALIMENTARISTI: Artigiane"
"Ipotesi di Accordo per il rinnovo del CCNL per i dipendenti da Aziende del Settore Turismo";"Accordo di rinnovo";"Commercio";"FIEPET; FIBA; ASSOHOTEL; ASSOCAMPING; ASSOVIAGGI; ASSOTURISMO CONFESERCENTI; UGL TERZIARIO; UGL (stipula su tavolo separato)";"22/07/2024";"01/07/2024";"";"31/12/2027";"TURISMO (AZIENDE CONFESERCENTI)"
"CCNL studi professionali degli odontoiatri medici dentisti e strutture sanitarie odontoiatriche";"Testo definitivo";"Commercio";"AIO; UNAPRI (confederata UNILAVORO PMI); CIU UNIONQUADRI; Sindacato CLAS; FIRAS SPP (confederata UGL)";"25/07/2024";"26/07/2024";"";"26/07/2027";"Studi Professionali degli Odontoiatri Medici Dentisti e Strutture Sanitarie Odontoiatriche"
"Ipotesi di accordo di rinnovo del CCNL per i dipendenti delle imprese di Viaggi e Turismo";"Accordo di rinnovo";"Commercio";"FIAVET; CONFCOMMERCIO IMPRESE PER L'ITALIA; FILCAMS CGIL; FISASCAT CISL; UILTUCS UIL";"26/07/2024";"01/07/2024";"";"31/12/2027";"VIAGGI E TURISMO (FIAVET)"
"CCNL 18 luglio 2023 per i dipendenti da imprese esercenti attività di gestione delle infrastutture viarie a pedaggio, delle attività e dei servizi connessi a supporto dei sistemi di viabilità integrata";"Testo definitivo";"Trasporti";"FEDERRETI; FISE ACAP; FILT CGIL; FIT CISL; UILTRASPORTI; SLA CISAL; UGL Viabilità e Logistica";"05/07/2024";"01/07/2022";"";"30/06/2025";"AUTOSTRADE E TRAFORI (Societa' e Consorzi Concessionari)"
"CCNL 31 maggio 2023 per i dirigenti delle imprese di logistica, magazzini generali, terminal operators portuali, interportuali ed aeroportuali";"Testo definitivo";"Trasporti";"ASSOLOGISTICA; MANAGERITALIA";"24/07/2024";"01/01/2022";"";"31/12/2025";"MAGAZZINI GENERALI: Dirigenti"
"Accordo per il rinnovo delle norme relative all'assistenza sanitaria integrativa del CCNL 30 settembre 2013 per i dirigenti di azienda dipendenti da imprese cooperative";"Verbale integrativo";"Altri Vari";"LEGACOOP; AGCI; CGIL; CISL; UIL; Coordinamento Nazionale CGIL-CISL-UIL dei Dirigenti di Azienda delle Imprese Cooperative";"29/10/2015";"29/10/2015";"";"31/12/2018";"DIRIGENTI: Cooperative"
"Accordo per il rinnovo delle norme relative all'assistenza sanitaria integrativa del CCNL 30 settembre 2013 così come modificate dall'accordo del 29 ottobre 2015 per i dirigenti di azienda dipendenti da imprese cooperative";"Verbale integrativo";"Altri Vari";"LEGACOOP; AGCI; CGIL; CISL; UIL; Coordinamento Nazionale CGIL-CISL-UIL dei Dirigenti di Azienda delle Imprese Cooperative";"24/09/2019";"24/09/2019";"";"31/12/2021";"DIRIGENTI: Cooperative"
"Accordo per il rinnovo delle norme relative all'assistenza sanitaria integrativa del CCNL 30 settembre 2013 così come modificate dall'accordo del 29 ottobre 2015 e dall'accordo del 24 settembre 2019 per i dirigenti di azienda dipendenti da imprese cooperative";"Verbale integrativo";"Altri Vari";"LEGACOOP; AGCI; CGIL; CISL; UIL; Coordinamento Nazionale CGIL-CISL-UIL dei Dirigenti di Azienda delle Imprese Cooperative";"07/11/2022";"07/11/2022";"";"31/12/2024";"DIRIGENTI: Cooperative"
"Verbale di Accordo in materia di adeguamento dei minimi contrattuali, indennità di trasferta e indennità di reperibilità";"Accordo economico";"Meccanici";"UNIONMECCANICA CONFAPI; FIM CISL; FIOM CGIL; UILM UIL";"11/06/2024";"01/06/2024";"";"";"METALMECCANICA: P.M.I."
"Verbale di incontro per la definizione degli incrementi retributivi e dei nuovi minimi mensili";"Accordo economico";"Meccanici";"CONFINDUSTRIA FEDERORAFI; FIM CISL; FIOM CGIL; UILM UIL";"17/06/2024";"01/06/2024";"";"";"ORAFI, ARGENTIERI: Industrie"
"CCNL del personale dell'Area Istruzione e Ricerca - triennio 2019-2021";"Testo definitivo";"Amministrazione Pubblica";"ARAN; ANP; CIDA; FLC CGIL; CGIL; CISL FSUR; CISL; UIL SCUOLA RUA; UIL; DIRIGENTI SCUOLA DISCONF; CODIRP; SNALS CONFSAL; CONFSAL";"07/08/2024";"01/01/2019";"";"31/12/2021";"AREA ISTRUZIONE E RICERCA: Dirigenti"
"Accordo Collettivo Nazionale per la disciplina dei rapporti con i medici di medicina generale ai sensi dell'art.8 del D. Lgs. n. 502 del 1992 e successive modificazioni e integrazioni - triennio 2019-2021";"Testo definitivo";"Amministrazione Pubblica";"SISAC; FIMMG; SNAMI; SMI; FMT (ammesso con riserva); CISL MEDICI (ammesso con riserva)";"08/02/2024";"01/01/2019";"";"31/12/2021";"SANITA': Medici di Medicina Generale"
"Accordo Collettivo Nazionale per la disciplina dei rapporti con i medici pediatri di libera scelta ai sensi dell'art.8 del D. Lgs.n. 502 del 1992 e succ. modificazioni e integrazioni - triennio 2019-2021";"Testo definitivo";"Amministrazione Pubblica";"SISAC; FIMP; SIMPEF; CIPE-SISPE-SINSPE";"21/05/2024";"01/01/2019";"";"31/12/2021";"SANITA': Medici Pediatri"
"ACN per la disciplina dei rapporti con gli specialisti ambulatoriali interni, veterinari ed altre professionalità sanitarie (biologi, chimici, psicologi) ambulatoriali ai sensi dell'art.8 del D. Lgs. n. 502 del 1992 e succ. modificazioni e integrazioni - triennio 2019-2021";"Testo definitivo";"Amministrazione Pubblica";"SISAC; SUMAI; CISL MEDICI; UIL FPL; FESPA";"07/02/2024";"01/01/2019";"";"31/12/2021";"SANITA': Medici specialisti ambulatoriali, veterinari ed altre professionalità"
"Rinnovo del CCNL per i dipendenti da Aziende di Commercio, Grande distribuzione e Retail Marketing";"Testo definitivo";"Commercio";"FEDERDAT; UNSIC; UNSICOOP; AEP; CIU UNIONQUADRI; FLAITS; CONSIL; CONFIAL";"23/07/2024";"01/08/2024";"";"31/07/2027";"COMMERCIO, GRANDE DISTRIBUZIONE E RETAIL MARKETING"
"CCNL Turismo, Pubblici Esercizi, Ristorazione Collettiva e Commerciale, Alberghi";"Testo definitivo";"Commercio";"CONFLAVORO PMI; FESICA CONFSAL; CONFSAL";"18/06/2024";"01/06/2024";"";"31/05/2027";"TURISMO, PUBBLICI ESERCIZI, RISORAZIONE COLLETTIVA E COMMERCIALE, ALBERGHI (CONFLAVORO PMI - CONFSAL)"
"CCNL Acconciatura, Estetica, Tricologia non curativa, Tatuaggio, Piercing e Centri Benessere";"Testo definitivo";"Commercio";"CONFLAVORO PMI; FESICA CONFSAL; CONFSAL";"20/06/2024";"01/06/2024";"";"31/05/2027";"Acconciatura, Estetica, Tricologia non curativa, Tatuaggio, Piercing e Centri Benessere"
"CCNL addetti all'industria metalmeccanica privata e alla installazione impianti";"Testo definitivo";"Meccanici";"CONFLAVORO PMI; FESICA CONFSAL; CONFSAL";"20/06/2024";"01/06/2024";"";"31/05/2027";"METALMECCANICA: Industria (CONFLAVORO PMI)"
"Accordo integrativo e modificativo del CCNL per gli addetti alla Piccola e Media Industria Metalmeccanica, Orafa e alla Installazione Impianti del 25/01/2023";"Verbale integrativo";"Meccanici";"CONFLAVORO PMI; FESICA CONFSAL; CONFSAL";"17/06/2024";"01/06/2024";"";"";"METALMECCANICA: P.M.I. (CONFLAVORO PMI)"
"CCNL per i dipendenti delle aziende, i soci lavoratori e i dipendenti delle cooperative e loro consorzi che svolgono attività stagionale del settore turistico";"Testo definitivo";"Commercio";"COOPERATIVE ITALIANE; ANEAS; ATECA; FIADEL SP";"02/07/2024";"01/07/2024";"";"01/07/2027";"TURISMO: Cooperative e Consorzi (Attività Stagionale)"
"Ipotesi di accordo per il rinnovo del CCNL Unionchimica Confapi per i lavoratori della piccola e media industria dei settori della chimica, concia e settori accorpati, plastica e gomma, abrasivi, ceramica e vetro";"Accordo di rinnovo";"Chimici";"UNIONCHIMICA CONFAPI; FILCTEM CGIL; FEMCA CISL; UILTEC UIL";"05/12/2023";"01/01/2023";"";"31/12/2025";"CHIMICA E AFFINI (Piccola e Media Impresa)"
"Ipotesi di verbale di accordo per la definizione della parte economica relativa all'anno 2023 e per l'avvio del rinnovo del CCNL per i lavoratori della piccola e media industria del legno, del sughero, del mobile e dell'arredamento e per le industrie boschive e forestali, scaduto il 28 febbraio 2023";"Accordo economico";"Edilizia";"CONFAPI; UNITAL CONFAPI; FENEAL UIL; FILCA CISL; FILLEA CGIL";"15/11/2023";"01/01/2023";"";"31/12/2023";"LEGNO, ARREDAMENTO: P.M.I."
"CCNL per i dipendenti dalle aziende del terziario, commercio, pubblici esercizi e turismo - testo coordinato con le modifiche introdotte dall'accordo integrativo del 4/7/2024";"Testo definitivo";"Commercio";"UNILAVORO PMI; CONFSAL FISALS";"04/07/2024";"05/07/2024";"";"15/05/2029";"TERZIARIO, COMMERCIO, PUBBLICI ESERCIZI E TURISMO (UNILAVORO PMI)"
"CCNL per gli addetti all'industria Metalmeccanica privata e alla installazione impianti";"Testo definitivo";"Meccanici";"ADLI; FITESC; CIU UNIONQUADRI";"03/07/2024";"03/07/2024";"";"02/07/2027";"METALMECCANICA: Industria (ADLI)"
"CCNL dei settori Commercio, Terziario, Distribuzione e Servizi";"Testo definitivo";"Commercio";"ADLI; FITESC; CIU UNIONQUADRI";"01/07/2024";"01/07/2024";"";"30/06/2027";"COMMERCIO, TERZIARIO, DISTRIBUZIONE E SERVIZI (ADLI)"
"Ipotesi di accordo per il rinnovo del CCNL 26/11/2020 per gli addetti all'industria delle piastrelle di ceramica, dei materiali refrattari, ceramica sanitaria, di porcellane e ceramiche per uso domestico e ornamentale, di ceramica tecnica, di tubi in gres";"Accordo di rinnovo";"Chimici";"CONFINDUSTRIA CERAMICA; UGL CHIMICI; FIALC CISAL; FESICA CONFSAL";"22/07/2024";"";"";"30/06/2027";"PIASTRELLE E REFRATTARI: Industrie"
"Accordo di adesione al CCNL 5 febbraio 2021 per l'industria metalmeccanica e della installazione di impianti";"Accordo di rinnovo";"Meccanici";"FEDERMECCANICA; ASSISTAL; CISAL METALMECCANICI (per adesione)";"22/12/2021";"22/12/2021";"";"30/06/2024";"METALMECCANICA: Industrie"
"CCNL per i collaboratori coordinati e continuativi delle società e associazioni sportive dilettantistiche";"Testo definitivo";"Altri Vari";"ANIF; CISAL TERZIARIO; CISAL";"28/07/2021";"01/09/2021";"";"31/08/2023";"COLLABORAZIONI Coordinate e Continuative delle Società e Associazioni Sportive Dilettantistiche"
"CCNL per il personale medici dirigente di strutture sanitarie, socio sanitarie e socio assistenziali di diritto privato";"Testo definitivo";"Enti e Istituzioni Private";"CONAPI; CONFINTESA; CONFINTESA SANITA'; FISAP CONAPI";"25/07/2024";"25/07/2024";"";"31/12/2026";"STRUTTURE SANITARIE, SOCIO SANITARIE E SOCIO ASSISTENZIALI DI DIRITTO PRIVATO: personale medico dirigente"
"CCNL Aziende Artigiane operanti nel settore Pulizie e Servizi";"Testo definitivo";"Aziende di Servizi";"CONFLAVORO PMI; FESICA CONFSAL; CONFSAL";"26/07/2024";"01/08/2024";"";"31/07/2027";"PULIZIE e Servizi: Aziende Artigiane (CONFLAVORO PMI)"
"CCNL aziende artigiane e non artigiane con meno di 15 dipendenti - Settori: Alimentari, Pasticcerie, Panificazione, Vini, Pastifici ed Affini";"Testo definitivo";"Alimentaristi - Agroindustriale";"CONFLAVORO PMI; FESICA CONFSAL; CONFSAL";"26/07/2024";"01/08/2024";"";"31/07/2027";"ALIMENTARISTI: Aziende artigiane e non con meno di 15 dipendenti (CONFLAVORO PMI)"
"Accordo di rinnovo del CCNL per i dipendenti del terziario: commercio, distribuzione e servizi";"Accordo di rinnovo";"Commercio";"SISTEMA IMPRESA; AIFOS; FESICA CONFSAL; CONFSAL";"02/09/2024";"01/05/2023";"";"31/03/2027";"DIPENDENTI DEL TERZIARIO: COMMERCIO, DISTRIBUZIONE E SERVIZI (SCI-CONFSAL)"
"Decreto del Presidente della Repubblica 21 ottobre 2022, n. 195 – Recepimento dell’accordo sindacale per il personale della carriera diplomatica, relativamente al servizio prestato in Italia, ai sensi dell'articolo 112 del decreto del Presidente della Repubblica 5 gennaio 1967, n. 18, per il triennio normativo ed economico 2019-2021";"Testo definitivo";"Amministrazione Pubblica";"DELEGAZIONE DI PARTE PUBBLICA; SNDMAE";"21/10/2022";"01/01/2019";"";"31/12/2021";"CARRIERA DIPLOMATICA"
"Decreto del Presidente della Repubblica 17 maggio 2022, n.70 - Recepimento dell'accordo sindacale per il triennio 2019-2021 per il personale della carriera prefettizia";"Testo definitivo";"Amministrazione Pubblica";"DELEGAZIONE DI PARTE PUBBLICA; SINPREF; SNADIP CISAL";"17/05/2022";"01/01/2019";"";"31/12/2021";"CARRIERA PREFETTIZIA"
"CCNL per gli agenti in attività finanziaria, mediatori dei crediti e loro collaboratori nonché dipendenti";"Testo definitivo";"Credito Assicurazioni";"FENAFI ITALIA; COSAP ITALIA; FIL; CIU UNIONQUADRI";"11/07/2024";"01/03/2024";"";"28/02/2027";"AGENTI IN ATTIVITA' FINANZIARIA, IMMOBILIARI PROFESSIONALE, MANDATARI A TITOLO ONEROSO, MEDIATORI DEI CREDITI"
"CCNL per i dipendenti delle Piccole e Medie Imprese Edili artigiane Industriali e Affini";"Testo definitivo";"Edilizia";"CONFIMPRENDITORI; OSSERVATORIO DEL MERCATO DEL LAVORO; UNSI";"06/09/2024";"01/10/2024";"";"30/09/2027";"EDILI: PMI artigiane industriali e affini (CONFIMPRENDITORI - UNSI)"
"CCNL per i dipendenti dei servizi della cultura, del turismo, dello sport e del tempo libero";"Testo definitivo";"Enti e Istituzioni Private";"FEDERCULTURE; FP CGIL; CISL FP; UIL FPL; UIL PA";"28/12/2022";"01/01/2019";"";"31/12/2021";"FEDERCULTURE: Dipendenti"
"CCNL per i dipendenti dei servizi della cultura, del turismo, dello sport e del tempo libero";"Testo definitivo";"Enti e Istituzioni Private";"FEDERCULTURE; UGL TERZIARIO";"28/12/2022";"01/01/2019";"";"31/12/2021";"FEDERCULTURE: Dipendenti"
"CCNL per i dipendenti dei servizi della cultura, del turismo, dello sport e del tempo libero";"Testo definitivo";"Enti e Istituzioni Private";"FEDERCULTURE; FESICA CONFSAL";"20/02/2023";"01/01/2019";"";"31/12/2021";"FEDERCULTURE: Dipendenti"
"CCNL Faconisti per i lavoratori dipendenti delle aziende che operano nel settore tessile e calzaturiero che effettuano lavori per conto di terzi committenti";"Testo definitivo";"Tessili";"AIS; CONFIMPRENDITORI; FEDERCASA; FORMA IMPRESA; OSSERVATORIO DEL MERCATO DEL LAVORO; CIU SUL";"01/08/2024";"01/08/2024";"";"31/07/2029";"FACONISTI: settore Tessile e Calzaturiero"
"CCNL Ortofrutticoli e Agrumari";"Testo definitivo";"Commercio";"AIFOS; ASSOESERCENTI; CONFIMPRESEITALIA; ITALPMI; UNCI; VALITALIA PMI; FESICA CONFSAL; CONFSAL PESCA E AGROALIMENTARE; CONFSAL";"24/07/2024";"01/08/2024";"";"31/07/2027";"ORTOFRUTTICOLI E AGRUMARI"
"CCNL Ortofrutticoli e Agrumari";"Testo definitivo";"Commercio";"AICAST IMPRESE ITALIA; ASSIMPRESEITALIA NAZIONALE; FESICA CONFSAL; CONFSAL PESCA E AGROALIMENTARE; CONFSAL";"24/07/2024";"01/08/2024";"";"31/07/2027";"ORTOFRUTTICOLI E AGRUMARI"
"CCNL per i lavoratori dipendenti delle imprese esercenti attività nel comparto dell'agricoltura e del florovivaismo";"Testo definitivo";"Agricoltura";"UNSIC; FNA CONFSAL; CONFSAL";"19/09/2024";"01/09/2024";"";"31/08/2028";"AGRICOLTURA E FLOROVIVAISMO (UNSIC)"
"CCNL per i dipendenti degli studi e delle attività professionali";"Testo definitivo";"Commercio";"CONFPROFESSIONI; FILCAMS CGIL; FISASCAT CISL; UILTUCS UIL";"16/02/2024";"16/02/2024";"";"15/02/2027";"STUDI Professionali"
"CCNL per i lavoratori ed impiegati delle imprese operanti nel settore dei servizi di pulizia, multiservizi e attività affini";"Testo definitivo";"Aziende di Servizi";"ANEAS; ATECA; ASSO PRO; FIADEL SP";"29/07/2024";"30/07/2024";"";"30/07/2027";"PULIZIE: Imprese del settore pulizia, multiservizi e attività affini (ATECA)"
"Accordo integrativo del CCNL per i dipendenti delle imprese commerciali e dei servizi";"Verbale integrativo";"Commercio";"AICAST; ASSIMPRESE ITALIA; ATECA; ANEAS; ASSO PRO; FIADEL SP";"03/09/2024";"";"";"";"COMMERCIO E SERVIZI (ATECA)"
"CCNL Intersettoriale per il comparto Manifatturiero";"Testo definitivo";"Altri Vari";"CONFIMI INDUSTRIA; CONFSAL; CONFSAL FEDERLAVORATORI";"21/03/2024";"01/09/2024";"";"31/08/2027";"INTERSETTORIALE Comparto Manifatturiero"
"CCNL per i dipendenti delle piccole e medie imprese edili artigiane industriali e affini";"Testo definitivo";"Edilizia";"CONFIMPRENDITORI; USIL";"27/09/2024";"01/11/2024";"";"31/10/2027";"EDILI: PMI artigiane industriali e affini - CONFIMPRENDITORI"
"Accordo integrativo e modificativo del CCNL Metalmeccanico Artigianato del 10/01/2024";"Verbale integrativo";"Meccanici";"CONFLAVORO PMI; FESICA CONFSAL; CONFSAL";"09/09/2024";"01/09/2024";"";"";"METALMECCANICA: Artigiane (CONFLAVORO PMI)"
"Protocollo d'intesa sulla modifica del Titolo XVIII del CCNL per i Dipendenti di Aziende esercenti lavorazioni conto terzi a facon operanti in regime di subfornitura";"Verbale integrativo";"Altri Vari";"LAIF; ANPIT; CISAL TERZIARIO; CISAL";"03/10/2024";"03/10/2024";"";"";"Dipendenti da Aziende esercenti LAVORAZIONI CONTO TERZI A FACON"
"Ipotesi di accordo di rinnovo del CCNL per i lavoratori dipendenti delle imprese di Commercio, Terziario, Distribuzione, Servizi, Pubblici Esercizi e Turismo";"Accordo di rinnovo";"Commercio";"ANAP; SELP; SLE";"04/10/2024";"15/10/2024";"";"14/10/2027";"INTERSETTORIALE: Commercio, Terziario, Distribuzione, Servizi, Pubblici Esercizi e Turismo (SELP-ANAP-ALIM)"
"CCNL per i dipendenti di aziende che operano nel settore Commerciale e dei Servizi, Terziario e Turismo";"Testo definitivo";"Commercio";"CONFIMPRENDITORI; USIL";"04/10/2024";"01/11/2024";"";"31/10/2027";"Settore COMMERCIALE e dei SERVIZI, TERZIARIO e TURISMO"
"Verbale di accordo per la definizione dei minimi tabellari relativi all'anno 2024";"Accordo economico";"Edilizia";"UNITAL CONFAPI; FENEAL UIL; FILCA CISL; FILLEA CGIL";"09/04/2024";"01/03/2024";"";"";"LEGNO, ARREDAMENTO: P.M.I."
"CCNL per il personale direttivo, docente, amministrativo, tecnico ed ausiliario occupato negli Istituti aderenti all'AGIDAE";"Testo definitivo";"Enti e Istituzioni Private";"AGIDAE; FLC CGIL; CISL SCUOLA; UIL SCUOLA RUA; SNALS CONFSAL; SINASCA";"03/07/2024";"01/01/2024";"31/12/2025";"31/12/2027";"SCUOLE PRIVATE (Istituti Ecclesiastici - AGIDAE)"
"Verifica scostamenti inflazione prevista per il rinnovo del CCNL 13 giugno 2022 per gli addetti all'industria chimica, chimico-farmaceutica, delle fibre chimiche e dei settori abrasivi, lubrificanti e gpl";"Accordo economico";"Chimici";"FEDERCHIMICA; FARMINDUSTRIA; FILCTEM CGIL; FEMCA CISL; UILTEC UIL";"28/06/2024";"";"";"";"CHIMICO FARMACEUTICA e AFFINI: Industrie"
"Verifica scostamenti inflazione prevista per il rinnovo del CCNL 13 giugno 2022 per gli addetti all'industria chimica, chimico-farmaceutica, delle fibre chimiche e dei settori abrasivi, lubrificanti e gpl";"Accordo economico";"Chimici";"FEDERCHIMICA; FARMINDUSTRIA; UGL CHIMICI; FAILC CONFAIL; FIALC CISAL";"28/06/2024";"";"";"";"CHIMICO FARMACEUTICA e AFFINI: Industrie"
"Ipotesi di Accordo per il rinnovo del CCNL Grafici Editori";"Accordo di rinnovo";"Poligrafici e Spettacolo";"ASSOGRAFICI; AIE; ANES; UGL";"19/12/2023";"01/01/2024";"";"31/12/2026";"EDITORIA E GRAFICA: Industrie"
"Verbale di incontro per l'adeguamento dei minimi tabellari";"Accordo economico";"Meccanici";"FEDERMECCANICA; ASSISTAL; FIM CISL; FIOM CGIL; UILM UIL";"11/06/2024";"01/06/2024";"";"";"METALMECCANICA: Industrie"
"Verbale di accordo di adeguamento della parte economica del CCNL per gli addetti delle micro, piccole e medie imprese del 02 agosto 2019";"Accordo economico";"Altri Vari";"FOR ITALY; CIU";"01/10/2024";"01/11/2024";"";"";"Micro, Piccole e Medie Imprese (FOR.ITALY - CIU)"
"Verbale di accordo di adeguamento contrattuale della parte economica del CCNL per gli addetti delle imprese del settore TERZIARIO del 20 aprile 2017";"Accordo economico";"Commercio";"FOR ITALY; FAMAR";"01/10/2024";"01/11/2024";"";"";"TERZIARIO (FOR.ITALY-FAMAR)"
"Verbale di accordo di adeguamento contrattuale della parte economica del CCNL per gli addetti delle imprese del settore Trasporto, Spedizioni, Logistica e attività affini del 30 dicembre 2016";"Accordo economico";"Trasporti";"FOR ITALY; FAMAR";"01/10/2024";"01/11/2024";"";"";"TRASPORTO, SPEDIZIONI, LOGISTICA E ATTIVITA' AFFINI (FOR ITALY - FAMAR)"
"Ipotesi di accordo di rinnovo del CCNL per i dipendenti delle micro, piccole e medie imprese del settore terziario, commercio e servizi";"Accordo di rinnovo";"Commercio";"COSFIMP; UGL TERZIARIO";"23/10/2024";"01/01/2025";"";"31/12/2027";"TERZIARIO, COMMERCIO E SERVIZI: micro, piccole e medie imprese del settore (COSFIMP-UGL)"
"Protocollo di accordo integrativo al CCNL per i dipendenti dell'artigianato e delle società cooperative del settore edile, costruzioni, restauro e affini";"Verbale integrativo";"Edilizia";"UNILAVORO PMI; CONFSAL FISALS";"16/01/2024";"17/01/2024";"";"30/09/2027";"EDILI, COSTRUZIONI, RESTAURO E AFFINI: artigianato e cooperative"
"Protocollo di accordo integrativo e di rinnovo al CCNL per il personale non medico delle strutture e cooperative socio sanitarie e assistenziali";"Accordo di rinnovo";"Enti e Istituzioni Private";"UNILAVORO PMI; CONFSAL FISALS";"15/01/2024";"16/01/2024";"";"15/01/2029";"STRUTTURE E COOPERATIVE SOCIO SANITARIE E ASSISTENZIALI: Personale non medico"
"CCNL per Interpreti, Attrici ed Attori del comparto di produzione del cineaudiovisivo";"Testo definitivo";"Poligrafici e Spettacolo";"CONFARTIGIANATO Cinema e Audiovisivo; CONFARTIGIANATO; CNA Cinema e Audiovisivo; CNA; CASARTIGIANI; CLAAI; SLC CGIL; FISTEL CISL; UILCOM UIL";"28/10/2024";"01/11/2024";"";"31/03/2027";"CINEAUDIOVISIVO: Interpreti, Attrici ed Attori (Artigiani)"
"CCNL per gli Stuntman impiegati nella produzione di filmati e prodotti audiovisivi dipendenti da case di produzione cineaudiovisiva e multimediale";"Testo definitivo";"Poligrafici e Spettacolo";"CONFARTIGIANATO Cinema e Audiovisivo; CONFARTIGIANATO; CNA Cinema e Audiovisivo; CNA; CASARTIGIANI; CLAAI; SLC CGIL; FISTEL CISL; UILCOM UIL";"28/10/2024";"01/11/2024";"";"31/10/2027";"CINEAUDIOVISIVO: Stuntman (Artigiani)"
"Accordo integrativo al CCNL del Terziario, Distribuzione e Servizi del 22 marzo 2024 sui profili formativi e le nuove figure professionali per l'assunzione con contratto di apprendistato";"Verbale integrativo";"Commercio";"CONFCOMMERCIO IMPRESE PER L'ITALIA; FILCAMS CGIL; FISASCAT CISL; UILTUCS UIL";"31/10/2024";"01/11/2024";"";"";"COMMERCIO E SERVIZI"
"CCNL per i dipendenti da aziende esercenti attività del settore e per i dipendenti e soci lavoratori da cooperative esercenti attività di Metalmeccanica";"Testo definitivo";"Meccanici";"FEDERIMPRENDITORI; MILIX; FAMAR CIU UNIONQUADRI";"30/10/2024";"01/11/2024";"";"31/12/2028";"METALMECCANICA"
"CCNL per i dipendenti delle imprese, condotte in forma singola, societaria o, comunque associata che svolgono attività agricole, nonché affini e connesse - comprese le aziende florovivaistiche - e gli operai agricoli da esse dipendenti";"Testo definitivo";"Agricoltura";"UNIMPRESA; UNIAP; UNIMPRESA Agricoltura; ASSIDAL; CONFAIL; FENALT CONFAIL";"30/10/2024";"01/11/2024";"";"31/10/2027";"ATTIVITA' AGRICOLE (UNIMPRESA - CONFAIL)"
"CCNL per i dipendenti ed i soci lavoratori delle Associazioni Onlus, di volontariato, sportive, ricreative, culturali, sanitarie, assistenziali, ambientali, o comunque costituite sotto qualsiasi ragione o settore; per i lavoratori dipendenti non associati e non assoggettati a CCNL specifici di settore e per i soci lavoratori che instaurano un rapporto di lavoro dipendente";"Testo definitivo";"Enti e Istituzioni Private";"UNIMPRESA; UNIAP; UNIMPRESA Opere Sociali; ASSIDAL; CONFAIL; CIU UNIONQUADRI";"30/10/2024";"01/11/2024";"";"31/10/2027";"ASSOCIAZIONI ONLUS (UNIMPRESA - CONFAIL)"
"Accordo integrativo al CCNL del terziario, distribuzione e servizi del 22 marzo 2024 sui profili formativi e le nuove figure professionali per l'assunzione con contratto di apprendistato";"Verbale integrativo";"Commercio";"CONFESERCENTI; FILCAMS CGIL; FISASCAT CISL; UILTUCS UIL";"04/11/2024";"01/11/2024";"";"";"TERZIARIO, DISTRIBUZIONE E SERVIZI (CONFESERCENTI)"
"CCNL Enti di formazione";"Testo definitivo";"Enti e Istituzioni Private";"ANCORS; CIU UNIONQUADRI";"31/10/2024";"18/11/2024";"";"31/12/2028";"ENTI DI FORMAZIONE PROFESSIONALE (ANCORS)"
"Ipotesi di accordo per il rinnovo del CCNL Area Comunicazione";"Accordo di rinnovo";"Poligrafici e Spettacolo";"CNA COMUNICAZIONE E TERZIARIO AVANZATO; CONFARTIGIANATO COMUNICAZIONE; CASARTIGIANI; CLAAI; SLC CGIL; FISTEL CISL; UILCOM UIL";"18/11/2024";"01/01/2023";"";"31/12/2026";"AREA COMUNICAZIONE - Imprese Artigiane"
"Rinnovo del CCNL delle Fondazioni Lirico Sinfoniche triennio 2019-2021";"Accordo di rinnovo";"Poligrafici e Spettacolo";"ANFOLS (assistita da ARAN); SLC CGIL; FISTEL CISL; UILCOM UIL; FIALS CISAL";"13/11/2024";"01/01/2019";"";"31/12/2021";"ENTI LIRICI"
"Verbale di accordo per il rinnovo del CCNL lavoratori dei porti 2024-2026";"Accordo di rinnovo";"Trasporti";"ASSOPORTI; ASSITERMINAL; ASSOLOGISTICA; FISE UNIPORT; ANCIP (parte uditrice); FILT CGIL; FIT CISL; UILTRASPORTI";"18/11/2024";"01/01/2024";"";"31/12/2026";"PORTUALI: Lavoratori dei Porti"
"Accordo di adesione ai CCNL da valere su tutto il territorio nazionale";"Verbale integrativo";"Commercio";"ANAP; SELP; SLE; ASSOPENSIONATI (per adesione)";"19/11/2024";"19/11/2024";"";"14/10/2027";"INTERSETTORIALE: Commercio, Terziario, Distribuzione, Servizi, Pubblici Esercizi e Turismo (SELP-ANAP-ALIM)"
"Accordo di adesione ai CCNL da valere su tutto il territorio nazionale";"Verbale integrativo";"Agricoltura";"ANAP; SELP; SLE; ASSOPENSIONATI (per adesione)";"19/11/2024";"19/11/2024";"";"28/02/2027";"AGRICOLTURA: Micro, PMI e Cooperative"
"CCNL per i dipendenti da aziende esercenti attività del settore e dipendenti e soci lavoratori da cooperative esercenti attività di Metalmeccanici";"Testo definitivo";"Meccanici";"PMI ITALIA; PMI ITALIA Professioni APIP; NORD INDUSTRIALE; FILA; CSELP; SIA CONFSAL; SELP; FAMAR CIU UNIONQUADRI";"13/11/2024";"15/11/2024";"";"31/12/2028";"METALMECCANICI: Aziende e Cooperative"
"CCNL per gli addetti del settore edile e attività affini";"Testo definitivo";"Edilizia";"PMI ITALIA; PMI ITALIA Professioni APIP; NORD INDUSTRIALE; FILA; CSELP; SIA CONFSAL; SELP; FAMAR CIU UNIONQUADRI";"13/11/2024";"15/11/2024";"";"31/12/2028";"Settore EDILE e attività affini"
"Ipotesi di accordo per il rinnovo del CCNL lavoratori dei porti 2024-2026";"Accordo di rinnovo";"Trasporti";"ASSOPORTI; ASSITERMINAL; ASSOLOGISTICA; FISE UNIPORT; ANCIP (parte uditrice); FILT CGIL; FIT CISL; UILTRASPORTI";"08/10/2024";"01/01/2024";"";"31/12/2026";"PORTUALI: Lavoratori dei Porti"
"Verbale integrativo dell'Ipotesi di accordo per il rinnovo del CCNL Area Meccanica del 19 novembre 2024";"Verbale integrativo";"Meccanici";"CONFARTIGIANATO Autoriparazione; CNA Produzione; CNA Installazione e Impianti; CNA Servizi alla comunità/Autoriparatori; CNA Artistico e tradizionale; CNA Benessere e Sanità SNO; CLAAI; FIOM CGIL; FIM CISL; UILM";"25/11/2024";"";"";"";"MECCANICA, ORAFI ARGENTIERI, ODONTOTECNICI: artigiani"
"Verbale integrativo dell'Ipotesi di accordo per il rinnovo del CCNL Area Comunicazione del 18 novembre 2024";"Verbale integrativo";"Poligrafici e Spettacolo";"CONFARTIGIANATO COMUNICAZIONE; CNA COMUNICAZIONE E TERZIARIO AVANZATO; CASARTIGIANI; CLAAI; SLC CGIL; FISTEL CISL; UILCOM UIL";"25/11/2024";"";"";"";"AREA COMUNICAZIONE - Imprese Artigiane"
"CCNL Servizi di Vigilanza, Investigazioni, Security, Safety e Ausiliari alla Sicurezza";"Testo definitivo";"Commercio";"AISS; FEDERTERZIARIO; PIUSERVIZI; UGL SICUREZZA CIVILE; ANCL (assistenza tecnica)";"26/11/2024";"01/01/2025";"";"31/12/2027";"AGENZIE SICUREZZA SUSSIDIARIA E ISTITUTI INVESTIGATIVI (SECURITY)"
"CCNL per le lavoratrici e i lavoratori addetti alla piccola e media industria metalmeccanica, orafa ed alla installazione di impianti Unionmeccanica Confapi";"Testo definitivo";"Meccanici";"UNIONMECCANICA CONFAPI; CONFAPI; FIM CISL; FIOM CGIL; UILM UIL; UIL";"26/05/2021";"01/06/2021";"";"31/12/2024";"METALMECCANICA: P.M.I."
"CCNL Istituti ed aziende del settore vigilanza privata e servizi fiduciari";"Testo definitivo";"Commercio";"VALITALIA PMI; UNCI; ITALPMI; CONFIMPRESEITALIA; ASSOESERCENTI; AIFOS; FESICA CONFSAL";"21/11/2024";"01/12/2024";"";"30/11/2027";"ISTITUTI ED AZIENDE DEL SETTORE VIGILANZA PRIVATA E SERVIZI FIDUCIARI"
"CCNL Istituti ed aziende del settore vigilanza privata e servizi fiduciari";"Testo definitivo";"Commercio";"AICAST IMPRESE ITALIA; ASSIMPRESEITALIA; FESICA CONFSAL";"21/11/2024";"01/12/2024";"";"30/11/2027";"ISTITUTI ED AZIENDE DEL SETTORE VIGILANZA PRIVATA E SERVIZI FIDUCIARI"
"CCNL per il personale dipendente da Enti, Opere e Istituti Valdesi";"Testo definitivo";"Enti e Istituzioni Private";"TAVOLA VALDESE E DIACONIA VALDESE (CSD); FP CGIL; FP CISL; UIL FPL";"09/04/2024";"01/01/2023";"";"31/12/2025";"ISTITUTI SOCIO-SANITARI-ASSISTENZIALI (VALDESI)"
"CCNL per i dipendenti delle piccole e medie aziende dell'Informatica e dei Servizi Innovativi e della Comunicazione grafiche e affini";"Testo definitivo";"Poligrafici e Spettacolo";"FEDERDAT; UNSIC; UNSICOOP; AEP; CONSIL; FLAITS; CONFIAL; CIU";"04/12/2024";"01/01/2025";"";"31/12/2027";"INFORMATICA E SERVIZI INNOVATIVI E COMUNICAZIONE: PMI"
"CCNL per i lavoratori dipendenti delle imprese artigiane dei settori metalmeccanica, installazione di impianti, orafi, argentieri ed affini, e delle imprese del settore odontotecnica - Testo coordinato con le modifiche introdotte dall'accordo integrativo del 30/11/2024";"Testo definitivo";"Meccanici";"UNILAVORO PMI; CONFSAL FISALS";"30/11/2024";"01/12/2024";"";"14/12/2027";"METALMECCANICA, INSTALLAZIONE DI IMPIANTI, ORAFI, ARGENTIERI ED AFFINI E SETTORE ODONTOTECNICA: Imprese Artigiane (UNILAVORO PMI)"
"CCNL per Dirigenti, Quadri, Impiegati e Operai dei Servizi di Business Process Outsourcing, Digital Experience e Data Management";"Testo definitivo";"Commercio";"ANPIT; ASSOCONTACT; FEDERCONTACT; ATECA; CISAL; CISAL Terziario; CISAL Comunicazione; CONFEDIR";"04/12/2024";"01/12/2024";"";"30/11/2027";"BUSINESS PROCESS OUTSOURCING, DIGITAL EXPERIENCE E DATA MANAGEMENT"
"CCNL per i lavoratori dipendenti delle imprese dei settori di Ortofrutta, Agrumarie e loro derivati";"Testo definitivo";"Commercio";"UNIAP; ASSIDAL; CONFAIL; CIU UNIONQUADRI";"28/11/2024";"01/12/2024";"";"30/11/2027";"ORTOFRUTTA, AGRUMARIE E LORO DERIVATI (UNIAP)"
"CCNL per i dipendenti delle imprese Tessile Industria";"Testo definitivo";"Tessili";"UNILAVORO PMI; CONFSAL FISALS";"10/12/2024";"11/12/2024";"";"10/12/2029";"Settore TESSILE Industria"
"CCNL per i dipendenti delle imprese di autotrasporto e spedizione merci dell'artigianato, delle piccole e medie imprese e della cooperazione";"Testo definitivo";"Trasporti";"PMI ITALIA; PMI ITALIA PROFESSIONI (APIP); Nord Industriale; FILA; CSELP; SIA CONFSAL; SELP; FAMAR CIU UNIONQUADRI";"13/11/2024";"15/11/2024";"";"31/12/2027";"AUTOTRASPORTO E SPEDIZIONE MERCI (PMI ITALIA)"
"CCNL per i lavoratori operanti nei servizi strumentali e integrati resi alle persone fisiche, alle aziende e agli Enti Pubblici";"Testo definitivo";"Altri Vari";"FMPI; CONFINTESA";"06/12/2024";"01/01/2025";"";"31/12/2027";"SERVIZI STRUMENTALI E INTEGRATI resi alle persone fisiche, alle aziende e agli Enti Pubblici"
"CCNL per la regolamentazione dei rapporti di lavoro di natura giornalistica nelle testate periodiche di informazione a diffusione locale e nelle testate on line locali";"Testo definitivo";"Poligrafici e Spettacolo";"ANSO; FISC; FNSI";"11/12/2024";"01/01/2025";"";"31/12/2027";"GIORNALISTI: testate periodiche a diffusione locale e testate on line prevalentemente locali"
"CCNL per i distributori e noleggiatori di beni strumentali";"Testo definitivo";"Altri Vari";"FEDERDAT; UNSIC; UNSICOOP; AEP; ASP; ASSODIMI ASSONOLO; CIU; CONSIL; CONFIAL; FLAITS";"04/12/2024";"01/01/2025";"";"31/12/2027";"DISTRIBUTORI E NOLEGGIATORI DI BENI STRUMENTALI"
"CCNL per i dipendenti e soci lavoratori delle associazioni fino a 50 dipendenti";"Testo definitivo";"Altri Vari";"FMPI; CONFINTESA; CONFINTESA TUCS";"06/12/2024";"01/01/2025";"";"31/12/2027";"LAVORATORI DELLE ASSOCIAZIONI fino a 50 dipendenti"
"CCNL Attività dello sport";"Testo definitivo";"Commercio";"VALITALIA PMI; CIU UNIONQUADRI";"19/12/2024";"02/01/2025";"";"01/01/2028";"ATTIVITA' DELLO SPORT"
"CCNL per il personale non dirigente dell'ISMEA - triennio 2024-2026";"Testo definitivo";"Enti e Istituzioni Private";"ISMEA; CGIL FP; CISL FP; UIL PA; CONFINTESA EPE";"20/12/2024";"01/01/2024";"";"31/12/2026";"ISMEA"
"Protocollo di adesione al CCNL per i dipendenti e i soci lavoratori delle associazioni e lavoratori del terzo settore e di intesa in materia di relazioni industriali";"Verbale integrativo";"Altri Vari";"PMI ITALIA; SIA CONFSAL; ASSOPENSIONATI";"04/12/2024";"";"";"";"LAVORATORI DELLE ASSOCIAZIONI"
"CCNL per i dipendenti delle PMI operanti nel commercio, servizi e terziario";"Testo definitivo";"Commercio";"FEDERSICUREZZA ITALIA; ANEAS; ATECA; FIADEL SP";"30/10/2024";"01/11/2024";"";"01/11/2027";"COMMERCIO E SERVIZI (FEDERSICUREZZA ITALIA - FIADEL SP)"
"CCNL per il personale addetto alla formazione e prevenzione dei rischi in materia di salute e sicurezza operante in enti di formazione, studi professionali e nelle aziende multesettoriali di servizi, commercio, agricoltura, artigianato ed edilizia";"Testo definitivo";"Altri Vari";"FEDERSICUREZZA ITALIA; ANEAS; ATECA; FIADEL SP";"30/10/2024";"01/11/2024";"";"01/11/2027";"FORMATORI NEL CAMPO DELLA SICUREZZA SUI LUOGHI DI LAVORO"
"CCNL attività e impianti sportivi - addetti delle imprese sportive";"Testo definitivo";"Commercio";"PMI ITALIA; PMI ITALIA Professioni APIP; NORD INDUSTRIALE; FILA; CSELP; SIA CONFSAL; CONFIR; SELP; OISEI; FAMAR CIU UNIONQUADRI";"26/11/2024";"01/12/2024";"";"31/12/2027";"ATTIVITA' E IMPIANTI SPORTIVI"
"Protocollo d'intesa per la sottoscrizione per adesione del CCNL Istituti ed aziende del settore vigilanza privata e servizi fiduciari da parte di Federpol e Federazione Imprese";"Verbale integrativo";"Commercio";"VALITALIA PMI; UNCI; ITALPMI; CONFIMPRESEITALIA; ASSOESERCENTI; AIFOS; FEDERPOL; FEDERAZIONE IMPRESE; FESICA CONFSAL";"02/12/2024";"01/01/2025";"";"";"ISTITUTI ED AZIENDE DEL SETTORE VIGILANZA PRIVATA E SERVIZI FIDUCIARI"
"Accordo di modifica e integrazione del CCNL per i dipendenti delle imprese artigiane";"Verbale integrativo";"Altri Vari";"ADLI; FITESC; CIU UNIONQUADRI";"04/12/2024";"";"";"";"Dipendenti delle Imprese Artigiane"
"Accordo di modifica e integrazione del CCNL  per i lavoratori impegnati nel lavoro domestico";"Verbale integrativo";"Commercio";"FITESC; ADLI; CIU UNIONQUADRI";"04/12/2024";"";"";"";"LAVORO DOMESTICO (FITESC - ADLI)"
"Accordo di modifica e integrazione del CCNL per i dipendenti delle Imprese Sociali e delle Cooperative operanti nel settore della Cultura e dello Spettacolo";"Verbale integrativo";"Enti e Istituzioni Private";"FITESC; CIU UNIONQUADRI; ADLI";"04/12/2024";"";"";"";"Imprese Sociali e Cooperative operanti nel settore Cultura e Spettacolo"
"Accordo di modifica e integrazione del CCNL dei settori Commercio, Terziario, Distribuzione e Servizi";"Verbale integrativo";"Commercio";"ADLI; FITESC; CIU UNIONQUADRI";"04/12/2024";"";"";"";"COMMERCIO, TERZIARIO, DISTRIBUZIONE E SERVIZI (ADLI)"
"Accordo di modifica e integrazione del CCNL per gli addetti all'industria Metalmeccanica privata e alla installazione impianti";"Verbale integrativo";"Meccanici";"ADLI; FITESC; CIU UNIONQUADRI";"04/12/2024";"";"";"";"METALMECCANICA: Industria (ADLI)"
"Accordo di modifica e integrazione del CCNL per i dipendenti delle Imprese Sociali e delle Cooperative operanti nel settore della Scuola Libera";"Verbale integrativo";"Enti e Istituzioni Private";"FITESC; CIU UNIONQUADRI; ADLI";"04/12/2024";"";"";"";"Imprese Sociali e Cooperative operanti nel settore della Scuola Libera"
"Accordo di modifica e integrazione del CCNL per i lavoratori impegnati nel settore edilizia e affini";"Verbale integrativo";"Edilizia";"ADLI; FITESC; CIU UNIONQUADRI";"04/12/2024";"";"";"";"Settore EDILIZIA e affini (ADLI)"
"Accordo di modifica e integrazione del CCNL per la disciplina dell'attività di consegna di beni per conto terzi, svolta da lavoratori autonomi, c.d. Rider";"Verbale integrativo";"Altri Vari";"FITESC; CIU UNIONQUADRI; ADLI";"04/12/2024";"";"";"";"RIDER (FITESC - ADLI)"
"Accordo di modifica e integrazione del CCNL per i dipendenti delle Imprese Sociali e degli Enti del terzo Settore";"Verbale integrativo";"Enti e Istituzioni Private";"FITESC; CIU UNIONQUADRI; ADLI";"04/12/2024";"";"";"";"Imprese Sociali ed Enti del Terzo Settore"
"CCNL per i dirigenti, quadri, impiegati ed operai dipendenti dei settori del MARKETING OPERATIVO";"Testo definitivo";"Commercio";"ANPIT; FEDERMARKETING (federazione di ANPIT); UNICA; ATECA (aderente ad ANPIT); CISAL Terziario; CISAL";"12/12/2024";"01/01/2025";"";"31/12/2027";"MARKETING"
"Accordo modificativo per il CCNL per i dipendenti degli Istituti ed aziende del settore vigilanza privata e servizi fiduciari";"Verbale integrativo";"Commercio";"AICAST IMPRESE ITALIA; ASSIMPRESEITALIA; FESICA CONFSAL";"02/12/2024";"01/01/2025";"";"";"ISTITUTI ED AZIENDE DEL SETTORE VIGILANZA PRIVATA E SERVIZI FIDUCIARI"
"CCNL per i Quadri, Impiegati e Operai dipendenti degli Studi di Revisori Legali e dei Tributaristi e delle Società di Revisione";"Testo definitivo";"Commercio";"INRL; LAPET; UNRL; CISAL Terziario; CISAL";"07/01/2025";"01/01/2025";"";"31/12/2027";"Studi Revisori Legali e Tributaristi"
"CCNL per gli addetti delle aziende conciarie";"Testo definitivo";"Chimici";"UNIC; FILCTEM CGIL; CGIL; FEMCA CISL; CISL; UILTEC UIL; UIL";"07/03/2024";"01/07/2023";"";"30/06/2026";"CONCIA: Industrie"
"CCNL settore Metalmeccanico e di installazione impianti";"Testo definitivo";"Meccanici";"FEDERSICUREZZA ITALIA; ANEAS; ATECA; FIADEL SP";"30/10/2024";"01/11/2024";"";"01/11/2027";"METALMECCANICA: Industria (FEDERSICUREZZA ITALIA - FIADEL SP)"
"Accordo integrativo e modificativo del CCNL Metalmeccanico Artigianato del 10/01/2024";"Verbale integrativo";"Meccanici";"CONFLAVORO PMI; FESICA CONFSAL; CONFSAL";"20/12/2024";"01/01/2025";"";"";"METALMECCANICA: Artigiane (CONFLAVORO PMI)"
"CCNL MODA Artigianato - Pelletteria, Calzaturiero, Tessile e Abbigliamento ed Affini, Chimica, Ceramica";"Testo definitivo";"Tessili";"CONFLAVORO PMI; FESICA CONFSAL; CONFSAL";"20/12/2024";"01/01/2025";"";"31/12/2027";"Pelletteria, Calzaturiero, Tessile, Abbigliamento ed affini: Artigianato (CONFLAVORO PMI - CONFSAL)"
"CCNL per i dipendenti delle agenzie di assicurazione in gestione libera";"Testo definitivo";"Credito Assicurazioni";"ANAPA CONFCOMMERCIO; CONFCOMMERCIO; FIRST CISL; FISAC CGIL; FNA; UILCA UIL";"13/01/2025";"13/01/2025";"";"30/06/2026";"ASSICURAZIONI: Agenzie in gestione libera (ANAPA)"
"Accordo nazionale sulla disciplina delle collaborazioni autonome nei servizi di c.d. "Outbound"";"Verbale integrativo";"Commercio";"ANPIT; ASSOCONTACT; FEDERCONTACT; ATECA; CISAL; CISAL Terziario; CISAL Comunicazione; CONFEDIR";"04/12/2024";"";"";"";"BUSINESS PROCESS OUTSOURCING, DIGITAL EXPERIENCE E DATA MANAGEMENT"
"CCNL 12 aprile 2023 per i dirigenti di aziende del Terziario, della distribuzione e dei servizi";"Testo definitivo";"Commercio";"CONFCOMMERCIO Imprese per l'Italia; MANAGERITALIA";"11/06/2024";"01/01/2022";"";"31/12/2025";"COMMERCIO E SERVIZI: Dirigenti"
"CCNL 28 novembre 2023 per i dirigenti di aziende alberghiere";"Testo definitivo";"Commercio";"FEDERALBERGHI; MANAGERITALIA";"21/10/2024";"01/01/2022";"";"31/12/2025";"ALBERGHI: Dirigenti"
"Accordo di rinnovo del CCNL per i dipendenti degli istituti investigativi privati e delle agenzie di sicurezza sussidiaria o complementare";"Accordo di rinnovo";"Commercio";"FEDERPOL; FESICA CONFSAL";"14/01/2025";"01/01/2025";"";"31/12/2027";"ISTITUTI INVESTIGATIVI PRIVATI E AGENZIE SICUREZZA SUSSIDIARIA O COMPLEMENTARE (FEDERPOL)"
"Verbale di Accordo per adesione al CCNL per i dipendenti delle imprese artigiane in vigore dal 01 marzo 2024";"Verbale integrativo";"Altri Vari";"FITESC; CIU UNIONQUADRI; ADLI; CIPI";"22/01/2025";"";"";"";"Dipendenti delle Imprese Artigiane"
"CCNL per RSGSL trasversalmente impiegati in tutti i settori e comparti";"Testo definitivo";"Altri Vari";"ADLI; FITESC";"10/01/2025";"10/01/2025";"";"09/01/2028";"RSGSL in tutti i settori e comparti"
"CCNL Grafica e Editoria - Industria";"Testo definitivo";"Poligrafici e Spettacolo";"CONFLAVORO PMI; FESICA CONFSAL; CONFSAL";"20/12/2024";"01/01/2025";"";"31/12/2027";"GRAFICA E EDITORIA - Industria"
"CCNL per il personale dipendente del Settore Domestico";"Testo definitivo";"Commercio";"FMPI; CONFINTESA; CONFINTESA TUCS";"14/01/2025";"01/01/2025";"";"31/12/2027";"Settore DOMESTICO (FMPI - CONFINTESA)"
"Verbale di stesura CCNL industria alimentare 1° marzo 2024";"Accordo di rinnovo";"Alimentaristi - Agroindustriale";"ANCIT; ANICAV; ASSICA; ASSITOL; ASSOBIBE; ASSOBIRRA; ASSOLATTE; FEDERVINI; MINERACQUA; UNAITALIA; UNIONE ITALIANA FOOD - UNIONFOOD; FEDERPRIMA (in rappresentanza di: ASSALZOO; ASSOCARNI; ITALMOPA); FAI CISL; FLAI CGIL; UILA UIL";"28/10/2024";"01/12/2023";"";"30/11/2027";"ALIMENTARISTI: Industrie"
"Accordo di rinnovo del CCNL per i soci e i dipendenti delle cooperative esercenti attività prevalente nel settore autotrasporto, spedizione merci, logistica e facchinaggio";"Accordo di rinnovo";"Trasporti";"UNICOOP; UGL Viabilita' e Logistica; UGL";"13/01/2025";"01/01/2025";"";"31/12/2027";"AUTOTRASPORTO, SPEDIZIONE MERCI, LOGISTICA E FACCHINAGGIO (UNICOOP-UGL)"
"Ipotesi di rinnovo del CCNL per gli addetti alle industrie manifatturiere delle pelli e succedanei e ombrelli e ombrelloni";"Accordo di rinnovo";"Tessili";"ASSOPELLETTIERI; CONFINDUSTRIA MODA; UGL CHIMICI/TESSILI";"26/05/2023";"01/04/2023";"";"31/03/2026";"PELLI E SUCCEDANEI: Industrie"
"CCNL del Comparto Funzioni Centrali triennio 2022-2024";"Testo definitivo";"Amministrazione Pubblica";"ARAN; CISL FP; CISL; CONFSAL UNSA; CONFSAL; FLP; CGS; CONFINTESA FP; CONFINTESA; (sottoscritto il 04/11/2025 da UIL PA; UIL)";"27/01/2025";"01/01/2022";"";"31/12/2024";"Comparto FUNZIONI CENTRALI"
"CCNL per i dipendenti delle aziende del terziario, commercio, pubblici esercizi e turismo";"Testo definitivo";"Commercio";"UNILAVORO PMI; FUTURO IMPRESA; CISALP";"27/01/2025";"28/01/2025";"";"27/01/2030";"TERZIARIO, COMMERCIO, PUBBLICI ESERCIZI E TURISMO"
"CCNL ASILS - UGL SCUOLA 2024-2028";"Testo definitivo";"Enti e Istituzioni Private";"ASILS; UGL SCUOLA; UGL";"29/01/2025";"01/05/2024";"";"30/04/2028";"SCUOLE NON STATALI: ASILS UGL"
"Protocollo d'intesa per la sottoscrizione per adesione del CCNL Ortofrutticoli e Agrumari da parte di UCI - Unione Coltivatori Italiani e FEDERAZIONE IMPRESE";"Verbale integrativo";"Commercio";"AIFOS; ASSOESERCENTI; CONFIMPRESEITALIA; ITALPMI; UNCI; VALITALIA PMI; UCI; FEDERAZIONE IMPRESE; FESICA CONFSAL; CONFSAL PESCA E AGROALIMENTARE";"30/12/2024";"30/12/2024";"";"";"ORTOFRUTTICOLI E AGRUMARI"
"Verbale di accordo per la rivalutazione delle retribuzioni del CCNL per i dipendenti del terziario: attività collaterali al commercio, distribuzione e servizi anche in forma cooperativa";"Accordo economico";"Commercio";"CONFIMPRESE ITALIA; FESICA CONFSAL";"31/01/2025";"01/01/2025";"";"";"ATTIVITA' COLLATERALI AL COMMERCIO, DISTRIBUZIONE E SERVIZI"
"Verbale di accordo per la rivalutazione delle retribuzioni del CCNL per i dipendenti delle Associazioni ed altre Organizzazioni del Terzo Settore";"Accordo economico";"Enti e Istituzioni Private";"CONFIMPRESE ITALIA; FESICA CONFSAL";"31/01/2025";"01/01/2025";"";"";"ASSOCIAZIONI ED ALTRE ORGANIZZAZIONI DEL TERZO SETTORE"
"Protocollo di rinnovo del CCNL Concia Pelli e Cuoio";"Accordo di rinnovo";"Chimici";"FEDERCONCIA Italia; UNSIC; UNSIC CAMERA NAZIONALE GIOVANI FASHION DESIGNER; CONFIAL";"13/12/2024";"01/01/2025";"";"31/12/2027";"CONCIA PELLI E CUOIO"
"CCNL per i dipendenti da imprese esercenti il soccorso e l'assistenza stradale in ogni forma, la rimozione degli autoveicoli nonché le attività direttamente collegate";"Testo definitivo";"Trasporti";"UNIMPRESA; UNIMPRESA Federazione Nazionale Commercio Turismo e Servizi; UNIAP; ASSIDAL; CONFAIL; FIALC CONFAIL; CIU UNIONQUADRI";"11/12/2024";"01/01/2025";"";"31/12/2027";"SOCCORSO E ASSISTENZA STRADALE (UNIMPRESA)"
"CCNL per i dipendenti da Istituti e Imprese di Vigilanza Privata, di Investigazione Privata e Servizi Fiduciari";"Testo definitivo";"Commercio";"UNIMPRESA; UNIMPRESAPOL; UNIAP; ASSIDAL; CONFAIL; SNV CONFAIL; CIU UNIONQUADRI";"17/12/2024";"01/01/2025";"";"31/12/2027";"ISTITUTI E IMPRESE DI VIGILANZA PRIVATA E SERVIZI FIDUCIARI (UNIMPRESA - CONFAIL)"
"Errata Corrige tabelle retributive pag. 35 del CCNL ASILS - UGL SCUOLA 2024-2028";"Accordo economico";"Enti e Istituzioni Private";"ASILS; UGL SCUOLA; UGL";"07/02/2025";"29/01/2025";"";"30/04/2028";"SCUOLE NON STATALI: ASILS UGL"
"Verbale di constatazione ERRATA CORRIGE del Testo Ufficiale del CCNL ANINSEI 2024/2027 per il personale della scuola non statale";"Verbale integrativo";"Enti e Istituzioni Private";"ANINSEI CONFINDUSTRIA; UIL SCUOLA RUA";"03/02/2025";"";"";"";"SCUOLA PRIVATE (ANINSEI)"
"CCNL ANINSEI per il personale della scuola non statale - Testo ufficiale edizione 2025";"Testo definitivo";"Enti e Istituzioni Private";"ANINSEI CONFINDUSTRIA; UIL SCUOLA RUA";"15/07/2024";"01/09/2024";"";"31/12/2027";"SCUOLA PRIVATE (ANINSEI)"
"CCNL per i dipendenti da Aziende Ortofrutticole ed Agrumarie";"Testo definitivo";"Commercio";"FRUITIMPRESE; FLAI CGIL; CGIL; FISASCAT CISL; CISL; UILTUCS UIL; UIL";"19/07/2024";"01/01/2024";"";"31/12/2027";"ORTOFRUTTA E AGRUMI (Import - Export )"
"CCNL aziende Comparto Metalmeccanico - PMI";"Testo definitivo";"Meccanici";"CONFIMPRESEITALIA; VALITALIA PMI; AIFOS; ASSOESERCENTI; FEDERAZIONE IMPRESE; ITALPMI; UNCI; FESICA";"09/01/2025";"01/01/2025";"";"31/12/2027";"METALMECCANICA: Aziende del comparto - PMI (CONFIMPRESEITALIA)"
"CCNL per i lavoratori dipendenti delle imprese, anche cooperative, operanti nel settore "COMMERCIO, TERZIARIO E SERVIZI"";"Testo definitivo";"Commercio";"UNSIC; UNSICOOP; CEPI; UGL TERZIARIO; UGL";"01/12/2024";"01/12/2024";"";"31/12/2027";"COMMERCIO, TERZIARIO E SERVIZI (UNSIC-UNSICOOP-UGL TERZIARIO)"
"Accordo per il rinnovo della Parte Generale del CCNL di settore del Trasporto Aereo";"Accordo di rinnovo";"Trasporti";"ASSAEROPORTI; AEROPORTI 2030; ASSAEREO; ASSOHANDLERS; ASSOCONTROL; FEDERCATERING; FAIRO; FILT CGIL; FIT CISL; UILTRASPORTI; UGL TRASPORTO AEREO";"07/02/2025";"01/01/2025";"";"31/12/2027";"AEREI: Trasporto Aereo"
"CCNL Commercio, Terziario, Distribuzione, Servizi, Pubblici Esercizi e Turismo";"Testo definitivo";"Commercio";"CONFAZIENDE PMI; CONFENALP";"15/01/2025";"01/01/2025";"";"31/12/2027";"COMMERCIO, TERZIARIO, DISTRIBUZIONE, SERVIZI, PUBBLICI ESERCIZI E TURISMO (CONFAZIENDE PMI)"
"CCNL aziende Comparto Metalmeccanico - Industria";"Testo definitivo";"Meccanici";"CONFIMPRESEITALIA; VALITALIA PMI; AIFOS; ASSOESERCENTI; FEDERAZIONE IMPRESE; ITALPMI; UNCI; FESICA";"09/01/2025";"01/01/2025";"";"31/12/2027";"METALMECCANICA: Aziende del comparto - Industria (CONFIMPRESEITALIA)"
"CCNL per i lavoratori addetti alle aziende cooperative metalmeccaniche";"Testo definitivo";"Meccanici";"AGCI PRODUZIONE E LAVORO; LEGACOOP PRODUZIONE E SERVIZI; CONFCOOPERATIVE LAVORO E SERVIZI; FIM CISL; FIOM CGIL; UILM UIL";"16/01/2025";"01/06/2021";"";"30/06/2024";"METALMECCANICA: Cooperative"
"CCNL per i dipendenti delle Imprese Sociali e degli Enti del Settore Civile";"Testo definitivo";"Enti e Istituzioni Private";"ASI; COPIMI; FEDERAZIONE EUROPEA PIER GIORGIO FRASSATI; FISTEC";"03/02/2025";"01/01/2025";"";"31/12/2027";"Imprese Sociali ed Enti del Settore Civile"
"CCNL per i dipendenti delle aziende esercenti attività del Turismo, Agenzie di Viaggio e Servizi";"Testo definitivo";"Commercio";"ADLI; FITESC; CIU UNIONQUADRI";"03/02/2025";"02/01/2025";"";"01/01/2028";"TURISMO, AGENZIE DI VIAGGIO E SERVIZI"
"Accordo di rinnovo del CCNL UNEBA 2023-2025";"Accordo di rinnovo";"Enti e Istituzioni Private";"UNEBA; FP CGIL; CISL FP; FISASCAT CISL; UIL FPL; UILTUCS UIL";"24/01/2025";"01/01/2023";"";"31/12/2025";"ISTITUZIONI E SERVIZI SOCIO-ASSISTENZIALI (UNEBA)"
"Verbale di Accordo - Adeguamento minimi anno 2025 CCNL Legno, Sughero, Mobile, Arredamento e Boschivi e Forestali";"Accordo economico";"Edilizia";"FEDERLEGNOARREDO; UGL COSTRUZIONI";"05/02/2025";"01/01/2025";"";"";"LEGNO, ARREDAMENTO: Industrie"
"Accordo economico integrativo del CCNL per i dipendenti delle aziende operanti nel settore ICT (Information and Communication Technologies)";"Accordo economico";"Commercio";"CIFA; CONFSAL; CONFSAL Federlavoratori";"06/02/2025";"01/07/2024";"";"";"Settore ICT"
"Accordo integrativo nazionale del CCNL per Dirigenti, Quadri, Impiegati e Operai dei Servizi di Business Process Outsourcing, Digital Experience e Data Management del 4 dicembre 2024";"Verbale integrativo";"Commercio";"ANPIT; ASSOCONTACT; FEDERCONTACT; ATECA; CISAL; CISAL Terziario; CISAL Comunicazione; CONFEDIR";"30/01/2025";"30/01/2025";"";"";"BUSINESS PROCESS OUTSOURCING, DIGITAL EXPERIENCE E DATA MANAGEMENT"
"CCNL per i dirigenti delle aziende dell'industria alberghiera aderenti all'Associazione Italiana Confindustria Alberghi (AICA)";"Testo definitivo";"Commercio";"AICA CONFINDUSTRIA; MANAGERITALIA";"12/09/2023";"01/01/2022";"";"31/12/2025";"ALBERGHI: Dirigenti Catene Alberghiere"
"Verbale di Accordo per il rinnovo del CCNL 3 marzo 2022 per i lavoratori dipendenti delle imprese edili ed affini e delle Cooperative";"Accordo di rinnovo";"Edilizia";"ANCE; LEGACOOP Produzione e Servizi; CONFCOOPERATIVE Lavoro e Servizi; AGCI Produzione e Lavoro; FENEAL UIL; FILCA CISL; FILLEA CGIL";"21/02/2025";"01/02/2025";"";"30/06/2028";"EDILI: Industrie e Cooperative"
"Stesura del CCNL unico della Panificazione per il personale dipendente da aziende di panificazione anche per attività collaterali e complementari, nonché da negozi di vendita al minuto di pane, generi alimentari e vari";"Testo definitivo";"Alimentaristi - Agroindustriale";"ASSIPAN; CONFCOMMERCIO Imprese per l'Italia; ASSOPANIFICATORI FIESA CONFESERCENTI; CONFESERCENTI; FLAI CGIL; FAI CISL; UILA UIL";"26/02/2025";"18/07/2024";"";"31/12/2026";"PANIFICAZIONE: Aziende artigianali ed industriali"
"Ipotesi di accordo di rinnovo del CCNL per i lavoratori addetti all'industria delle calzature";"Accordo di rinnovo";"Tessili";"ASSOCALZATURIFICI; UGL CHIMICI";"17/07/2024";"01/01/2024";"";"31/12/2026";"CALZATURE: Industrie"
"Verbale di accordo per adesione al CCNL assistenti familiari in vigore dal 01/02/2023";"Verbale integrativo";"Commercio";"UAI; FAILM SERVIZI TERZIARIO; SALP";"18/03/2025";"";"";"";"ASSISTENTI FAMILIARI"
"Verbale di accordo per adesione al CCNL assistenti familiari in vigore dal 01/02/2023";"Verbale integrativo";"Commercio";"UAI; FAILM SERVIZI TERZIARIO; SEI CONFIMPRESA";"17/03/2025";"";"";"";"ASSISTENTI FAMILIARI"
"Verbale di accordo per adesione al CCNL settore Turismo in vigore dal 01/06/2023";"Verbale integrativo";"Commercio";"UAI; FAILM SERVIZI TERZIARIO; SALP";"18/03/2025";"";"";"";"Settore TURISMO (UAI)"
"Verbale di accordo per adesione al CCNL settore Turismo in vigore dal 01/06/2023";"Verbale integrativo";"Commercio";"UAI; FAILM SERVIZI TERZIARIO; SEI CONFIMPRESA";"17/03/2025";"";"";"";"Settore TURISMO (UAI)"
"Verbale di accordo per adesione al CCNL Settore Metalmeccanico in vigore dal 01/10/2023";"Verbale integrativo";"Meccanici";"UAI; FAILM SERVIZI TERZIARIO; SALP";"18/03/2025";"";"";"";"METALMECCANICO: Aziende del Settore (UAI)"
"Verbale di accordo per adesione al CCNL Settore Metalmeccanico in vigore dal 01/10/2023";"Verbale integrativo";"Meccanici";"UAI; FAILM SERVIZI TERZIARIO; SEI CONFIMPRESA";"17/03/2025";"";"";"";"METALMECCANICO: Aziende del Settore (UAI)"
"Verbale di Accordo - Adeguamento minimi anno 2025 CCNL Legno, Sughero, Mobile, Arredamento e Boschivi e Forestali";"Accordo economico";"Edilizia";"FEDERLEGNOARREDO; FENEAL UIL; FILCA CISL; FILLEA CGIL";"27/01/2025";"01/01/2025";"";"31/12/2025";"LEGNO, ARREDAMENTO: Industrie"
"CCNL per HSE MANAGER trasversalmente impiegati in tutti i settori e comparti";"Testo definitivo";"Altri Vari";"ADLI; FITESC; CIU UNIONQUADRI";"04/03/2025";"04/03/2025";"";"03/03/2028";"HSE MANAGER in tutti i settori e comparti"
"CCNL per i lavoratori dipendenti comparto sanità privata e assistenza sociale";"Testo definitivo";"Enti e Istituzioni Private";"FAPI; CESAC; FILDI CIU";"10/03/2025";"10/03/2025";"";"31/03/2029";"SANITA' PRIVATA E ASSISTENZA SOCIALE"
"Protocollo modificativo d'intesa - Modifica al CCNL Socio Sanitario per le lavoratrici e i lavoratori delle cooperative del settore socio-sanitario, umanitario, assistenziale-educativo e di inserimento lavorativo";"Verbale integrativo";"Enti e Istituzioni Private";"UNICOOP; UGL Salute";"19/03/2025";"";"";"";"COOPERATIVE SETTORE SOCIO-SANITARIO, UMANITARIO, ASSISTENZIALE-EDUCATIVO E DI INSERIMENTO LAVORATIVO (UNICOOP-UGL)"
"Accordo economico integrativo del CCNL INTERSETTORIALE - Commercio, Terziario, Distribuzione, Servizi, Pubblici Esercizi e Turismo - codice H160";"Accordo economico";"Commercio";"CNL; CONFSAL FEDERLAVORATORI; CONFSAL";"07/03/2025";"01/06/2024";"";"";"INTERSETTORIALE: Commercio, Terziario, Distribuzione, Servizi, Pubblici Esercizi e Turismo (CNL)"
"Accordo economico integrativo del CCNL per i dipendenti delle Piccole e Medie Imprese metalmeccaniche e di installazione di impianti - codice contratto C065";"Accordo economico";"Meccanici";"CNL; CONFSAL FEDERLAVORATORI; CONFSAL";"28/02/2025";"01/06/2024";"";"";"METALMECCANICA: P.M.I. (CNL)"
"Accordo economico integrativo del CCNL Moda artigianato - Pelletteria, Calzaturiero, Tessile e Abbigliamento ed Affini, Chimica e Ceramica - codice contratto V754";"Accordo economico";"Altri Vari";"CNL; CONFSAL FEDERLAVORATORI; CONFSAL";"21/02/2025";"01/01/2025";"";"";"MODA ARTIGIANATO - PELLETTERIA, CALZATURIERO, TESSILE E ABBIGLIAMENTO ED AFFINI, CHIMICA, CERAMICA"
"Verbale di accordo per il riconoscimento dell'assistenza sanitaria integrativa al SSN per le figure professionali degli operatori telefonici Outbound";"Verbale integrativo";"Commercio";"ANPIT; ASSOCONTACT; FEDERCONTACT; ATECA; CISAL; CISAL Terziario; CISAL Comunicazione; CONFEDIR";"10/03/2025";"";"";"";"BUSINESS PROCESS OUTSOURCING, DIGITAL EXPERIENCE E DATA MANAGEMENT"
"CCNL Multiservizi";"Testo definitivo";"Aziende di Servizi";"AIFOS; ASSOESERCENTI; CONFIMPRESEITALIA; FEDERAZIONE IMPRESE; ITALPMI; UNCI; VALITALIA PMI; FESICA";"01/03/2025";"01/03/2025";"";"29/02/2028";"MULTISERVIZI"
"Protocollo d'intesa per adesione al CCNL Faconisti rivolto ai dipendenti delle aziende che operano nel settore tessile e calzaturiero che effettuano lavori per conto di terzi committenti";"Verbale integrativo";"Tessili";"AIS; CONFIMPRENDITORI; FEDERCASA; FORMA IMPRESA; OSSERVATORIO DEL MERCATO DEL LAVORO; SUL; FISMIC CONFSAL";"19/03/2025";"";"";"";"FACONISTI: settore Tessile e Calzaturiero"
"Ipotesi di accordo di rinnovo del CCNL Terziario, Distribuzione e Servizi";"Accordo di rinnovo";"Commercio";"CONFCOMMERCIO IMPRESE PER L'ITALIA; UGL TERZIARIO";"22/03/2024";"01/04/2023";"";"31/03/2027";"COMMERCIO E SERVIZI"
"CCNL per i dipendenti del settore Turismo e Pubblici esercizi";"Testo definitivo";"Commercio";"FEDERDAT; AEP; CONSIL; FLAITS; CIU; UNSIC; UNSICOOP; CONFIAL";"21/03/2025";"01/04/2025";"";"31/03/2028";"TURISMO E PUBBLICI ESERCIZI (FEDERDAT-CONSIL)"
"CCNL per i lavoratori dipendenti del comparto logistica, trasporto merci e spedizioni";"Testo definitivo";"Trasporti";"FAPI; CESAC; FILDI CIU";"18/03/2025";"18/03/2025";"";"31/03/2029";"LOGISTICA, TRASPORTO MERCI E SPEDIZIONI (FAPI)"
"CCNL per i dipendenti delle aziende e delle cooperative esercenti attività non medica, anche conto terzi e in somministrazione, presso Case di Cura, Case di soggiorno per anziani, RSA, centri socio assistenziale ed educativi per minori, disabili, anziani, studi dentistici, case-famiglia, comunità educative e socio assistenziali";"Testo definitivo";"Enti e Istituzioni Private";"FEDERDAT; CONSIL; FLAITS; CIU UNIONQUADRI; UNSIC; UNSICOOP; CONFIAL";"21/03/2025";"01/04/2025";"";"31/03/2028";"Aziende e Cooperative esercenti attività non medica"
"Verbale di rinnovo del CCNL Attività Minerarie 11 aprile 2019";"Accordo di rinnovo";"Chimici";"ASSORISORSE; UGL CHIMICI";"13/07/2022";"01/04/2022";"";"31/03/2025";"MINERO-METALLURGICHE: Industrie"
"Protocollo di adesione al CCNL per gli addetti all'industria Chimica settore Coibentazioni Termiche Acustiche";"Accordo di rinnovo";"Chimici";"ANICTA; UGL CHIMICI";"30/06/2023";"01/07/2022";"";"30/06/2025";"COIBENTAZIONI TERMICHE ACUSTICHE"
"Verbale di rinnovo del CCNL Autoferrotranvieri Internavigatori (Mobilità TPL)";"Accordo di rinnovo";"Trasporti";"AGENS; ANAV; ASSTRA; FILT CGIL; FIT CISL; UILTRASPORTI UIL; FAISA CISAL; UGL FNA";"11/12/2024";"01/01/2024";"";"31/12/2026";"AUTOFERROTRANVIERI"
"CCNL per i lavoratori dipendenti dalle imprese del settore Agroalimentare, dell'Agricoltura e della Pesca";"Testo definitivo";"Alimentaristi - Agroindustriale";"FAPI; FILDI; CESAC; FAPI PAAF";"20/03/2025";"20/03/2025";"";"31/03/2028";"AGROALIMENTARE, AGRICOLTURA E PESCA (FAPI - CESAC - FILDI CIU)"
"Ipotesi di Accordo di rinnovo per il CCNL della Panificazione per il personale dipendente da aziende di panificazione anche per attività collaterali e complementari, nonché da negozi di vendita al minuto di pane, generi alimentari e vari";"Accordo di rinnovo";"Alimentaristi - Agroindustriale";"ASSIPAN; CONFCOMMERCIO Imprese per l'Italia; UGL TERZIARIO";"18/07/2024";"18/07/2024";"";"31/12/2026";"PANIFICAZIONE: Aziende artigianali ed industriali"
"CCNL Dipendenti Promozione e Marketing";"Testo definitivo";"Commercio";"CONAPI; FILA; CONFSELP; ACAI SALP; FAMAR CIU UNIONQUADRI; LI; SEI CONFIMPRESA";"26/03/2025";"01/04/2025";"";"31/03/2029";"Dipendenti PROMOZIONE E MARKETING"
"Intesa sulle decorrenze e integrazioni CCNL Concia Pelli e Cuoio";"Verbale integrativo";"Chimici";"FEDERCONCIA Italia; UNSIC; UNSIC CAMERA NAZIONALE GIOVANI FASHION DESIGNER; CONFIAL";"31/03/2025";"01/01/2025";"";"31/12/2027";"CONCIA PELLI E CUOIO"
"CCNL per i lavoratori dipendenti e soci lavoratori delle imprese cooperative di Attività Agricole";"Testo definitivo";"Agricoltura";"FILA; CONFSELP; ACAI SALP; NORD INDUSTRIALE; FAMAR CIU UNIONQUADRI; LI; SILDAFA; ACAI; SEI CONFIMPRESA";"17/03/2025";"01/04/2025";"";"31/03/2029";"ATTIVITA' AGRICOLE"
"CCNL per i dipendenti di aziende e per i dipendenti e soci lavoratori di cooperative esercenti attività nel settore Turismo e Pubblici Esercizi";"Testo definitivo";"Commercio";"FILA; CONFSELP; ACAI SALP; NORD INDUSTRIALE; LI; SEI CONFIMPRESA; FAMAR CIU UNIONQUADRI";"26/03/2025";"01/04/2025";"";"31/03/2029";"TURISMO E PUBBLICI ESERCIZI"
"Protocollo di adesione al CCNL per i dipendenti e i soci lavoratori delle Associazioni ed altre organizzazioni del terzo settore (cod. CNEL V91A) e di intesa in materia di relazioni industriali";"Verbale integrativo";"Altri Vari";"CONAPI; FILA; SEI CONFIMPRESA";"17/03/2025";"";"";"";"LAVORATORI DELLE ASSOCIAZIONI (CONAPI)"
"Protocollo di adesione al CCNL per i dipendenti e i soci lavoratori delle Associazioni ed altre organizzazioni del terzo settore (cod. CNEL V91A) e di intesa in materia di relazioni industriali";"Verbale integrativo";"Altri Vari";"CONAPI; FILA; LI";"17/03/2025";"";"";"";"LAVORATORI DELLE ASSOCIAZIONI (CONAPI)"
"Protocollo di adesione al CCNL per i dipendenti e i soci lavoratori delle Associazioni ed altre organizzazioni del terzo settore (cod. CNEL V91A) e di intesa in materia di relazioni industriali";"Verbale integrativo";"Altri Vari";"CONAPI; FILA; SALP";"17/03/2025";"";"";"";"LAVORATORI DELLE ASSOCIAZIONI (CONAPI)"
"Protocollo d'intesa per adesione al CCNL per i lavoratori delle PMI metalmeccaniche";"Verbale integrativo";"Meccanici";"FISMIC CONFSAL; CONFIMPRENDITORI";"24/03/2025";"";"";"";"METALMECCANICA: P.M.I. (FISMIC CONFSAL)"
"CCNL per i dipendenti dalle piccole e medie imprese, imprese artigiane di produzione multimediale, grafica e servizi innovativi";"Testo definitivo";"Poligrafici e Spettacolo";"UNIMPRESA; UNIAP; ASSIDAL; CONFAIL; CIU UNIONQUADRI";"01/04/2025";"01/04/2025";"";"31/03/2028";"PRODUZIONE MULTIMEDIALE, GRAFICA E SERVIZI INNOVATIVI"
"CCNL per i dipendenti da aziende esercenti attività del settore e per i dipendenti e soci lavoratori da cooperative esercenti attività di "CHIMICA"";"Testo definitivo";"Chimici";"PMI ITALIA; PMI ITALIA PROFESSIONI APIP; SIA; FILA; CONFSELP; ACAI SALP; NORD INDUSTRIALE; FAMAR CIU UNIONQUADRI; SEI CONFIMPRESA; LI";"17/03/2025";"01/04/2025";"";"31/03/2029";"CHIMICA"
"CCNL per i dipendenti da aziende esercenti attività del settore e per i dipendenti e soci lavoratori da cooperative esercenti attività di Commercio e Servizi";"Testo definitivo";"Commercio";"PMI ITALIA; PMI ITALIA PROFESSIONI APIP; SIA; FILA; CONFSELP; ACAI SALP; NORD INDUSTRIALE; FAMAR CIU UNIONQUADRI; SEI CONFIMPRESA; LI";"21/03/2025";"01/04/2025";"";"31/03/2029";"COMMERCIO E SERVIZI"
"CCNL per i dipendenti da imprese esercenti servizi di pulizia, di servizi integrati e multiservizi";"Testo definitivo";"Aziende di Servizi";"PMI ITALIA; PMI ITALIA PROFESSIONI APIP; SIA; FILA; CONFSELP; ACAI SALP; NORD INDUSTRIALE; FAMAR CIU UNIONQUADRI; SEI CONFIMPRESA; LI; OISEI";"17/03/2025";"01/04/2025";"";"31/03/2029";"PULIZIA, SERVIZI INTEGRATI E MULTISERVIZI"
"CCNL per i dipendenti da enti, aziende e associazioni del settore olistico";"Testo definitivo";"Altri Vari";"PMI ITALIA; PMI ITALIA PROFESSIONI APIP; SIA; FILA; CONFSELP; ACAI SALP; NORD INDUSTRIALE; FAMAR CIU UNIONQUADRI; SEI CONFIMPRESA; LI; OISEI";"17/03/2025";"01/04/2025";"";"31/03/2029";"ENTI, AZIENDE E ASSOCIAZIONI DEL SETTORE OLISTICO"
"CCNL per i dipendenti dagli Enti di formazione professionale";"Testo definitivo";"Enti e Istituzioni Private";"PMI ITALIA; PMI ITALIA PROFESSIONI APIP; OISEI; CONFSELP; SIA";"26/03/2025";"26/03/2025";"";"26/03/2029";"ENTI FORMAZIONE PROFESSIONALE"
"CCNL per i Quadri e gli Impiegati Agricoli";"Testo definitivo";"Agricoltura";"CONFAGRICOLTURA; COLDIRETTI; CIA; CONFEDERDIA; FLAI CGIL; FAI CISL; UILA UIL";"18/06/2024";"01/01/2024";"";"31/12/2027";"AGRICOLTURA: Impiegati"
"Accordo di integrazione e/o modifica del CCNL logistica, trasporto merci e spedizioni";"Verbale integrativo";"Trasporti";"FEDERDAT; CIU; FLAITS; CONSIL; CONFIAL";"15/04/2025";"";"";"";"LOGISTICA, TRASPORTI MERCI E SPEDIZIONI (FEDERDAT)"
"CCNL per i dipendenti delle aziende grafiche, editoriali incluse le multimediali";"Testo definitivo";"Poligrafici e Spettacolo";"UNIMPRESA; UNIMPRESA INDUSTRIA; UNIAP; ASSIDAL; CONFAIL; FIAP CONFAIL";"30/04/2025";"01/05/2025";"";"30/04/2028";"Aziende Grafiche, Editoriali incluse le Multimediali (UNIMPRESA)"
"CCNL settori: Istruzione, Formazione professionale, Asili nido";"Testo definitivo";"Enti e Istituzioni Private";"ASIM Formazione; ASIM; CONFEURO; ANDI; CIU UNIONQUADRI; UNILAI Scuola; UNILAI; SG";"04/08/2025";"01/09/2025";"";"31/08/2028";"ISTRUZIONE, FORMAZIONE PROFESSIONALE, ASILI NIDO"
"CCNL per i dipendenti delle associazioni ed enti del terzo settore";"Testo definitivo";"Enti e Istituzioni Private";"UNILAVORO PMI; CONFSAL FISALS";"31/03/2025";"01/04/2025";"";"31/03/2030";"ASSOCIAZIONI ED ENTI DEL TERZO SETTORE"
"CCNL studi professionali";"Testo definitivo";"Commercio";"CONFLAVORO PMI; FESICA; CONFSAL";"09/05/2025";"01/05/2025";"";"30/04/2028";"Studi Professionali (CONFLAVORO PMI - CONFSAL)"
"CCNL per gli addetti delle aziende conciarie";"Testo definitivo";"Chimici";"UNIC; UGL CHIMICI; UGL";"29/05/2024";"01/07/2023";"";"30/06/2026";"CONCIA: Industrie"
"CCNL per i dipendenti delle agenzie di assicurazione in gestione libera";"Testo definitivo";"Credito Assicurazioni";"SNA; FESICA CONFSAL; CONFSAL FISALS";"05/03/2025";"01/05/2025";"30/04/2029";"31/12/2030";"ASSICURAZIONI: Agenzie in gestione libera (SNA-CONFSAL)"
"Accordo di modifica al CCNL per i dipendenti delle agenzie di assicurazione in gestione libera";"Verbale integrativo";"Credito Assicurazioni";"SNA; FESICA CONFSAL; CONFSAL FISALS";"07/05/2025";"";"";"";"ASSICURAZIONI: Agenzie in gestione libera (SNA-CONFSAL)"
"Verbale di accordo di adeguamento contrattuale della parte economica del CCNL per gli addetti delle MPMI operanti nel settore Commercio e attività affini del 22 febbraio 2016";"Accordo economico";"Commercio";"FOR ITALY; UGL TERZIARIO";"31/03/2025";"";"";"";"COMMERCIO E AFFINI: micro, piccole e medie imprese (FOR.ITALY)"
"CCNL per i marittimi impiegati per attività di charter, diporto commerciale e su navi destinate al noleggio per finalità turistiche (CCNL Diporto Commerciale e Charter)";"Testo definitivo";"Trasporti";"ASSOYACHT; UNILAVORO PMI; CIU UNIONQUADRI; CONFSAL FISALS";"15/05/2025";"15/05/2025";"";"31/12/2029";"MARITTIMI: Diporto Commerciale e Charter"
"Verbale di accordo per la sottoscrizione per adesione del CCNL lavoratori dei porti del 18/11/2024";"Verbale integrativo";"Trasporti";"ASSOPORTI; ASSITERMINAL; FISE UNIPORT; ASSOLOGISTICA; UGL Mare e Porti";"05/12/2024";"";"";"";"PORTUALI: Lavoratori dei Porti"
"Accordo per il rinnovo del CCNL 17 dicembre 2019 per i dirigenti e per i quadri superiori delle piccole e medie aziende produttrici di beni e servizi";"Accordo di rinnovo";"Altri Vari";"CONFAPI; FEDERMANAGER";"25/03/2025";"01/01/2025";"";"31/12/2027";"DIRIGENTI: P.M.I."
"Ipotesi di accordo per il rinnovo del CCNL 9 marzo 2021";"Accordo di rinnovo";"Poligrafici e Spettacolo";"UNIGEC CONFAPI; UNIMATICA CONFAPI; SLC CGIL; FISTEL CISL; UILCOM UIL";"08/04/2025";"01/01/2024";"";"31/12/2027";"COMUNICAZIONE, INFORMATICA E SERVIZI INNOVATIVI: P.M.I."
"Ipotesi di accordo per il rinnovo del CCNL 24 gennaio 2020 per i lavoratori della piccola e media industria del settore tessile-abbigliamento-moda, calzature, pelli e cuoio, penne, spazzole e pennelli, occhiali, giocattoli";"Accordo di rinnovo";"Tessili";"UNIONTESSILE CONFAPI; FILCTEM CGIL; FEMCA CISL; UILTEC UIL";"18/02/2025";"01/04/2024";"";"31/03/2027";"TESSILI ABBIGLIAMENTO: P.M.I."
"CCNL per il personale dipendente dell'ANCI (Associazione Nazionale Comuni Italiani) 2022-2024";"Testo definitivo";"Enti e Istituzioni Private";"ANCI; FP CGIL; CISL; CISAL FIALP; UIL FPL; USB";"19/09/2022";"01/01/2022";"";"31/12/2024";"ANCI"
"CCNL per i dipendenti da Enti di Formazione, da Enti/Fondazioni gestori di corsi di istruzione e cultura in genere, delle Associazioni/PMI Esercenti la Formazione Professionale così come indicato dalla legge 845 del 21 dicembre 1978 s.m.ei., delle società tra professionisti costituite ai sensi dell'art. 10, L. n. 183/2011, modificata dal D.L. del 24/01/2012 n. 1 Art. 9bis, degli studi di professionisti non organizzati in ordini e collegi e Aziende/Enti per i Servizi al Lavoro";"Testo definitivo";"Enti e Istituzioni Private";"UNIMPRESA; UNIMPRESA Scuola Privata e Enti di Formazione; UNIAP; ASSIDAL; CONFAIL; FIALC CONFAIL; CIU UNIONQUADRI";"07/01/2025";"01/02/2025";"";"31/12/2027";"ENTI DI FORMAZIONE"
"Accordo di rinnovo del CCNL 10 luglio 2014 per i dipendenti delle aziende videofonografiche";"Accordo di rinnovo";"Poligrafici e Spettacolo";"AFI; FIMI; PMI; UNIVIDEO; SLC CGIL; FISTEL CISL; UILCOM UIL";"22/05/2025";"01/01/2025";"";"31/12/2026";"DISCOGRAFICI - VIDEOFONOGRAFICI"
"CCNL unico dell'industria armatoriale";"Testo definitivo";"Trasporti";"CONFITARMA; ASSARMATORI; ASSORIMORCHIATORI; FEDERIMORCHIATORI; FILT CGIL; FIT CISL; UILTRASPORTI; USCLAC; UNCDIM";"11/07/2024";"01/07/2024";"";"31/12/2026";"MARITTIMI: industria armatoriale"
"CCNL Agricoltura e Affini";"Testo definitivo";"Agricoltura";"UCEI; CONFINTESA";"20/05/2025";"01/01/2025";"";"31/12/2028";"AGRICOLTURA E AFFINI"
"CCNL Alimentaristi";"Testo definitivo";"Alimentaristi - Agroindustriale";"UCEI; CONFINTESA";"20/05/2025";"01/01/2025";"";"31/12/2028";"ALIMENTARISTI"
"CCNL Bellezza e benessere";"Testo definitivo";"Commercio";"UCEI; CONFINTESA";"20/05/2025";"01/01/2025";"";"31/12/2028";"Bellezza e benessere"
"CCNL Commercio, Terziario e Servizi";"Testo definitivo";"Commercio";"UCEI; CONFINTESA";"20/05/2025";"01/01/2025";"";"31/12/2028";"COMMERCIO, TERZIARIO E SERVIZI"
"CCNL Social COOP";"Testo definitivo";"Enti e Istituzioni Private";"UCEI; CONFINTESA";"20/05/2025";"01/01/2025";"";"31/12/2028";"SOCIAL COOP"
"CCNL Innovazione";"Testo definitivo";"Altri Vari";"UCEI; CONFINTESA";"20/05/2025";"01/01/2025";"";"31/12/2028";"INNOVAZIONE"
"CCNL Logistica e Trasporti";"Testo definitivo";"Trasporti";"UCEI; CONFINTESA";"20/05/2025";"01/01/2025";"";"31/12/2028";"LOGISTICA E TRASPORTI"
"CCNL Meccanotronica";"Testo definitivo";"Meccanici";"UCEI; CONFINTESA";"20/05/2025";"01/01/2025";"";"31/12/2028";"MECCANOTRONICA"
"CCNL Promozione e Marketing";"Testo definitivo";"Commercio";"UCEI; CONFINTESA";"20/05/2025";"01/01/2025";"";"31/12/2028";"PROMOZIONE E MARKETING"
"CCNL Turismo";"Testo definitivo";"Commercio";"UCEI; CONFINTESA";"20/05/2025";"01/01/2025";"";"31/12/2028";"TURISMO"
"CCNL per i lavoratori addetti alla piccola e media industria metalmeccanica ed alla installazione di impianti";"Testo definitivo";"Meccanici";"FEDERDAT; AEP; UNSIC; UNSICOOP; CONSIL; FLAI; CIU UNIONQUADRI; CONFIAL";"14/05/2025";"01/06/2025";"";"31/05/2028";"METALMECCANICA: P.M.I. (FEDERDAT)"
"CCNL per i dipendenti del terziario, del commercio e dei servizi";"Testo definitivo";"Commercio";"CONFIMPRESEITALIA; VALITALIA PMI; UNCI; ITALPMI; FEDERAZIONE IMPRESE; ASSOESERCENTI; AIFOS; FESICA";"28/04/2025";"01/05/2025";"";"30/04/2028";"DIPENDENTI DEL TERZIARIO: COMMERCIO, DISTRIBUZIONE E SERVIZI"
"CCNL Università Pontificie e Facoltà Ecclesiastiche";"Testo definitivo";"Enti e Istituzioni Private";"AGIDAE; FLC CGIL; CISL Università; CISL Scuola; SNALS CONFSAL; SINASCA";"07/01/2025";"01/09/2024";"31/12/2025";"31/12/2027";"UNIVERSITA' PONTIFICIE E FACOLTA' ECCLESIATICHE (AGIDAE)"
"CCNL per istituti Socio-Sanitari, Assistenziali, Educativi";"Testo definitivo";"Enti e Istituzioni Private";"AGIDAE; FP CGIL; FISASCAT CISL; UILTUCS UIL";"12/03/2025";"01/01/2023";"";"31/12/2025";"ISTITUTI SOCIO-SANITARI-ASSISTENZIALI (AGIDAE)"
"CCNL per i dipendenti di attività operanti nel campo della formazione e orientamento, della sicurezza sul lavoro";"Testo definitivo";"Altri Vari";"ADLI; CIU UNIONQUADRI";"13/05/2025";"13/05/2025";"";"12/05/2028";"FORMAZIONE E ORIENTAMENTO, SUCUREZZA SUL LAVORO (ADLI)"
"Verbale di accordo di adeguamento contrattuale della parte economica del CCNL per gli addetti delle MPMI operanti nel settore Servizi e attività affini del 22 febbraio 2016";"Accordo economico";"Commercio";"FOR ITALY; UGL TERZIARIO";"31/03/2025";"01/11/2024";"";"";"SERVIZI E AFFINI: cooperative e micro, piccole e medie imprese (FOR.ITALY)"
"CCNL per i dipendenti delle Piccole e Medie Imprese Edili artigiane Industriali e Affini";"Testo definitivo";"Edilizia";"CONFIMPRENDITORI; FISMIC CONFSAL";"27/05/2025";"01/06/2025";"";"31/05/2028";"EDILI: PMI artigiane industriali e affini (CONFIMPRENDITORI - FISMIC CONFSAL)"
"CCNL per i dipendenti addetti ai servizi familiare Colf e Badanti";"Testo definitivo";"Commercio";"CONFIMEA; UGL TERZIARIO";"12/05/2025";"12/05/2025";"";"31/12/2028";"COLF e BADANTI (CONFIMEA)"
"Verbale di accordo per l'incremento dei minimi tabellari contrattuali del CCNL 15 marzo 2022";"Accordo economico";"Edilizia";"FEDERBETON; FENEAL UIL; FILCA CISL; FILLEA CGIL";"15/10/2024";"01/12/2024";"";"";"CEMENTO, CALCE, GESSO: Industrie"
"Accordo per il rinnovo del CCNL 30 luglio 2019 per i dirigenti di aziende produttrici di beni e servizi";"Accordo di rinnovo";"Altri Vari";"CONFINDUSTRIA; FEDERMANAGER";"13/11/2024";"01/01/2025";"";"31/12/2027";"DIRIGENTI: Aziende Industriali"
"Rinnovo del CCNL 16 ottobre 2019 per i dirigenti delle aziende dei servizi di pubblica utilità";"Accordo di rinnovo";"Altri Vari";"CONFSERVIZI; FEDERMANAGER";"27/11/2024";"01/01/2025";"";"31/12/2027";"DIRIGENTI: Imprese Pubbliche Locali"
"Accordo relativo all'erogazione dell'Una tantum";"Accordo economico";"Commercio";"AGCI; ANIVP; ASSIV; CONFCOOPERATIVE LAVORO E SERVIZI; LEGACOOP PRODUZIONE E SERVIZI; UNIV; FILCAMS CGIL; FISASCAT CISL; UILTUCS UIL";"02/12/2024";"";"";"";"VIGILANZA"
"Accordo relativo all'erogazione dell'Una tantum";"Accordo economico";"Commercio";"ANIVP; ASSIV; UNIV; UGL SICUREZZA CIVILE";"03/12/2024";"";"";"";"VIGILANZA"
"Ipotesi di accordo di rinnovo del CCNL per i lavoratori dipendenti delle aziende termali";"Accordo di rinnovo";"Aziende di Servizi";"FEDERTERME; FILCAMS CGIL; FISASCAT CISL; UILTUCS UIL";"08/10/2024";"01/10/2024";"";"31/12/2027";"AZIENDE TERMALI"
"CCNL 2024-2027 per il personale occupato nei servizi dell'infanzia e della prima infanzia, delle scuole e degli enti aderenti e/o rappresentati dalla FISM";"Accordo di rinnovo";"Enti e Istituzioni Private";"FISM; FLC CGIL; CISL SCUOLA; SNALS CONFSAL";"28/05/2025";"01/01/2024";"31/12/2025";"31/12/2027";"SCUOLE MATERNE NON STATALI"
"CCNL per i lavoratori dipendenti dalle aziende che producono addobbi e ornamenti natalizi, giocattoli, giochi e modellismo, articoli di puericultura";"Testo definitivo";"Tessili";"ASSOGIOCATTOLI; FILCTEM CGIL; CGIL; FEMCA CISL; CISL; UILTEC UIL; UIL";"12/06/2024";"01/01/2024";"";"31/12/2026";"GIOCATTOLI, MODELLISMO ... : Industrie"
"Verbale di accordo per l'aggiornamento dei minimi retributivi CCNL lavoro domestico";"Accordo economico";"Commercio";"FIDALDO; DOMINA; FEDERCOLF; FILCAMS CGIL; FISASCAT CISL; UILTUCS; Ministero del Lavoro e delle Politiche Sociali";"29/01/2025";"01/01/2025";"";"31/12/2025";"LAVORO DOMESTICO"
"Ipotesi di accordo di rinnovo dell'Accordo Economico Collettivo per la disciplina del rapporto di Agenzia e rappresentanza commerciale del settore del commercio";"Accordo di rinnovo";"Commercio";"CONFCOMMERCIO IMPRESE PER L'ITALIA; CONFCOOPERATIVE; CONFESERCENTI; FNAARC; FILCAMS CGIL; FISASCAT CISL; UILTUCS UIL; FIARC CONFESERCENTI; UGL TERZIARIO; USARCI";"04/06/2025";"01/07/2025";"";"30/06/2029";"AGENTI DI COMMERCIO (Sett. Commercio)"
"CCNL Cooperative Sociali";"Testo definitivo";"Enti e Istituzioni Private";"AECP; CONFINTESA";"04/06/2025";"01/01/2025";"";"31/12/2028";"COOPERATIVE SOCIALI"
"CCNL Commercio, Terziario e Servizi";"Testo definitivo";"Commercio";"AECP; CONFINTESA";"04/06/2025";"01/01/2025";"";"31/12/2028";"COMMERCIO, TERZIARIO E SERVIZI"
"Adeguamento minimi CCNL per i dipendenti delle imprese edili artigiane e delle piccole e medie imprese industriali edili e affini";"Accordo di rinnovo";"Edilizia";"CONFIMI INDUSTRIA EDILIZIA; FEDERCEPICOSTRUZIONI; FEDERTERZIARIO; FINCO; UGL COSTRUZIONI; CEUQ; ANCL (assistenza tecnica)";"13/05/2025";"01/04/2025";"";"31/12/2026";"EDILI: imprese artigiane e PMI industriali edili e affini (FEDERTERZIARIO)"
"CCNL dirigenza Ente Nazionale Risi 2024-2027";"Testo definitivo";"Enti e Istituzioni Private";"ENTE NAZIONALE RISI; FEDERMANAGER";"14/05/2025";"01/01/2024";"";"31/12/2027";"ENTE NAZIONALE RISI: Dirigenti"
"CCNL per il personale non dirigente Ente Nazionale Risi - triennio normativo ed economico 2023-2025";"Testo definitivo";"Enti e Istituzioni Private";"ENTE NAZIONALE RISI; CGIL FP; CISL FP";"05/12/2024";"01/01/2023";"";"31/12/2025";"ENTE NAZIONALE RISI"
"Verbale di accordo per il rinnovo del CCNL 15 marzo 2022 per i dipendenti dalle aziende esercenti la produzione del cemento, della calce e suoi derivati, del gesso e relativi manufatti, delle malte e dei materiali di base per le costruzioni, nonché la produzione promiscua di cemento, calce, gesso e malte";"Accordo di rinnovo";"Edilizia";"FEDERBETON; FENEAL UIL; FILCA CISL; FILLEA CGIL";"08/05/2025";"01/01/2025";"";"31/12/2027";"CEMENTO, CALCE, GESSO: Industrie"
"CCNL per i dipendenti degli Istituti di Patronato";"Testo definitivo";"Altri Vari";"CIU UNIONQUADRI; CONAPI; CONFIMPRESE ITALIA; FEDERAZIONE PROFESSIONISTI; AISOP; SILPA";"02/01/2025";"01/01/2025";"";"31/12/2027";"DIPENDENTI ISTITUTI DI PATRONATO"
"Verbale di accordo per il rinnovo biennale economico del CCNL per i dipendenti dalle organizzazioni degli allevatori, consorzi ed enti zootecnici del 14 novembre 2023";"Accordo economico";"Agricoltura";"ASSOCIAZIONE ITALIANA ALLEVATORI - AIA; FLAI CGIL; FAI CISL; UILA UIL; CONFEDERDIA";"12/12/2024";"01/01/2025";"";"31/12/2026";"ZOOTECNIA : Operai e Impiegati"
"Accordo di rinnovo del CCNL per i dipendenti da aziende esercenti attività del settore di Facility Management, Multiservizi, Pulizie dell'Artigianato, delle Piccole e Medie Imprese e della Cooperazione";"Accordo di rinnovo";"Aziende di Servizi";"FEDIMPRESE; CIU; SNAPEL";"24/06/2025";"24/06/2025";"";"24/06/2028";"FACILITY MANAGEMENT, MULTISERVIZI, PULIZIE: Artigianato, PMI e Coop"
"Verbale ipotesi d'accordo per il rinnovo del CCNL dipendenti delle agenzie marittime raccomandatarie e mediatori marittimi";"Accordo di rinnovo";"Trasporti";"FEDERAGENTI; FILT CGIL; FIT CISL; UILTRASPORTI";"13/09/2024";"01/09/2024";"";"31/12/2026";"AGENZIE MARITTIME E AEREE E MEDIATORI MARITTIMI"
"CCNL guardie ai fuochi per il triennio 2024-2026 per i dipendenti ed i soci delle società e/o cooperative di vigilanza antincendio";"Testo definitivo";"Trasporti";"ANGAF; FILT CGIL; FIT CISL; UILTRASPORTI";"18/10/2024";"01/01/2024";"";"31/12/2026";"VIGILANZA ANTINCENDIO (Societa'/Cooperative)"
"Ipotesi di Accordo per il rinnovo del CCNL 18 luglio 2022 per i lavoratori addetti al settore elettrico";"Accordo di rinnovo";"Aziende di Servizi";"ELETTRICITA' FUTURA; UTILITALIA; UGL CHIMICI";"11/02/2025";"01/01/2025";"";"31/12/2027";"ELETTRICI"
"Ipotesi di accordo di rinnovo del CCNL per gli addetti all'industria chimica, chimico-farmaceutica, delle fibre chimiche e dei settori abrasivi, lubrificanti e gpl";"Accordo di rinnovo";"Chimici";"FEDERCHIMICA; FARMINDUSTRIA; FILCTEM CGIL; FEMCA CISL; UILTEC UIL";"15/04/2025";"01/07/2025";"";"30/06/2028";"CHIMICO FARMACEUTICA e AFFINI: Industrie"
"Ipotesi di accordo di rinnovo del CCNL per gli addetti all'industria chimica, chimico-farmaceutica, delle fibre chimiche e dei settori abrasivi, lubrificanti e gpl";"Accordo di rinnovo";"Chimici";"FEDERCHIMICA; FARMINDUSTRIA; UGL CHIMICI; FAILC CONFAIL; FIALC CISAL";"15/04/2025";"01/07/2025";"";"30/06/2028";"CHIMICO FARMACEUTICA e AFFINI: Industrie"
"Ipotesi di accordo per il rinnovo del CCNL per il personale dipendente da imprese esercenti l'attività funebre";"Accordo di rinnovo";"Trasporti";"FENIOF; CONFCOMMERCIO IMPRESE PER L'ITALIA; FILT CGIL; FIT CISL; UILTRASPORTI";"20/05/2025";"01/01/2025";"";"31/12/2028";"POMPE FUNEBRI: Agenzie Private"
"Ipotesi di intesa per il rinnovo del CCNL della dirigenza medica degli Ospedali classificati 2016-2018";"Accordo di rinnovo";"Enti e Istituzioni Private";"ARIS; ANMIRS";"11/06/2025";"01/01/2016";"";"31/12/2018";"Dirigenti Medici di Ospedali Classificati e IRCCS (ARIS)"
"CCNL Intersettoriale settore Terziario";"Testo definitivo";"Commercio";"UNSIC; FENAPI; ASSOLAV; UNIPA ITALIA; IMPRENDITORITALIA; AEPI; CNL; UAI; UAI UTCS; AMPI; CDO; CONFSAL; CONFSAL FEDERLAVORATORI";"10/07/2025";"01/07/2025";"";"30/06/2028";"INTERSETTORIALE Settore TERZIARIO"
"CCNL per il personale dipendente da imprese di pulizia e servizi integrati/multiservizi - testo coordinato con l'accordo integrativo del 28/01/2025";"Testo definitivo";"Aziende di Servizi";"UNILAVORO PMI; CONFSAL FISALS";"28/01/2025";"28/01/2025";"";"31/05/2026";"PULIZIA: Imprese di pulizia e servizi integrati/multiservizi (UNILAVORO PMI)"
"Accordo di adesione al CCNL per i lavoratori dipendenti delle aziende e cooperative esercenti attività di Multiservizi, Pulizie, Logistica, Trasporti e Spedizioni, Commercio, Terziario, Servizi, Turismo e Pubblici Esercizi";"Verbale integrativo";"Altri Vari";"CONFIMITALIA; CONFAEL NAZIONALE COMPARTO TERZIARIO; CONFAEL; SNALP; FAL; UNILAVORO PMI; CONFSAL FISALS";"02/07/2025";"02/07/2025";"";"31/05/2026";"MULTISERVIZI, PULIZIE, LOGISTICA, TRASPORTI E SPEDIZIONI, COMMERCIO, TERZIARIO, SERVIZI, TURISMO E PUBBLICI ESERCIZI"
"CCNL per i dipendenti delle imprese esercenti attività prevalente nel settore autotrasporto, spedizione merci, logistica e facchinaggio";"Testo definitivo";"Trasporti";"UNIMPRESA; UNIMPRESA INDUSTRIA; UNIAP; ASSIDAL; AIFECS; CONFAIL; CIU UNIONQUADRI";"01/07/2025";"01/07/2025";"";"30/06/2028";"AUTOTRASPORTO, SPEDIZIONE MERCI, LOGISTICA E FACCHINAGGIO (UNIMPRESA - CONFAIL)"
"CCNL per i dipendenti del Commercio moderno, Distribuzione e Servizi";"Testo definitivo";"Commercio";"UNIMPRESA; UNIMPRESA INDUSTRIA; UNIAP; ASSIDAL; AIFECS; CONFAIL; CIU UNIONQUADRI";"01/07/2025";"01/07/2025";"";"30/06/2028";"TERZIARIO, COMMERCIO, DISTRIBUZIONE E SERVIZI (UNIMPRESA - CONFAIL)"
"CCNL per i dipendenti dalle imprese artigiane dei servizi di pulizia, disinfezione, disinfestazione, derattizzazione e sanificazione";"Testo definitivo";"Aziende di Servizi";"VALITALIA PMI; CONFIMPRESEITALIA; AIFOS; ASSOESERCENTI; ITALPMI; UCI; UNCI; FESICA";"24/06/2025";"01/07/2025";"";"30/06/2028";"PULIZIA: Imprese Artigiane servizi di pulizia, disinfezione, disinfestazione, derattizzazione e sanificazione"
"CCNL per i lavoratori dipendenti del settore commercio e somministrazione su area pubblica";"Testo definitivo";"Commercio";"VALITALIA PMI; CONFIMPRESEITALIA; AIFOS; ASSOESERCENTI; ITALPMI; UCI; UNCI; FESICA";"24/06/2025";"24/06/2025";"";"23/06/2028";"COMMERCIO E SOMMINISTRAZIONE SU AREA PUBBLICA"
"Accordo di adesione della CONFAEL al CCNL per i dipendenti delle Aziende Artigiane dei settori tessile, abbigliamento, calzaturiero e pulitintolavanderie";"Verbale integrativo";"Tessili";"UNILAVORO PMI; UNIPEL; FILP; CONFSAL FISALS; CONFAEL";"02/07/2025";"02/07/2025";"";"30/11/2026";"TESSILE, ABBIGLIAMENTO, CALZATURIERO E PULITINTOLAVANDERIE: Aziende Artigiane (UNILAVORO PMI)"
"Accordo di adesione della CONFAEL al CCNL per i dipendenti dalle aziende del terziario, commercio, pubblici esercizi e turismo";"Verbale integrativo";"Commercio";"UNILAVORO PMI; CONFSAL FISALS; CONFAEL";"02/07/2025";"02/07/2025";"";"15/05/2029";"TERZIARIO, COMMERCIO, PUBBLICI ESERCIZI E TURISMO (UNILAVORO PMI)"
"CCNL Lavanderie e Tintorie - Industria, Artigianato";"Testo definitivo";"Tessili";"CONFLAVORO PMI; FESICA; CONFSAL";"04/07/2025";"01/07/2025";"";"30/06/2028";"Lavanderie e Tintorie - Industria, Artigianato (CONFLAVORO PMI - CONFSAL)"
"CCNL Alimentari industria: produzione e trasformazione di alimenti per l'uomo e gli animali";"Testo definitivo";"Alimentaristi - Agroindustriale";"CONFLAVORO PMI; FESICA; CONFSAL";"04/07/2025";"01/07/2025";"";"30/06/2028";"ALIMENTARISTI: Industrie (CONFLAVORO PMI)"
"CCNL per i dipendenti delle aziende, società ed enti pubblici economici aderenti a Federcasa 2022-2024";"Testo definitivo";"Enti e Istituzioni Private";"FEDERCASA; FP CGIL; FPS CISL; UIL FPL; FESICA CONFSAL";"06/11/2024";"01/01/2022";"";"31/12/2024";"FEDERCASA"
"Verbale di accordo di adesione all'accordo 8 maggio 2025 per il rinnovo del CCNL 15 marzo 2022 per i dipendenti dalle aziende esercenti la produzione del cemento, della calce e suoi derivati, del gesso e relativi manufatti, delle malte e dei materiali di base per le costruzioni, nonché la produzione promiscua di cemento, calce, gesso e malte";"Accordo di rinnovo";"Edilizia";"FEDERBETON; UGL COSTRUZIONI";"12/05/2025";"01/01/2025";"";"31/12/2027";"CEMENTO, CALCE, GESSO: Industrie"
"Accordo di rinnovo del CCNL per i dipendenti da Istituti e Imprese di vigilanza privata e servizi di sicurezza";"Accordo di rinnovo";"Commercio";"ASSICUREZZA CONFESERCENTI; FILCAMS CGIL; FISASCAT CISL; UILTUCS";"02/12/2024";"01/06/2023";"";"31/05/2026";"VIGILANZA PRIVATA E SERVIZI FIDUCIARI (ASSICUREZZA CONFESERCENTI)"
"CCNL per i lavoratori addetti al settore elettrico";"Testo definitivo";"Aziende di Servizi";"ELETTRICITA' FUTURA; UTILITALIA; ENEL SPA; GSE SPA; SOGIN SPA; TERNA SPA; ENERGIA LIBERA; FILCTEM CGIL; FLAEI CISL; UILTEC UIL; UIL";"11/02/2025";"01/01/2025";"";"31/12/2027";"ELETTRICI"
"CCNL Area Meccanica";"Testo definitivo";"Meccanici";"CONFARTIGIANATO Autoriparazione; CONFARTIGIANATO Metalmeccanica di Produzione; CONFARTIGIANATO Impianti; CONFARTIGIANATO Orafi; CONFARTIGIANATO Odontotecnici; CONFARTIGIANATO Restauro; CNA Produzione; CNA Installazione e Impianti; CNA Servizi alla comunità/Autoriparatori; CNA Artistico e tradizionale; CNA Benessere e Sanità SNO; CASARTIGIANI; CLAAI; FIOM CGIL; CGIL; FIM CISL; CISL; UILM UIL; UIL";"19/11/2024";"01/01/2023";"";"31/12/2026";"MECCANICA, ORAFI ARGENTIERI, ODONTOTECNICI: artigiani"
"Accordo per il rinnovo del CCNL per i dipendenti delle aziende di lavorazione della foglia di tabacco secco allo stato sciolto 2025-2028";"Accordo di rinnovo";"Alimentaristi - Agroindustriale";"APTI; FAI CISL; FLAI CGIL; UILA UIL";"02/07/2025";"01/01/2025";"";"31/12/2028";"TABACCO: (Lavorazione del)"
"CCNL per i quadri direttivi e per il personale delle aree professionali dipendenti dalle imprese creditizie, finanziarie e strumentali";"Testo definitivo";"Credito Assicurazioni";"ABI; FABI; FIRST CISL; FISAC CGIL; UILCA; UNISIN";"14/07/2025";"23/11/2023";"";"31/03/2026";"BANCARI: ABI (Quadri direttivi e aree professionali)"
"Accordo di rinnovo del CCNL per i dirigenti dipendenti dalle imprese creditizie, finanziarie e strumentali del 13 luglio 2015";"Accordo di rinnovo";"Credito Assicurazioni";"ABI; FABI; FIRST CISL; FISAC CGIL; UILCA; UNISIN";"15/07/2025";"15/07/2025";"";"31/07/2028";"BANCARI: ABI (Dirigenti)"
"Verbale di adeguamento contrattuale della parte economica del CCNL per gli addetti delle micro, piccole e medie imprese operanti nel settore Turismo e attività affini del 22 febbraio 2016";"Accordo economico";"Commercio";"FOR ITALY; UGL TERZIARIO";"31/03/2024";"01/11/2024";"";"";"TURISMO E AFFINI: micro, piccole e medie imprese (FOR.ITALY)"
"CCNL Settore SPORT - Area dilettantistica";"Testo definitivo";"Commercio";"FISAPI; FEDIMI; USFAB; ASSOLAV SPORT; FISALP CONFSAL; CONFSAL";"02/07/2025";"01/07/2025";"";"30/06/2028";"SETTORE SPORT - Area dilettantistica"
"CCNL del settore logistica, trasporto merci e spedizione";"Testo definitivo";"Trasporti";"ANAP; SELP; SLE; SIFUS";"25/07/2025";"01/08/2025";"";"30/07/2028";"LOGISTICA, TRASPORTO MERCI E SPEDIZIONE (ANAP)"
"Accordo di rinnovo del CCNL per i dipendenti di Centri Elaborazione Dati (CED), imprese ICT, professioni digitali e STP";"Accordo di rinnovo";"Commercio";"ASSOCED; LAIT; CONFTERZIARIO; UGL TERZIARIO; UGL";"28/07/2025";"01/09/2025";"";"31/08/2028";"CENTRI DI ELABORAZIONE DATI"
"CCNL per le scuole Globeducate in Italia";"Testo definitivo";"Enti e Istituzioni Private";"SEG SPA; FLC CGIL; CISL SCUOLA";"23/06/2025";"01/09/2025";"";"31/08/2029";"SCUOLE GLOBEDUCATE IN ITALIA"
"Verbale di adesione al CCNL dipendenti farmacie private";"Verbale integrativo";"Commercio";"FEDERFARMA; UGL TERZIARIO";"17/06/2025";"";"";"";"FARMACIE PRIVATE"
"CCNL della Mobilità / Area contrattuale Attività Ferroviarie del 22 maggio 2025 di rinnovo del CCNL Mobilità/Area AF del 22 marzo 2022";"Accordo di rinnovo";"Trasporti";"AGENS; ANCP; CONFCOOPERATIVE LAVORO E SERVIZI; LEGACOOP PRODUZIONE E SERVIZI; FILT CGIL; FIT CISL; UILTRASPORTI; UGL FERROVIERI; FAST CONFSAL; ORSA FERROVIE";"22/05/2025";"01/01/2024";"";"31/12/2026";"FERROVIE: Attivita' ferroviarie"
"CCNL per il personale dirigente SIAE 2024/2025";"Testo definitivo";"Poligrafici e Spettacolo";"SIAE; SNAD SIAE";"08/07/2025";"01/01/2024";"";"31/12/2025";"SIAE (SOCIETA' ITALIANA AUTORI ED EDITORI): Dirigenti"
"CCNL PMI manifatturiere e facility management";"Testo definitivo";"Altri Vari";"ANCORS; CIU UNIONQUADRI";"29/07/2025";"25/08/2025";"";"31/12/2029";"PMI MANIFATTURIERE E FACILITY MANAGEMENT"
"CCNL per i dipendenti da imprese edili ed affini";"Testo definitivo";"Edilizia";"CONFIMITALIA (aderente CIU); SNALP (aderente CIU); CONFAEL; CONFEPI";"01/07/2025";"01/08/2025";"";"30/06/2028";"EDILI: imprese edili ed affini (CONFIMITALIA)"
"CCNL per addetti all'industria metalmeccanica privata e alla installazione impianti";"Testo definitivo";"Meccanici";"CONFIMITALIA (aderente CIU); SNALP (aderente CIU); CONFAEL; CONFEPI";"01/07/2025";"01/08/2025";"";"30/06/2028";"METALMECCANICO: Settore Industria (CONFIMITALIA)"
"CCNL settore Mobilità";"Testo definitivo";"Trasporti";"CONFIMITALIA (aderente CIU); SNALP (aderente CIU); CONFAEL; CONFEPI";"01/07/2025";"01/08/2025";"";"30/06/2028";"MOBILITA' (CONFIMITALIA)"
"Accordo Collettivo Nazionale di lavoro degli Operatori telefonici - in modalità outbound - dei Call Center in outsourcing";"Testo definitivo";"Commercio";"CONFIMITALIA (aderente CIU); SNALP (aderente CIU); CONFAEL; CONFEPI";"01/07/2025";"01/08/2025";"";"30/06/2028";"OPERATORI TELEFONICI DEI CALL CENTER IN OUTSOURCING"
"CCNL per il personale dipendente delle strutture sanitarie, rsa e delle altre strutture residenziali e socio-assistenziali";"Testo definitivo";"Enti e Istituzioni Private";"CONFIMITALIA (aderente CIU); SNALP (aderente CIU); CONFAEL; CONFEPI; CONFEPI SANITA'";"01/07/2025";"01/08/2025";"";"30/06/2028";"STRUTTURE SANITARIE, RSA E ALTRE STRUTTURE RESIDENZIALI E SOCIO-ASSISTENZIALI"
"CCNL per gli Operatori Agricoli e Florovivaisti";"Testo definitivo";"Agricoltura";"CONFIMITALIA (aderente CIU); SNALP (aderente CIU); CONFAEL; CONFEPI";"01/07/2025";"01/08/2025";"";"30/06/2028";"AGRICOLTURA: Operatori Agricoli e Florovivaisti"
"CCNL per i dipendenti delle Aziende, Società ed Enti Pubblici Economici aderenti a CONFAEL";"Testo definitivo";"Enti e Istituzioni Private";"CONFIMITALIA (aderente CIU); SNALP (aderente CIU); CONFAEL; CONFEPI";"01/07/2025";"01/08/2025";"";"30/06/2028";"CONFAEL"
"CCNL per i lavoratori delle aziende dei servizi di distribuzione e vendita del gas e del ciclo idrico integrale (c.d. settore Gas e Acqua)";"Testo definitivo";"Aziende di Servizi";"CONFIMITALIA (aderente CIU); SNALP (aderente CIU); CONFAEL; CONFEPI";"01/07/2025";"01/08/2025";"";"30/06/2028";"GAS e ACQUA (CONFIMITALIA)"
"CCNL per i lavoratori operanti nei settori della Acconciatura, della Estetica, della Tricologia non curativa, del Tatuaggio, del Piercing, dei Centri Benessere e della Toelettatura degli animali";"Testo definitivo";"Commercio";"CONFIMITALIA (aderente CIU); SNALP (aderente CIU); CONFAEL; CONFEPI";"01/07/2025";"01/08/2025";"";"30/06/2028";"Acconciatura, Estetica, Tricologia non curativa, Tatuaggio, Piercing, Centri Benessere e Toelettatura animali (CONFIMITALIA)"
"CCNL per gli ormeggiatori e barcaioli dei porti italiani";"Testo definitivo";"Trasporti";"CONFIMITALIA (aderente CIU); SNALP (aderente CIU); CONFAEL; CONFEPI";"01/07/2025";"01/08/2025";"";"30/06/2028";"MARITTIMI: Ormeggiatori e Barcaioli dei Porti Italiani (CONFIMITALIA)"
"CCNL per il settore Doppiaggio";"Testo definitivo";"Poligrafici e Spettacolo";"CONFIMITALIA (aderente CIU); SNALP (aderente CIU); CONFAEL; CONFEPI";"01/07/2025";"01/08/2025";"";"30/06/2028";"DOPPIAGGIO (CONFIMITALIA)"
"CCNL per il personale artistico, tecnico e amministrativo scritturato dai teatri nazionali, dai teatri di rilevante interesse culturale, dai centri di produzione e dalle compagnie teatrali professionali, e regolamento di palcoscenico";"Testo definitivo";"Poligrafici e Spettacolo";"CONFIMITALIA (aderente CIU); SNALP (aderente CIU); CONFAEL; CONFEPI";"01/07/2025";"01/08/2025";"";"30/06/2028";"TEATRI, CENTRI DI PRODUZIONE E COMPAGNIE TEATRALI"
"CCNL per la disciplina dell'attività di consegna di beni per conto terzi, svolta da lavoratori autonomi, c.d. Rider";"Testo definitivo";"Altri Vari";"CONFIMITALIA (aderente CIU); SNALP (aderente CIU); CONFAEL; CONFEPI";"01/07/2025";"01/08/2025";"";"30/06/2028";"RIDER (CONFIMITALIA)"
"CCNL Vigilanza Privata e Servizi Fiduciari";"Testo definitivo";"Commercio";"CONFIMITALIA (aderente CIU); SNALP (aderente CIU); CONFAEL; CONFEPI";"01/07/2025";"01/08/2025";"";"30/06/2028";"VIGILANZA PRIVATA E SERVIZI FIDUCIARI (CONFIMITALIA)"
"CCNL sulla disciplina del rapporto di lavoro domestico";"Testo definitivo";"Commercio";"CONFIMITALIA (aderente CIU); SNALP (aderente CIU); CONFAEL; CONFEPI; CONFIMITALIA Colf e Badanti";"01/07/2025";"01/08/2025";"";"30/06/2028";"LAVORO DOMESTICO (CONFIMITALIA)"
"CCNL per i dipendenti degli studi professionali";"Testo definitivo";"Commercio";"CONFIMITALIA (aderente CIU); SNALP (aderente CIU); CONFAEL; CONFEPI";"01/07/2025";"01/08/2025";"";"30/06/2028";"Studi Professionali (CONFIMITALIA)"
"CCNL per i lavoratori della piccola media industria dei settori chimica, concia e settori accorpati, plastica e gomma, abrasivi, ceramica e vetro";"Testo definitivo";"Chimici";"CONFIMITALIA (aderente CIU); SNALP (aderente CIU); CONFAEL; CONFEPI";"01/07/2025";"01/08/2025";"";"30/06/2028";"CHIMICA: PMI (CONFIMITALIA)"
"CCNL settore Igiene Ambientale delle Aziende Private";"Testo definitivo";"Aziende di Servizi";"CONFIMITALIA (aderente CIU); SNALP (aderente CIU); CONFAEL; CONFEPI";"01/07/2025";"01/08/2025";"";"30/06/2028";"PULIZIA: Igiene Ambientale delle Aziende Private (CONFIMITALIA)"
"CCNL per gli Studi Professionali, Centri elaborazione dati, Consulenti Tributari e Tributaristi";"Testo definitivo";"Commercio";"CONFIMITALIA (aderente CIU); SNALP (aderente CIU); CONFAEL; CONFEPI";"01/07/2025";"01/08/2025";"";"30/06/2028";"Studi Professionali, Centri Elaborazione Dati, Consulenti Tributari e Tributaristi (CONFIMITALIA)"
"CCNL per i lavoratori del settore Trasporto e spedizione merci (artigianato)";"Testo definitivo";"Trasporti";"CONFIMITALIA (aderente CIU); SNALP (aderente CIU); CONFAEL; CONFEPI";"01/07/2025";"01/08/2025";"";"30/06/2028";"TRASPORTO E SPEDIZIONE MERCI (NELL'ARTIGIANATO)"
"CCNL per il personale impiegatizio e quadro dell'AGENZIA DEL DEMANIO ENTE PUBBLICO ECONOMICO";"Testo definitivo";"Enti e Istituzioni Private";"AGENZIA DEL DEMANIO; CISL FP; UIL PA; CONFSAL UNSA; CSE FLP";"29/07/2025";"01/01/2022";"";"31/12/2024";"AGENZIA DEL DEMANIO"
"CCNL per i lavoratori delle imprese, anche cooperative, esercenti attività nel settore "Autotrasporto, Spedizione e movimentazione Merci, Logistica ed Affini svolte, anche in somministrazione, per conto terzi su strada, via aerea e marittima"";"Testo definitivo";"Trasporti";"UNSIC; UNSICOOP; CONFIAL";"22/04/2025";"01/05/2025";"";"30/04/2028";"AUTOTRASPORTO, SPEDIZIONE E MOVIMENTAZIONE MERCI, LOGISTICA ED AFFINI"
"Addendum al CCNL per i dipendenti delle Piccole e Medie Imprese Edili artigiane Industriali e Affini";"Verbale integrativo";"Edilizia";"CONFIMPRENDITORI; FISMIC CONFSAL";"06/08/2025";"01/06/2025";"";"31/05/2028";"EDILI: PMI artigiane industriali e affini (CONFIMPRENDITORI - FISMIC CONFSAL)"
"CCNL dei Servizi Ambientali";"Testo definitivo";"Aziende di Servizi";"UTILITALIA; CONFINDUSTRIA CISAMBIENTE; LEGACOOP PRODUZIONE E SERVIZI; CONFCOOPERATIVE LAVORO E SERVIZI; AGCI SERVIZI; ASSOAMBIENTE; FP CGIL; FIT CISL; UILTRASPORTI UIL; FIADEL";"18/05/2022";"01/01/2022";"";"31/12/2024";"SERVIZI AMBIENTALI"
"Protocollo modificativo al CCNL per i soci ed i dipendenti delle cooperative pesca ed acquacoltura e loro consorzi";"Verbale integrativo";"Alimentaristi - Agroindustriale";"UNCI; UNCI AGROALIMENTARE; FESICA CONFSAL; CONFSAL PESCA";"01/08/2025";"01/08/2025";"";"";"PESCA: Cooperative (UNCI-CONFSAL)"
"Accordo integrativo al CCNL dei settori Commercio, Terziario, Distribuzione e Servizi";"Verbale integrativo";"Commercio";"ADLI; FITESC; CIU UNIONQUADRI";"01/09/2025";"";"";"";"COMMERCIO, TERZIARIO, DISTRIBUZIONE E SERVIZI (ADLI)"
"Accordo integrativo al CCNL per gli addetti all'industria Metalmeccanica privata e alla installazione impianti";"Verbale integrativo";"Meccanici";"ADLI; FITESC; CIU UNIONQUADRI";"01/09/2025";"";"";"";"METALMECCANICA: Industria (ADLI)"
"CCNL per le aziende dell'autotrasporto, spedizione merci, logistica e facchinaggio";"Testo definitivo";"Trasporti";"FMPI; CONFINTESA";"12/09/2025";"12/09/2025";"";"31/12/2027";"AUTOTRASPORTO, SPEDIZIONE MERCI, LOGISTICA E FACCHINAGGIO (FMPI)"
"CCNL Collaboratori Familiari";"Testo definitivo";"Commercio";"ASDATCOLF; SILPA; SIDU; ASSO AILI; AISOP";"08/01/2025";"01/01/2025";"";"31/12/2030";"COLLABORATORI FAMILIARI"
"CCNL per i dipendenti dei Laboratori di Analisi Cliniche e dei Centri Poliambulatoriali";"Testo definitivo";"Enti e Istituzioni Private";"UNILAVORO PMI; FEDERLAB; CONFSAL FISALS";"14/11/2025";"01/11/2025";"";"31/10/2030";"LABORATORI DI ANALISI CLINICHE E CENTRI POLIAMBULATORIALI (UNILAVORO PMI)"
"Accordo integrativo al CCNL per i dipendenti del settore "Metalmeccanica - Industria - Installazione impianti"";"Verbale integrativo";"Meccanici";"CONAPI; CONFINTESA";"24/09/2025";"";"";"";"METALMECCANICA - INDUSTRIA - INSTALLAZIONE IMPIANTI"
"CCNL per addetti delle aziende e delle cooperative agricole, agrituristiche e florovivaiste";"Testo definitivo";"Agricoltura";"UIPA; UNIDAT; SEAL; CIU UNIONQUADRI; FEDAL";"24/09/2025";"01/06/2025";"";"31/05/2028";"AZIENDE E COOPERATIVE AGRICOLE, AGRITURISTICHE E FLOROVIVAISTE (UIPA)"
"CCNL per i dipendenti degli Istituti per il sostentamento del Clero";"Testo definitivo";"Altri Vari";"Istituto Centrale per il sostentamento del Clero; CONFCOMMERCIO; UGL Terziario";"14/01/2025";"01/01/2025";"";"31/12/2027";"ISTITUTI PER IL SOSTENTAMENTO DEL CLERO"
"CCNL per i dipendenti degli Istituti per il sostentamento del Clero";"Testo definitivo";"Altri Vari";"Istituto Centrale per il sostentamento del Clero; CONFCOMMERCIO; FISASCAT CISL; FILCAMS CGIL; UILTUCS";"14/01/2025";"01/01/2025";"";"31/12/2027";"ISTITUTI PER IL SOSTENTAMENTO DEL CLERO"
"CCNL logistica, trasporto merci e spedizione";"Testo definitivo";"Trasporti";"AITI; ASSOESPRESSI; ASSOLOGISTICA; FEDESPEDI; FEDIT; FISI; TRASPORTOUNITO FIAP; CONFETRA; ANITA; ASSOTIR; FAI; FEDERLOGISTICA; UNITAI; CONFTRASPORTO; CNA FITA; CONFARTIGIANATO TRASPORTI; CASARTIGIANI; CLAAI; CONFCOOPERATIVE LAVORO E SERVIZI; LEGACOOP PRODUZIONE E SERVIZI; AGCI SERVIZI; FEDERTRASLOCHI; FIAP; AITE; FILT CGIL; FIT CISL; UILTRASPORTI UIL";"25/09/2025";"06/12/2024";"";"31/12/2027";"LOGISTICA, TRASPORTO MERCI E SPEDIZIONE"
"CCNL sulla disciplina del rapporto di lavoro domestico";"Testo definitivo";"Commercio";"UIDD; UNIDAT; CIU; SEAL; FEDAL";"24/09/2025";"01/06/2025";"";"31/05/2028";"LAVORO DOMESTICO (UIDD)"
"CCNL per la distribuzione delle merci, servizi postali privati ed il delivery dell'ultimo miglio";"Testo definitivo";"Trasporti";"CONFIMPRENDITORI; ASSOPOSTALE; CIU UNIONQUADRI; FILCOM FISMIC CONFSAL";"17/09/2025";"17/09/2025";"";"16/09/2028";"DISTRIBUZIONE MERCI, LOGISTICA E SERVIZI VERSO LA P.A. E IL CITTADINO"
"Disciplina contrattuale nazionale di lavoro per i dipendenti del settore educazione, istruzione, formazione professionale, formazione, lavoro e certificazione - parte speciale CCNL istruzione  e formazione professionale";"Verbale integrativo";"Enti e Istituzioni Private";"FEDERTERZIARIO SCUOLA; FEDERTERZIARIO; UGL SCUOLA";"30/09/2025";"01/10/2025";"";"31/08/2026";"SCUOLE NON STATALI, ENTI DI FORMAZIONE, SCUOLE DI PREPARAZIONE, SCUOLE DELL'INFANZIA, ASILI NIDO"
"CCNL per i lavoratori dipendenti delle Organizzazioni Sindacali Nazionali e Territoriali, di rappresentanza e di categoria delle Associazioni anche di settore e degli Enti loro partecipati, promossi e collegati";"Testo definitivo";"Altri Vari";"CONFEURO; ANDI ITALIA; EUROCOLTIVATORI; CIU UNIONQUADRI; SINDACATO GENERALE DEL LAVORO; UNILAI";"04/08/2025";"01/07/2025";"";"30/06/2028";"DIPENDENTI ORGANIZZAZIONI SINDACALI (CONFEURO)"
"Accordo integrativo per l'istituzione della 14° mensilità al CCNL Enti di Formazione";"Verbale integrativo";"Enti e Istituzioni Private";"UNIMPRESA; UNIMPRESA Professioni; UNIAP; ASSIDAL; CONFAIL; CIU UNIONQUADRI";"01/10/2025";"01/01/2026";"";"";"ENTI DI FORMAZIONE"
"CCNL per gli addetti e responsabili del servizio di prevenzione e protezione ed a mansioni specifiche sulla sicurezza nei luoghi di lavoro";"Testo definitivo";"Altri Vari";"AIRFOR; UNIL";"25/09/2025";"20/11/2025";"";"19/11/2028";"SERVIZIO DI PREVENZIONE E PROTEZIONE E SICUREZZA NEI LUOGHI DI LAVORO"
"CCNL aziende del settore METALMECCANICO ARTIGIANO";"Testo definitivo";"Meccanici";"FEDERNETWORK; SINDACATO POPOLO DELLA RETE";"19/09/2025";"01/07/2025";"";"30/06/2028";"METALMECCANICA: artigiani (FEDERNETWORK)"
"CCNL per i lavoratori dipendenti delle aziende dei settori del legno, arredamento, mobili, escavazione e lavorazione di materiali lapidei - testo coordinato con le modifiche introdotte dall'Accordo integrativo e di rinnovo del 15/10/2025";"Testo definitivo";"Edilizia";"UNILAVORO PMI; SIFA; ANIFA; CONFSAL FISALS";"15/10/2025";"15/10/2025";"";"15/10/2028";"Settori LEGNO, ARREDAMENTO, MOBILI, ESCAVAZIONE E LAVORAZIONE DEI MATERIALI LAPIDEI (UNILAVORO PMI)"
"CCNL per i dipendenti delle imprese del comparto della bellezza e del servizio alla persona";"Testo definitivo";"Commercio";"CONFIMPRESEITALIA; VALITALIA PMI; AIFOS; ASSOESERCENTI; ITALPMI; UCI; UNCI; FESICA";"06/10/2025";"01/10/2025";"";"30/09/2028";"Bellezza e Servizio alla Persona: imprese"
"CCNL per il personale dipendente che opera presso le scuole private di lingua inglese e lingue moderne aderenti alle associazioni AISLI e AIBSE";"Testo definitivo";"Enti e Istituzioni Private";"AISLI; AIBSE; UGL Scuola; UGL";"15/10/2025";"01/09/2025";"";"31/08/2028";"SCUOLE PRIVATE DI LINGUA INGLESE E LINGUE MODERNE"
"DPR 24 marzo 2025, n. 52 - Recepimento dell'accordo sindacale relativo al triennio 2022-2024 per il personale delle Forze armate";"Testo definitivo";"Amministrazione Pubblica";"DELEGAZIONE DI PARTE PUBBLICA; SIAMO EI; ASPMI; LRM; USMIA; SAM; SINAM; SIM MM; AMUS AM; SIAM; SIULM";"24/03/2025";"01/01/2022";"";"31/12/2024";"FORZE ARMATE (Esercito - Marina - Aeronautica)"
"DPR 24 marzo 2025, n. 53 - Recepimento degli accordi sindacali relativi al triennio 2022-2024 per il personale delle Forze di polizia ad ordinamento civile e militare";"Testo definitivo";"Amministrazione Pubblica";"Delegazione di parte pubblica; SIULP; SAP; SIAP; FSP Polizia di Stato - ES - LS - CONSAP -MP; Federazione COISP - MOSAP; SILP CGIL; SAPPE; SINAPPE; OSAPP; UILPA PP; USPP; CISL FNS; SIM CC; USIC; PSC ASSIEME; UNARMA; NSC; SIUL CC; USMIA; USIF; SINAFI - CGS; SILF";"24/03/2025";"01/01/2022";"";"31/12/2024";"FORZE DI POLIZIA AD ORDINAMENTO MILITARE: personale non dirigente"
"DPR 24 marzo 2025, n. 53 - Recepimento degli accordi sindacali relativi al triennio 2022-2024 per il personale delle Forze di polizia ad ordinamento civile e militare";"Testo definitivo";"Amministrazione Pubblica";"Delegazione di parte pubblica; SIULP; SAP; SIAP; FSP Polizia di Stato - ES - LS - CONSAP -MP; Federazione COISP - MOSAP; SILP CGIL; SAPPE; SINAPPE; OSAPP; UILPA PP; USPP; CISL FNS; SIM CC; USIC; PSC ASSIEME; UNARMA; NSC; SIUL CC; USMIA; USIF; SINAFI - CGS; SILF";"24/03/2025";"01/01/2022";"";"31/12/2024";"FORZE DI POLIZIA AD ORDINAMENTO CIVILE: personale non dirigente"
"DPR 23 giugno 2025, n. 125 - Recepimento dell'accordo sindacale per il  personale non direttivo e non dirigente del Corpo Nazionale dei VIGILI del FUOCO per il triennio 2022-2024";"Testo definitivo";"Amministrazione Pubblica";"Delegazione di parte pubblica; CONAPO; FNS CISL; UIL PA VVF; CONFSAL VVF";"23/06/2025";"01/01/2022";"";"31/12/2024";"VIGILI DEL FUOCO"
"DPR 23 giugno 2025 n. 124 - Recepimento dell'accordo sindacale per il  personale direttivo e dirigente del Corpo Nazionale dei VIGILI del FUOCO (triennio 2022-2024)";"Testo definitivo";"Amministrazione Pubblica";"Delegazione di parte pubblica; FNS CISL; UILPA VVF; FEDERDISTAT VVF E FC; CONFSAL VVF; CONAPO; AP VVF; SINDIR VVF";"23/06/2025";"01/01/2022";"";"31/12/2024";"VIGILI DEL FUOCO: direttivi e dirigenti"
"Sequenza contrattuale ENAC ad integrazione del CCNL del personale del Comparto Funzioni Centrali del 09 maggio 2022";"Verbale integrativo";"Amministrazione Pubblica";"ARAN; CISL FP; CISL; FP CGIL; CGIL; UIL PA; UIL; CONFSAL UNSA; CONFSAL; FLP; CGS; USB PI; USB; CONFINTESA FP; CONFINTESA";"16/06/2025";"";"";"";"Comparto FUNZIONI CENTRALI"
"Contratto di interpretazione autentica dell'art. 17, comma 8, terzo periodo, del CCNL del Comparto Funzioni Centrali 2022-2024, sottoscritto il 27 gennaio 2025, concernente la decorrenza della disciplina del diritto all'incarico di posizione organizzativa";"Verbale integrativo";"Amministrazione Pubblica";"ARAN; CISL FP; CISL; CONFSAL UNSA; CONFSAL; FLP; CGS; CONFINTESA FP; CONFINTESA";"29/09/2025";"";"";"";"Comparto FUNZIONI CENTRALI"
"CCNL intersettoriale - Commercio, Terziario, Distribuzione, Servizi, Pubblici Esercizi e Turismo - testo coordinato che recepisce le integrazioni degli accordi integrativi del 23/09/2025 e del 20/10/2025";"Testo definitivo";"Commercio";"CIFA; CONFSAL Federlavoratori; CONFSAL";"20/10/2025";"01/10/2025";"";"31/05/2025";"INTERSETTORIALE: Commercio, Terziario, Distribuzione, Servizi, Pubblici Esercizi e Turismo"
"Stesura definitiva del CCNL per i lavoratori dipendenti delle imprese artigiane e delle piccole e medie imprese industriali dell'edilizia e affini del 20 maggio 2025";"Testo definitivo";"Edilizia";"ANAEPA CONFARTIGIANATO EDILIZIA; CNA COSTRUZIONI; FIAE CASARTIGIANI; CLAAI EDILIZIA; FENEAL UIL; FILCA CISL; FILLEA CGIL";"15/10/2025";"01/05/2025";"";"30/09/2028";"EDILI: Artigiane"
"CCNL per la disciplina dei rapporti fra le imprese di assicurazione e il personale dipendente non dirigente";"Testo definitivo";"Credito Assicurazioni";"ANIA; FIRST CISL; FISAC CGIL; FNA; SNFIA; UILCA";"22/02/2017";"22/02/2017";"";"31/12/2019";"ASSICURAZIONI: Dipendenti (ANIA)"
"CCNL relativo al personale del Comparto Sanità";"Testo definitivo";"Amministrazione Pubblica";"ARAN; CISL FP; CISL; FIALS; CONFSAL; NURSIND; CGS; NURSING UP; CSE";"27/10/2025";"01/01/2022";"";"31/12/2024";"Comparto SANITA'"
"CCNL relativo al personale dell'Area Funzioni Centrali triennio 2022-2024";"Testo definitivo";"Amministrazione Pubblica";"ARAN; CISL FP; CISL; ANMI ASSOMED SIVEMP FPM; COSMED; CIDA FC; CIDA; FLEPAR; CODIRP; UIL PA; UIL; UNADIS; CONFDAS; DIRSTAT FIALP UNSA; CONFEDIR";"28/10/2025";"01/01/2022";"";"31/12/2024";"AREA FUNZIONI CENTRALI: Dirigenti"
"CCNL del personale del comparto autonomo della Presidenza del Consiglio dei Ministri relativo al triennio 2019-2021";"Testo definitivo";"Amministrazione Pubblica";"ARAN; SNAPRECOM; CISAL; USB PI; USB; CISL FP; CISL; FLP; CSE; SIPRE; USAE";"28/10/2025";"01/01/2019";"";"31/12/2021";"PRESIDENZA DEL CONSIGLIO DEI MINISTRI"
"Accordo di rinnovo economico del CCNL Multiservizi";"Accordo economico";"Aziende di Servizi";"CONFLAVORO PMI; CONFSAL; FESICA";"27/10/2025";"01/10/2025";"";"";"MULTISERVIZI (CONFLAVORO PMI - CONFSAL)"
"Accordo di rinnovo economico del CCNL IGIENE AMBIENTALE - Aziende Private e Municipalizzate";"Accordo economico";"Aziende di Servizi";"CONFLAVORO PMI; CONFSAL; FESICA";"27/10/2025";"01/10/2025";"";"";"PULIZIA: Igiene Ambientale (CONFLAVORO PMI - CONFSAL)"
"Accordo di rinnovo economico del CCNL per la distribuzione delle merci, della logistica e dei servizi privati";"Accordo economico";"Trasporti";"CONFLAVORO PMI; CONFSAL; FESICA";"27/10/2025";"01/10/2025";"";"";"DISTRIBUZIONE MERCI, LOGISTICA E SERVIZI PRIVATI"
"Accordo di rinnovo economico del CCNL addetti all'industria metalmeccanica privata e alla installazione impianti";"Accordo economico";"Meccanici";"CONFLAVORO PMI; CONFSAL; FESICA";"27/10/2025";"01/10/2025";"";"";"METALMECCANICA: Industria (CONFLAVORO PMI)"
"Accordo di rinnovo economico del CCNL per gli addetti alla Piccola e Media Industria Metalmeccanica, Orafa e alla Installazione Impianti";"Accordo economico";"Meccanici";"CONFLAVORO PMI; CONFSAL; FESICA";"27/10/2025";"01/10/2025";"";"";"METALMECCANICA: P.M.I. (CONFLAVORO PMI)"
"CCNL per il personale direttivo - docente - non docente delle istituzioni di alta cultura, università ed accademie legalmente riconosciute";"Testo definitivo";"Enti e Istituzioni Private";"FIINSEI; CONFIMPRESEITALIA; CIU UNIONQUADRI; CONFAL SCUOLA";"28/10/2025";"01/09/2025";"";"31/08/2028";"ISTITUZIONI DI ALTA CULTURA, UNIVERSITA' ED ACCADEMIE LEGALMENTE RICONOSCIUTE"
"CCNL Scuola non Statale per il personale direttivo, docente, non docente delle istituzioni scolastiche paritarie";"Testo definitivo";"Enti e Istituzioni Private";"FIINSEI; CONFIMPRESEITALIA; CIU UNIONQUADRI; CONFAL SCUOLA";"28/10/2025";"01/09/2025";"";"31/08/2028";"SCUOLE NON STATALI (Fiinsei-Confimpreseitalia)"
"Accordo di integrazione del CCNL per le imprese e i lavoratori dipendenti delle cooperative esercenti attività disciplinata dalle norme vigenti in materia di distribuzione cooperativa, cooperative di consumo e servizi, nonché dei servizi correlati e collegati, richiesti dalla committenza, sia pubblica che privata";"Accordo economico";"Commercio";"UNICOOP; UGL TERZIARIO; UGL";"22/10/2025";"01/10/2025";"";"31/12/2026";"DISTRIBUZIONE COOPERATIVA, COOPERATIVE DI CONSUMO E SERVIZI (UNICOOP)"
"Accordo collettivo nazionale per la disciplina dei rapporti con le farmacie pubbliche e privatedi cui all'art. 8, comma 2, del D. Lgs.30 dicembre 1992, n. 502 e successive modifiche  e integrazioni";"Testo definitivo";"Amministrazione Pubblica";"SISAC; FEDERFARMA; ASSOFARM";"06/03/2025";"06/03/2025";"";"05/03/2028";"SANITA': Farmacie pubbliche e private"
"Verbale di accordo per il rinnovo del CCNL per i lavoratori dipendenti della piccola e media industria alimentare scaduto il 31 ottobre 2024";"Accordo di rinnovo";"Alimentaristi - Agroindustriale";"UNIONALIMENTARI CONFAPI; CONFAPI; FAI CISL; FLAI CGIL; UILA UIL";"28/05/2025";"01/11/2024";"";"31/10/2028";"ALIMENTARISTI: P.M.I."
"Verbale di rettifica all'accordo per il rinnovo del CCNL per i lavoratori dipendenti della piccola e media industria alimentare del 28 maggio 2025";"Verbale integrativo";"Alimentaristi - Agroindustriale";"UNIONALIMENTARI CONFAPI; FAI CISL; FLAI CGIL; UILA UIL";"06/06/2025";"";"";"";"ALIMENTARISTI: P.M.I."
"Accordo di adesione di Unilavoro PMI e Confsal Fisals al CCNL per i lavoratori dipendenti del settore Igiene Ambientale Aziende Private";"Verbale integrativo";"Aziende di Servizi";"CONFIMITALIA; CONFAEL; SNALP; CONFEPI; UNILAVORO PMI; CONFSAL FISALS";"30/10/2025";"01/11/2025";"";"30/06/2028";"PULIZIA: Igiene Ambientale delle Aziende Private (CONFIMITALIA)"
"CCNL per il personale dipendente del Settore Domestico";"Testo definitivo";"Commercio";"FMPI; ARCO; CONFASI";"03/11/2025";"05/10/2024";"";"04/10/2027";"Settore DOMESTICO (FMPI)"
"CCNL per i lavoratori addetti alle MPMI del settore dell'industria metalmeccanica - informatori scientifici ed alle imprese di installazione di impianti";"Testo definitivo";"Meccanici";"UNIMPRESA; UNIMPRESA INDUSTRIA; UNIMPRESA Impianti e Nuove Tecnologie; UNIAP; ASSIDAL; AIFECS; CONFAIL; SALM; CIU UNIONQUADRI";"30/10/2025";"01/11/2025";"";"31/10/2028";"METALMECCANICA: MPMI (UNIMPRESA-CONFAIL)"
"CCNL per i lavoratori agricoli e florovivaisti";"Testo definitivo";"Agricoltura";"FEDERDAT; AEP: CIU UNIONQUADRI; UCI; CONFIAL; FLAITS; UIC; CONSIL";"28/10/2025";"01/11/2025";"";"31/10/2028";"AGRICOLTURA: Operai e Florovivaisti (FEDERDAT-CONSIL)"
"Accordo sull'indennità di vacanza contrattuale CCNL per i dipendenti di Studi Professionali che amministrano condomini o immobili Società di Servizi Integrati alla proprietà immobiliare";"Accordo economico";"Commercio";"ANACI; SACI; CISAL TERZIARIO";"31/10/2025";"01/10/2025";"";"";"STUDI PROFESSIONALI O SOCIETA' AMMINISTRATORI CONDOMINIO"
"Testo coordinato del CCNL per i quadri direttivi e per il personale delle aree professionali delle Banche di Credito Cooperativo - Casse Rurali ed Artigiane del 9 luglio 2024";"Testo definitivo";"Credito Assicurazioni";"FEDERCASSE; FABI; FIRST CISL; FISAC CGIL; UGL CREDITO; UILCA UIL";"19/12/2024";"09/07/2024";"";"31/12/2025";"BANCARI: Casse Rurali e Artigiane - Credito Cooperativo"
"Testo Coordinato del CCNL per i dirigenti delle banche di credito cooperativo - casse rurali ed artigiane del 30 novembre 2023";"Testo definitivo";"Credito Assicurazioni";"FEDERCASSE; FABI; FIRST CISL; FISAC CGIL; UGL CREDITO; UILCA UIL";"19/12/2024";"30/11/2023";"";"31/12/2025";"BANCARI: Casse Rurali e Artigiane - Credito Cooperativo - Dirigenti"
"Ipotesi di Accordo per il rinnovo del CCNL per i dipendenti della Piccola e Media Industria MODA - CHIMICA CERAMICA - DECORAZIONE PIASTRELLE IN TERZO FUOCO";"Accordo di rinnovo";"Altri Vari";"CNA Federmoda; CNA Produzione; CNA Artistico e Tradizionale; CONFARTIGIANATO Moda; CONFARTIGIANATO Chimica; CONFARTIGIANATO Ceramica; CASARTIGIANI; CLAAI; FILCTEM CGIL; FEMCA CISL; UILTEC UIL";"21/10/2025";"01/01/2023";"";"31/12/2026";"MODA, CHIMICA CERAMICA E DECORAZIONE PIASTRELLE IN 3° FUOCO (PMI)"
"CCNL per i dipendenti RINA";"Accordo di rinnovo";"Trasporti";"ENTE REGISTRO ITALIANO NAVALE; RINA SPA; RINA SERVICES SPA; RINA CHECK SRL; RINA CONSULTING SPA; RINA CONSULTING GET SRL; RINA AGRIFOOD SPA; FILT CGIL; FIT CISL; UIL TRASPORTI";"13/10/2025";"01/01/2026";"";"31/12/2028";"RINA (Ente Registro Italiano Navale)"
"CCNL per il settore del commercio, turismo e servizi terziari";"Testo definitivo";"Commercio";"FMPI; ARCO; CONFASI";"03/11/2025";"03/11/2025";"";"31/12/2027";"COMMERCIO, TURISMO E SERVIZI TERZIARI"
"CCNL Ricerca Clinica";"Testo definitivo";"Enti e Istituzioni Private";"CONFLAVORO PMI; CONFINTESA; CONFINTESA SANITA'";"19/11/2025";"01/11/2025";"";"31/10/2028";"RICERCA CLINICA"
"Verbale di accordo ponte per il 2025 CCNL per gli imbarcati su natanti di cooperative di pesca";"Verbale integrativo";"Alimentaristi - Agroindustriale";"AGCI AGROALIMENTARE; CONFCOOPERATIVE FEDAGRIPESCA; LEGACOOP AGROALIMENTARE; FAI CISL; FLAI CGIL; UILAPESCA";"27/10/2025";"01/01/2025";"";"31/12/2025";"PESCA MARITTIMA: Cooperative"
"CCNL STEM e Professioni Innovative";"Testo definitivo";"Altri Vari";"FEDERITALY; Federazione STEM; CSE; CIU UNIONQUADRI; SNING";"19/11/2025";"01/01/2026";"";"31/12/2028";"STEM e Professioni Innovative"
"Ipotesi di Accordo di rinnovo del CCNL 12 aprile 2023 e successive modifiche per i dirigenti di aziende del terziario, della distribuzione e dei servizi";"Accordo di rinnovo";"Commercio";"CONFCOMMERCIO Imprese per l'Italia; MANAGERITALIA";"05/11/2025";"01/01/2026";"";"31/12/2028";"COMMERCIO E SERVIZI: Dirigenti"
"Integrazione all'Ipotesi di Accordo del 5 novembre 2025 di rinnovo del CCNL 12 aprile 2023 e successive modifiche per i dirigenti di aziende del terziario, della distribuzione e dei servizi";"Verbale integrativo";"Commercio";"CONFCOMMERCIO Imprese per l'Italia; MANAGERITALIA";"12/11/2025";"01/01/2026";"";"";"COMMERCIO E SERVIZI: Dirigenti"
"CCNL per i dipendenti delle cooperative sociali e loro consorzi";"Testo definitivo";"Enti e Istituzioni Private";"UNCI; AIFOS; ASSOESERCENTI; CONFIMPRESEITALIA; ITALPMI; UCI; VALITALIA PMI; FESICA";"25/11/2025";"01/12/2025";"";"30/11/2028";"COOPERATIVE SOCIALI E LORO CONSORZI"
"Accordo di adesione di Unilavoro PMI al CCNL per i dipendenti di Centri Elaborazione Dati (CED), imprese ICT, professioni digitali e STP";"Verbale integrativo";"Commercio";"ASSOCED; UGL TERZIARIO; UNILAVORO PMI";"17/11/2025";"01/12/2025";"";"31/08/2028";"CENTRI DI ELABORAZIONE DATI"
"Accordo di adesione al CCNL 5 febbraio 2021 per l'industria metalmeccanica e della installazione di impianti";"Accordo di rinnovo";"Meccanici";"FEDERMECCANICA; ASSISTAL; UGL METALMECCANICI (per adesione)";"22/12/2021";"22/12/2021";"";"30/06/2024";"METALMECCANICA: Industrie"
"Ipotesi di accordo per il rinnovo del CCNL vigilanza privata e servizi di sicurezza";"Accordo di rinnovo";"Commercio";"ANIVP; ASSIV; UNIV; LEGACOOP PRODUZIONE E SERVIZI; AGCI SERVIZI; CONFCOOPERATIVE LAVORO E SERVIZI; FILCAMS CGIL; FISASCAT CISL; UILTUCS UIL";"30/05/2023";"01/06/2023";"";"31/05/2026";"VIGILANZA"
"CCNL FINTECH";"Testo definitivo";"Altri Vari";"CONFIMPRENDITORI; APSP; ASSOFINTECH; FISMIC CONFSAL; CIU UNIONQUADRI; UNSIAU";"02/12/2025";"02/12/2025";"";"31/12/2028";"FINTECH"
"CCNL per il personale amministrativo e produttivo delle agenzie di assicurazione in gestione libera aderenti all'Associazione nazionale agenzie societarie Unipol Assicurazioni e alla Lega Nazionale Cooperative e Mutue";"Testo definitivo";"Credito Assicurazioni";"ASSOCIAZIONE AGENZIE SOCIETARIE UNIPOL; FISAC CGIL; UILCA UIL";"27/11/2025";"01/01/2023";"";"31/12/2025";"ASSICURAZIONI: Agenzie Societarie UNIPOL-LEGACOOP"
"CCNL per i dipendenti del settore industriale della valorizzazione dei materiali della produzione e del commercio di materie prime secondarie - end of waste";"Testo definitivo";"Altri Vari";"ANPIT; UNIRIMA; ATECA; CISAL TERZIARIO; FIADEL CISAL; CISAL";"15/12/2025";"01/01/2026";"";"31/12/2028";"VALORIZZAZIONE DEI MATERIALI DELLA PRODUZIONE E COMMERCIO DI MATERIE PRIME SECONDARIE - END OF WASTE"
"Accordo integrativo del CCNL Commercio, Terziario, Distribuzione, Servizi, Pubblici Esercizi e Turismo";"Verbale integrativo";"Commercio";"CIFA; CONFSAL Federlavoratori; CONFSAL";"18/11/2025";"";"";"";"INTERSETTORIALE: Commercio, Terziario, Distribuzione, Servizi, Pubblici Esercizi e Turismo"
"Ipotesi di accordo per il rinnovo del CCNL per il personale dipendente da imprese esercenti servizi di telecomunicazione";"Accordo di rinnovo";"Aziende di Servizi";"ASSOTELECOMUNICAZIONI ASSTEL; SLC CGIL; FISTEL CISL; UILCOM UIL";"11/11/2025";"11/11/2025";"";"31/12/2028";"TELECOMUNICAZIONI"
"Ipotesi di accordo per il rinnovo del CCNL per il personale dipendente da imprese esercenti servizi di telecomunicazione";"Accordo di rinnovo";"Aziende di Servizi";"ASSOTELECOMUNICAZIONI ASSTEL; UGL TELECOMUNICAZIONI";"11/11/2025";"11/11/2025";"";"31/12/2028";"TELECOMUNICAZIONI"
"Accordo di rinnovo del CCNL per i dipendenti di Studi Professionali che amministrano condomini o immobili, Società di Servizi Integrati alla proprietà immobiliare";"Accordo di rinnovo";"Commercio";"SACI; ANACI; CISAL TERZIARIO";"12/12/2025";"01/01/2026";"";"31/12/2028";"STUDI PROFESSIONALI O SOCIETA' AMMINISTRATORI CONDOMINIO"
"CCNL per i dipendenti del turismo e pubblici esercizi";"Testo definitivo";"Commercio";"CONFIMPRESEITALIA; CONFIMPRESE DEMANIALI; AIFOS; ASSOESERCENTI; ITALPMI; UCI; UNCI; VALITALIA PMI; FESICA";"15/12/2025";"01/12/2025";"";"30/11/2028";"TURISMO: micro piccole medie imprese del settore - CONFIMPRESEITALIA-CONFSAL"
"Ipotesi di accordo per il rinnovo del CCNL servizi di pulizia e servizi integrati/multiservizi";"Accordo di rinnovo";"Aziende di Servizi";"AGCI SERVIZI; CONFCOOPERATIVE LAVORO E SERVIZI; LEGACOOP PRODUZIONE E SERVIZI; UNIONSERVIZI CONFAPI; FILCAMS CGIL; FISASCAT CISL; UILTRASPORTI UIL";"13/06/2025";"01/06/2025";"";"31/12/2028";"PULIZIA: Imprese"
"Accordo integrativo all'accordo di rinnovo del CCNL servizi di pulizia, servizi integrati/multiservizi del 13 giugno 2025";"Accordo economico";"Aziende di Servizi";"AGCI SERVIZI; CONFCOOPERATIVE LAVORO E SERVIZI; LEGACOOP PRODUZIONE E SERVIZI; UNIONSERVIZI CONFAPI; FILCAMS CGIL; FISASCAT CISL; UILTRASPORTI UIL";"06/08/2025";"";"";"";"PULIZIA: Imprese"
"CCNL per i dipendenti da imprese della distribuzione cooperativa (terziario, distribuzione e servizi)";"Testo definitivo";"Commercio";"FEDERDAT; CONSIL; FLAITS; CIU UNIONQUADRI";"02/12/2025";"01/12/2025";"";"30/11/2028";"DISTRIBUZIONE COOPERATIVA (FEDERDAT)"
"CCNL per i dipendenti da famiglie e datori di lavoro domestico - Colf, Badanti e Baby Sitter";"Testo definitivo";"Commercio";"FNUA CASERTA; ASSIDALDEF; CONF SELP; SEI CONFIMPRESA";"11/12/2025";"01/01/2026";"";"31/12/2031";"LAVORO DOMESTICO - Colf, Badanti e Baby Sitter"
"CCNL per i dipendenti dei settori del credito - finanza - assicurazioni";"Testo definitivo";"Credito Assicurazioni";"UNSIC; CIU UNIONQUADRI; FEDERDAT; ATECA; UNSICOOP; CONFIAL; FIADEL SP; CONSIL; FLAI";"02/12/2025";"01/12/2025";"";"30/11/2028";"CREDITO, FINANAZA, ASSICURAZIONI"
"CCNL per i dipendenti degli studi e delle attività professionali nonché dei dipendenti dei CAF, delle Società di servizi CAF, degli Istituti di Patronato e dei Centri Elaborazione Dati";"Testo definitivo";"Commercio";"FEDERAZIENDE; FEDIMPRESE; SNAPEL; FEDERDIPENDENTI; CONFSIN";"23/12/2025";"01/01/2026";"";"31/12/2028";"Studi e attività professionali"
"CCNL per gli operai e impiegati agricoli e florovivaisti";"Testo definitivo";"Agricoltura";"CILA; ITALIMPRESE; CAI AGROMEC; ALADI";"12/12/2025";"01/01/2026";"";"31/12/2029";"AGRICOLTURA: Operai e Impiegati agricoli e Florovivaisti"
"CCNL per la Formazione Professionale";"Testo definitivo";"Enti e Istituzioni Private";"FORMA; CENFOP; FLC CGIL; CISL SCUOLA; UIL SCUOLA RUA; SNALS CONFSAL";"01/03/2024";"01/01/2024";"";"31/12/2027";"SCUOLE (Formazione Professionale sistema regionale)"
"CCNL per il personale da imprese esercenti servizi in appalto per conto dell'Amministrazione della Difesa, Interni, Giustizia, Forze dell'Ordine e Amministrazioni militari";"Accordo di rinnovo";"Trasporti";"FISE ASSOMANOVALANZA; FILT CGIL; FIT CISL; UILTRASPORTI UIL";"18/12/2025";"01/01/2026";"";"31/12/2028";"CARICO E SCARICO (per Ministero Difesa)"
"CCNL FIDEF per il personale di corsi di istruzione e cultura degli Enti gestori aderenti alla FIDEF";"Testo definitivo";"Enti e Istituzioni Private";"FIDEF; CIU UNIONQUADRI; CONFAL SCUOLA; FLA; CONFAL";"09/12/2025";"01/09/2025";"";"31/08/2028";"ENTI ISTRUZIONE-FORMAZIONE E CULTURA VARIA (FIDEF)"
"CCNL per i dipendenti delle micro, piccole e medie imprese aziende del settore terziario, commercio e servizi";"Testo definitivo";"Commercio";"FEDERTERZIARIO; UGL TERZIARIO";"29/12/2025";"29/12/2025";"";"28/12/2028";"TERZIARIO, COMMERCIO E SERVIZI: micro, piccole e medie imprese del settore (FEDERTERZIARIO-UGL)"
"CCNL per i dipendenti da Aziende esercenti attività del Commercio, Turismo e Servizi";"Testo definitivo";"Commercio";"FEDIMPRESE; FEDERAZIENDE; CIU UNIONQUADRI; SNAPEL; FEDERDIPENDENTI";"17/12/2025";"17/12/2025";"";"16/12/2028";"COMMERCIO TURISMO E SERVIZI (FEDIMPRESE-SNAPEL)"
"Verbale integrativo al CCNL per i dipendenti degli studi e delle attività professionali nonché dei dipendenti dei CAF, delle Società di servizi CAF, degli Istituti di Patronato e dei Centri Elaborazione Dati";"Verbale integrativo";"Commercio";"FEDERAZIENDE; FEDIMPRESE; SNAPEL; FEDERDIPENDENTI; CONFSIN; CIU UNIONQUADRI";"07/01/2026";"";"";"";"Studi e attività professionali"
"Accordo di rinnovo del CCNL 18 maggio 2023 per i dirigenti di aziende di autotrasporto e spedizione merci, di servizi logistici e di trasporto combinato";"Accordo di rinnovo";"Trasporti";"CONFETRA; MANAGERITALIA";"22/12/2025";"01/01/2026";"";"31/12/2028";"AUTOTRASPORTI: Dirigenti"
"Accordo di rinnovo del CCNL 28 novembre 20223 per i dirigenti di aziende alberghiere";"Accordo di rinnovo";"Commercio";"FEDERALBERGHI; MANAGERITALIA";"22/12/2025";"01/01/2026";"";"31/12/2028";"ALBERGHI: Dirigenti"
"CCNL per il personale della dirigenza medica della Fondazione Policlinico Universitario "Agostino Gemelli" IRCCS";"Testo definitivo";"Enti e Istituzioni Private";"Fondazione Policlinico Universitario Agostino Gemelli IRCCS; AAROI EMAC; ADONP; ANAAO ASSOMED; APDUC; CGIL FP Medici; CISL Medici; CISL Università; SAMUC; UIL FPL Medici";"10/12/2025";"01/01/2023";"";"31/12/2026";"Fondazione Policlinico Universitario Agostino Gemelli IRCCS: personale della dirigenza medica"
"Ipotesi di accordo di rinnovo del CCNL per i dipendenti da proprietari di fabbricati";"Accordo di rinnovo";"Commercio";"CONFEDILIZIA; FILCAMS CGIL; FISASCAT CISL; UILTUCS UIL";"30/10/2025";"01/11/2025";"";"31/10/2028";"PROPRIETARI FABBRICATI (Dipendenti)"
"Accordo di rinnovo del CCNL per i dipendenti da proprietari di fabbricati";"Accordo di rinnovo";"Commercio";"CONFEDILIZIA; UGL TERZIARIO";"30/10/2025";"01/11/2025";"";"31/10/2028";"PROPRIETARI FABBRICATI (Dipendenti)"
"Accordo di rinnovo del CCNL per i dipendenti da proprietari di fabbricati";"Accordo di rinnovo";"Commercio";"CONFEDILIZIA; CISAL";"30/10/2025";"01/11/2025";"";"31/10/2028";"PROPRIETARI FABBRICATI (Dipendenti)"
"Verbale di accordo integrativo del CCNL AGIDAE per istituti Socio-Sanitari, Assistenziali, Educativi 2023/2025";"Verbale integrativo";"Enti e Istituzioni Private";"AGIDAE; FP CGIL; FISASCAT CISL; UILTUCS UIL";"20/01/2026";"";"";"";"ISTITUTI SOCIO-SANITARI-ASSISTENZIALI (AGIDAE)"
"CCNL per i lavoratori delle piccola e media industria del settore dei materiali da costruzione: lapidei, laterizi, cemento";"Testo definitivo";"Edilizia";"CONFAPI ANIEM; FILLEA CGIL; FILCA CISL; FENEAL UIL";"09/09/2025";"01/07/2022";"";"30/06/2025";"MATERIALI DA COSTRUZIONE: PMI"
"CCNL per il settore Alimentare";"Testo definitivo";"Alimentaristi - Agroindustriale";"CNL; CIU UNIONQUADRI";"19/11/2025";"19/11/2025";"";"18/11/2028";"ALIMENTARISTI (CNL)"
"CCNL per il personale dipendente delle micro, piccole e medie imprese dei settori di pesca, acquacoltura e maricoltura ispirato ai principi della Blue Economy sotto qualsiasi forma giuridica costituita compresa la forma cooperativa";"Testo definitivo";"Alimentaristi - Agroindustriale";"CNL; Federazione Nazionale Pesca CNL; CIU UNIONQUADRI";"19/11/2025";"19/11/2025";"";"18/11/2028";"PESCA E BLUE ECONOMY (CNL)"
"CCNL per i dipendenti delle aziende e delle cooperative Agricole, Agrituristiche e Florovivaistiche";"Testo definitivo";"Agricoltura";"CNL; Federazione Nazionale Agricoltura CNL; CIU UNIONQUADRI";"19/11/2025";"19/11/2025";"";"18/11/2028";"AZIENDE E COOPERATIVE AGRICOLE, AGRITURISTICHE E FLOROVIVAISTE (CNL)"
"CCNL Intersettoriale per i dipendenti delle filiere biofarmaceutica e biologica";"Testo definitivo";"Altri Vari";"CNL; Federazione Nazionale Biofarmaceutica CNL; CIU UNIONQUADRI";"19/11/2025";"19/11/2025";"";"18/11/2028";"INTERSETTORIALE Filiere Biofarmaceutica e Biologica"
"CCNL per i dipendenti delle agenzie di assicurazioni";"Testo definitivo";"Credito Assicurazioni";"UNIAGENTI; ANIAC; SINALP; SELP; SLI";"29/12/2025";"29/12/2025";"";"31/12/2028";"ASSICURAZIONI: Dipendenti (UNIAGENTI)"
"CCNL per i dipendenti delle organizzazioni sindacali di rappresentanza nazionali e territoriali e dei rispettivi enti promossi e partecipati e a loro collegati";"Testo definitivo";"Altri Vari";"ANIAC; CONFIA; UNIAGENTI; ADICOLF; ATECA; SINALP; SELP; SLI; ANIA - Associazione Nazionale Inquilini ed Assegnatari";"29/12/2025";"29/12/2025";"";"31/12/2028";"Dipendenti Organizzazioni Sindacali"
"CCNL per i dipendenti delle aziende esercenti attività del settore e per i dipendenti e soci lavoratori da cooperative esercenti attività di agricoltura ed assimilabili al suindicato settore delle piccole e medie imprese e della cooperazione agricola";"Testo definitivo";"Agricoltura";"ADLI; CIU UNIONQUADRI";"02/12/2025";"02/12/2025";"";"01/12/2028";"AGRICOLTURA: aziende e cooperative esercenti attività del settore"
"Verbale di adesione al CCNL Concia Pelli e Cuoio";"Verbale integrativo";"Chimici";"FEDERCONCIA Italia; CONFIAL; FEDERDAT; UNSIC; UNSIC CAMERA NAZIONALE GIOVANI FASHION DESIGNER";"04/12/2025";"01/01/2025";"";"31/12/2027";"CONCIA PELLI E CUOIO"
"Verbale di adesione al CCNL Concia Pelli e Cuoio";"Verbale integrativo";"Chimici";"FEDERCONCIA Italia; CONFIAL; ATECA; UNSIC; UNSIC CAMERA NAZIONALE GIOVANI FASHION DESIGNER";"04/12/2025";"01/01/2025";"";"31/12/2027";"CONCIA PELLI E CUOIO"
"Verbale di adesione al CCNL Concia Pelli e Cuoio";"Verbale integrativo";"Chimici";"FEDERCONCIA Italia; CONFIAL; FIADEL SP; UNSIC; UNSIC CAMERA NAZIONALE GIOVANI FASHION DESIGNER";"04/12/2025";"01/01/2025";"";"31/12/2027";"CONCIA PELLI E CUOIO"
"CCNL per i dipendenti e collaboratori degli Studi dei Tributaristi e dei Centri di Elaborazione Dati (CED)";"Testo definitivo";"Commercio";"UNITI; ASSIDALDEF; CONF SELP; SEI CONFIMPRESA";"11/12/2025";"01/01/2026";"";"31/12/2030";"Studi Tributaristi e Centri Elaborazione Dati"
"CCNL per i dipendenti e i soci lavoratori delle imprese e cooperative che operano nei Servizi di Patronato, nelle Associazioni e nelle Organizzazioni sindacali";"Testo definitivo";"Altri Vari";"FNUA Caserta; FNUA Centro Italia; CONF SELP; ACAI SALP; SEI CONFIMPRESA";"15/11/2025";"01/01/2026";"";"31/12/2030";"Servizi di PATRONATO"
"Accordo per il rinnovo del CCNL per gli addetti ai lavori di sistemazione idraulico-forestale e idraulico-agraria scaduto il 31 dicembre 2024";"Accordo di rinnovo";"Agricoltura";"AMMINISTRAZIONI PUBBLICHE; AGCI AGROALIMENTARE; CONFCOOPERATIVE FEDAGRIPESCA; CONFCOOPERATIVE LAVORO E SERVIZI; FEDERFORESTE; LEGACOOP AGROALIMENTARE; FAI CISL; FLAI CGIL; UILA UIL";"04/12/2025";"01/01/2025";"";"31/12/2028";"SISTEMAZIONI IDRAULICO FORESTALI"
"CCNL per i dipendenti delle imprese dei servizi, della distribuzione e del terziario";"Testo definitivo";"Commercio";"CONFIMPRESAITALIA; SIA";"19/01/2026";"19/01/2026";"";"19/01/2030";"SERVIZI, DISTRIBUZIONE E TERZIARIO"
"Verbale di accordo per la definizione del contributo complessivo al sistema di bilateralità";"Verbale integrativo";"Alimentaristi - Agroindustriale";"FEDERPESCA; FAI CISL; FLAI CGIL; UILA Pesca";"28/01/2026";"";"";"";"PESCA MARITTIMA: Industrie"
"Verbale di accordo di modifica del CCNL per i dipendenti delle Associazioni ed altre Organizzazioni del Terzo Settore";"Verbale integrativo";"Enti e Istituzioni Private";"CONFIMPRESE ITALIA; FESICA";"23/01/2026";"";"";"";"ASSOCIAZIONI ED ALTRE ORGANIZZAZIONI DEL TERZO SETTORE"
"Verbale di accordo modificativo del CCNL per i dipendenti del terziario: attività collaterali al commercio, distribuzione e servizi anche in forma cooperativa";"Verbale integrativo";"Commercio";"CONFIMPRESE ITALIA; FESICA";"23/01/2026";"";"";"";"ATTIVITA' COLLATERALI AL COMMERCIO, DISTRIBUZIONE E SERVIZI"
"CCNL per le aziende metalmeccaniche private e di installazione impianti - Testo coordinato con le modifiche introdotte dall'accordo di rinnovo del 02/02/2026";"Testo definitivo";"Meccanici";"UNILAVORO PMI; CONFSAL FISALS";"02/02/2026";"02/02/2026";"";"30/06/2028";"METALMECCANICA: Industria (UNILAVORO PMI)"
"Accordo integrativo del CCNL per i lavoratori ed impiegati delle imprese operanti nel settore dei servizi di pulizia, multiservizi e attività affini";"Verbale integrativo";"Aziende di Servizi";"CONAPI; FILA";"28/01/2026";"28/01/2026";"";"";"PULIZIA: Servizi di pulizia, multiservizi e attività affini (CONAPI)"
"CCNL per i dipendenti da Aziende esercenti attività dell'Artigianato e Piccole e Medie Industrie";"Accordo di rinnovo";"Altri Vari";"FEDIMPRESE; FEDERAZIENDE; CIU UNIONQUADRI; SNAPEL; CONFSIN; FEDERDIPENDENTI";"01/02/2026";"01/02/2026";"";"31/12/2029";"Artigianato e Piccole e Medie Industrie"
"CCNL per il settore GAS-ACQUA";"Testo definitivo";"Aziende di Servizi";"UTILITALIA; PROXIGAS; ANFIDA; ASSOGAS; FILCTEM CGIL; FEMCA CISL; UILTEC UIL";"08/05/2025";"01/01/2025";"";"31/12/2027";"GAS e ACQUA"
"CCNL per i dipendenti delle Aziende Artigiane del Settore Pelletteria - Testo coordinato con le modifiche introdotte dall'accordo integrativo e di rinnovo del 03/02/2026";"Testo definitivo";"Tessili";"UNILAVORO PMI; UNIPEL; FILP; CIU; CONFSAL FISALS";"03/02/2026";"03/02/2026";"";"02/02/2031";"Settore PELLETTERIA: Aziende Artigiane"
"CCNL per il settore pubblici esercizi";"Testo definitivo";"Commercio";"CIPI; CIU UNIONQUADRI";"27/01/2026";"01/02/2026";"";"31/01/2029";"SETTORE PUBBLICI ESERCIZI"
"CCNL ANASTE per il personale dipendente delle strutture territoriali per il triennio 2023-2025 - Versione consolidata e aggiornata al verbale del 16 dicembre 2025";"Testo definitivo";"Enti e Istituzioni Private";"ANASTE; CIU UNIONQUADRI; SNALV CONFSAL; CONFSAL; CSE; CSE Sanità; CSE Fulscam; CONFELP";"03/11/2025";"01/01/2023";"";"31/12/2025";"ISTITUZIONI E SERVIZI SOCIO-ASSISTENZIALI (ANASTE)"
"5° CCNL del personale non dirigente della Sport e Salute e delle Federazioni Sportive Nazionali";"Testo definitivo";"Aziende di Servizi";"SPORT E SALUTE; FEDERAZIONI SPORTIVE NAZIONALI; CISL FP; FP CGIL; UIL PA; CISAL FIALP; USB; UGL FNOS; CONFSAL FNP";"23/01/2026";"01/01/2022";"";"31/12/2025";"CONI SERVIZI SpA"
"CCNL per i dipendenti delle aziende operanti nel settore dell'Informatica";"Testo definitivo";"Commercio";"CONFIMPRENDITORI; FISMIC CONFSAL; FILCOM FISMIC CONFSAL; CIU UNIONQUADRI; UNSIAU; USIL; SUL";"06/02/2026";"06/02/2026";"";"31/01/2029";"Settore INFORMATICA"
"Accordo interconfederale per disciplinare la contribuzione del fondo di assistenza sanitario, in sigla "Innova Care"";"Verbale integrativo";"Commercio";"CONFAZIENDE PMI; CONFENALP";"05/02/2025";"";"";"";"COMMERCIO, TERZIARIO, DISTRIBUZIONE, SERVIZI, PUBBLICI ESERCIZI E TURISMO (CONFAZIENDE PMI)"
"CCNL distribuzione delle merci, della logistica e dei servizi privati";"Testo definitivo";"Trasporti";"CONFAZIENDE; CONFENALP";"03/02/2026";"01/01/2026";"";"31/12/2028";"DISTRIBUZIONE MERCI, LOGISTICA E SERVIZI PRIVATI (CONFAZIENDE)"
"CCNL per il personale dipendente, quadri, dirigenti e ricercatori, delle aziende e delle organizzazioni operanti nel comparto socio-sanitario-assistenziale-educativo e delle imprese sociali nel settore privato, sotto qualsiasi forma giuridica costituite compresa la forma cooperativa, nonché di tutte le altre istituzioni di assistenza e beneficenza";"Testo definitivo";"Enti e Istituzioni Private";"UNIMPRESA; UNIMPRESA Sanità e Welfare; UNIMPRESA FEDERAMBULANZE SERVIZI ASSISTENZA; UNIAP; ASSIDAL; AIFECS; CONFAIL; CIU UNIONQUADRI";"31/01/2026";"01/02/2026";"";"31/01/2029";"COMPARTO SOCIO-SANITARIO-ASSISTENZIALE-EDUCATIVO (UNIMPRESA - CONFAIL)"
"Verbale integrativo al CCNL Commercio, Terziario e Servizi";"Accordo economico";"Commercio";"UCEI; CONFINTESA";"11/02/2026";"";"";"";"COMMERCIO, TERZIARIO E SERVIZI"
"CCNL per le aziende operanti nell'ambito dei servizi ambientali";"Testo definitivo";"Aziende di Servizi";"FMPI; FLIA Servizi; ULSSA";"23/12/2025";"23/12/2025";"";"31/12/2027";"SERVIZI AMBIENTALI (FMPI)"
"CCNL Estetica, Parrucchieri, Acconciatura - Testo coordinato con le modifiche introdotte dall'accordo integrativo del 16/02/2026";"Testo definitivo";"Commercio";"UNILAVORO PMI; CONFSAL FISALS";"16/02/2026";"16/02/2026";"";"02/04/2029";"Estetica, Parrucchieri, Acconciatura"
"CCNL per i lavoratori dipendenti degli istituti privati di istruzione e formazione";"Testo definitivo";"Enti e Istituzioni Private";"FAPI; CESAC; FILDI CIU";"02/04/2025";"02/04/2025";"";"31/03/2029";"ISTITUTI PRIVATI DI ISTRUZIONE E FORMAZIONE"
"CCNL per i dipendenti dei datori di lavoro domestico";"Testo definitivo";"Commercio";"ANPIT; FEDERDOMUS; CISAL TERZIARIO; CISAL";"09/02/2026";"01/02/2026";"";"31/01/2029";"Dipendenti dei datori di lavoro domestico"
"CCNL per i lavoratori delle imprese radiofoniche e televisive locali";"Testo definitivo";"Poligrafici e Spettacolo";"AERANTI CORALLO; AERANTI; ASSOCIAZIONE CORALLO; CISAL TERZIARIO; CISAL";"16/02/2026";"01/02/2026";"";"31/12/2028";"RADIO TELEVISIONE: Aziende private"
"CCNL per il personale dipendente da imprese dei settori turismo e pubblici esercizi";"Testo definitivo";"Commercio";"FENIMPRESE; CIU UNIONQUADRI";"12/02/2026";"01/03/2026";"";"28/02/2029";"TURISMO E PUBBLICI ESERCIZI (FENIMPRESE)"
"Accordo integrativo nazionale del CCNL per i dirigenti, quadri, impiegati ed operai dei servizi di marketing operativo in vigore dal 01 gennaio 2025 al 31 dicembre 2027, in materia di trattamento di fine rapporto per i lavoratori intermittenti";"Verbale integrativo";"Commercio";"ANPIT; FEDERMARKETING (federazione di ANPIT); UNICA; ATECA (aderente ad ANPIT); CISAL Terziario; CISAL";"21/01/2026";"01/01/2026";"";"";"MARKETING"
"CCNL per i dipendenti delle aziende esercenti attività del settore agricoltura ed assimilabili al suindicato settore delle piccole e medie imprese e della cooperazione agricola";"Testo definitivo";"Agricoltura";"ADLI; FITESC";"01/02/2026";"02/02/2026";"";"01/02/2029";"Settore AGRICOLTURA ed assimilabili"
"CCNL Multiservizi - modifiche contrattuali";"Verbale integrativo";"Aziende di Servizi";"AIFOS; ASSOESERCENTI; CONFIMPRESEITALIA; ITALPMI; UCI; UNCI; VALITALIA PMI; FESICA";"10/02/2026";"01/02/2026";"";"29/02/2028";"MULTISERVIZI"
"CCNL per i dipendenti delle imprese edili artigiane e delle piccole e medie imprese industriali edili ed affini";"Testo definitivo";"Edilizia";"CONFAZIENDE PMI; CONFENALP";"19/02/2026";"01/01/2026";"";"31/12/2028";"EDILI: imprese edili artigiane e PMI edili e affini"
"Accordo di rinnovo del CCNL 31 maggio 2023 per i dirigenti delle imprese di logistica, magazzini generali, terminal operators portuali, interportuali ed aeroportuali";"Accordo di rinnovo";"Trasporti";"ASSOLOGISTICA; MANAGERITALIA";"16/02/2026";"01/01/2026";"";"31/12/2028";"MAGAZZINI GENERALI: Dirigenti"
"Rinnovo del CCNL per i dipendenti da proprietari di fabbricati";"Testo definitivo";"Commercio";"FEDERPROPRIETA'; UPPI; FESICA CONFSAL; CONFAPPI (per adesione)";"22/01/2026";"01/01/2026";"";"31/12/2028";"PROPRIETARI FABBRICATI (Dipendenti): Piccoli proprietari"
"CCNL per i lavoratori e le imprese operanti nel settore del gioco pubblico legale e servizi collegati";"Testo definitivo";"Commercio";"SEI CONFIMPRESA; FAILM Servizi Terziario";"27/02/2026";"01/03/2026";"";"28/02/2029";"GIOCO PUBBLICO LEGALE E SERVIZI CONNESSI"
"CCNL del personale del comparto Istruzione e Ricerca - triennio 2022-2024";"Testo definitivo";"Amministrazione Pubblica";"ARAN; CISL FSUR; CISL; FED. UIL SCUOLA RUA; UIL; SNALS CONFSAL; CONFSAL; FED. GILDA UNAMS; CGS; ANIEF; CISAL";"23/12/2025";"01/01/2022";"";"31/12/2024";"Comparto ISTRUZIONE E RICERCA"
"CCNL relativo al personale del Comparto Funzioni Locali triennio 2022-2024";"Testo definitivo";"Amministrazione Pubblica";"ARAN; CISL FP; CISL; UIL FPL; UIL; CSA RAL; CISAL";"23/02/2026";"01/01/2022";"";"31/12/2024";"Comparto FUNZIONI LOCALI"
"CCNL relativo al personale dell'area delle Funzioni Locali triennio 2022-2024";"Testo definitivo";"Amministrazione Pubblica";"ARAN; FEDIRETS; COSMED; CISL FP; CISL; UIL FPL; UIL; UNSCP";"23/02/2026";"01/01/2022";"";"31/12/2024";"AREA FUNZIONI LOCALI: Dirigenti"
"CCNL del personale dell'area Presidenza del Consiglio dei Ministri relativo al triennio 2019-2021";"Testo definitivo";"Amministrazione Pubblica";"ARAN; SNAPRECOM; CISAL; UNADIS; CODIRP; DIPRECOM; SNAPROCIV; CONFEDIR; UIL PA; UIL; FP CGIL; CGIL; DIRSTAT; CONFEDIR";"27/02/2026";"01/01/2019";"";"31/12/2021";"AREA VIII: Dirigenti (Presidenza Consiglio Ministri)"
"CCNL dell'Area Sanità - triennio 2022-2024";"Testo definitivo";"Amministrazione Pubblica";"ARAN; ANAAO ASSOMED; COSMED; CIMO FESMED; CIDA; AAROI EMAC; COSMED; FASSID; CODIRP; FVM; COSMED; UIL FPL; UIL; CISL MEDICI; CISL";"27/02/2026";"01/01/2022";"";"31/12/2024";"AREA SANITA': Dirigenti"
"Verbale di accordo sul rinnovo del CCNL Servizi Ausiliari Integrati del 29/10/2021";"Accordo di rinnovo";"Altri Vari";"ANPIT; UNICA; ATECA; CISAL Terziario; CISAL";"21/01/2026";"01/02/2026";"";"31/01/2029";"SERVIZI AUSILIARI alle Collettività, alle Aziende e alle Persone"
"Ipotesi di accordo per il rinnovo del CCNL per i dipendenti dalle imprese artigiane esercenti servizi di pulizia, disinfezione, disinfestazione, derattizzazione e sanificazione";"Accordo di rinnovo";"Aziende di Servizi";"CONFARTIGIANATO Imprese di Pulizia; CNA Costruzioni; CNA Imprese di Pulizia; CASARTIGIANI; CLAAI; FILCAMS CGIL; FISASCAT CISL; UILTRASPORTI UIL";"17/12/2025";"01/01/2025";"";"31/12/2028";"PULIZIA Disinfezione Disinfestazione (PMI Cooperative Artigiane)"
"CCNL per i lavoratori agricoli, florovivaisti, forestali e della pesca";"Testo definitivo";"Agricoltura";"FUTURO IMPRESA; FENIMPRESE; CISALP";"18/02/2026";"18/02/2026";"";"17/02/2031";"Lavoratori agricoli, florovivaisti, forestali e della pesca"
"CCNL Industria Alimentare per gli addetti alla produzione e trasformazione di alimenti per l'uomo e gli animali";"Testo definitivo";"Alimentaristi - Agroindustriale";"ADLI; FITESC; CIU UNIONQUADRI";"12/01/2026";"09/02/2026";"";"08/02/2029";"INDUSTRIA ALIMENTARE"
"Ipotesi di Accordo per il rinnovo del CCNL 26 gennaio 2023 per gli addetti all'industria della gomma, cavi elettrici ed affini e all'industria delle materie plastiche";"Accordo di rinnovo";"Chimici";"FEDERAZIONE GOMMA E PLASTICA; ASSOCIAZIONE ITALIANA RICOSTRUTTORI PNEUMATICI; FILCTEM CGIL; FEMCA CISL; UILTEC UIL";"10/12/2025";"01/01/2026";"";"31/12/2028";"GOMMA E PLASTICA: Industrie"
"Ipotesi di Accordo per il rinnovo del CCNL 26 gennaio 2023 per gli addetti all'industria della gomma, cavi elettrici ed affini e all'industria delle materie plastiche";"Accordo di rinnovo";"Chimici";"FEDERAZIONE GOMMA E PLASTICA; ASSOCIAZIONE ITALIANA RICOSTRUTTORI PNEUMATICI; UGL CHIMICI";"10/12/2025";"01/01/2026";"";"31/12/2028";"GOMMA E PLASTICA: Industrie"
"Accordo di sottoscrizione per adesione dell'ipotesi di accordo del 10 dicembre 2025 di rinnovo del CCNL per gli addetti all'industria della gomma, cavi elettrici ed affini e all'industria delle materie plastiche";"Accordo di rinnovo";"Chimici";"FEDERAZIONE GOMMA E PLASTICA; ASSOCIAZIONE ITALIANA RICOSTRUTTORI PNEUMATICI; FAILC CONFAIL";"09/01/2026";"01/01/2026";"";"31/12/2028";"GOMMA E PLASTICA: Industrie"
"Accordo integrativo al CCNL per i dipendenti del settore Metalmeccanica - Industria - Installazione impianti";"Verbale integrativo";"Meccanici";"CONAPI; CONFINTESA";"04/03/2026";"";"";"";"METALMECCANICA - INDUSTRIA - INSTALLAZIONE IMPIANTI"
"Disposizioni specifiche per gli addetti all'industria olearia e margariniera del CCNL dell'industria alimentare";"Verbale integrativo";"Alimentaristi - Agroindustriale";"ASSITOL; FAI CISL; FLAI CGIL; UILA UIL";"26/02/2026";"";"";"";"ALIMENTARISTI: Industrie"
"CCNL per i lavoratori della piccola e media industria delle costruzioni edilizie e affini";"Testo definitivo";"Edilizia";"CONFAPI ANIEM; FILLEA CGIL; FILCA CISL; FENEAL UIL";"15/04/2025";"01/04/2025";"";"30/06/2028";"EDILI: P.M.I."
"CCNL per i dipendenti dei settori del Commercio, Terziario, Servizi e Pubblici Esercizi";"Testo definitivo";"Commercio";"CEPA A; ESAARCO; ANCORS; ONAPS; SIA CONFSAL; UGL FNLE";"06/02/2026";"06/02/2026";"";"05/02/2029";"COMMERCIO, TERZIARIO E SERVIZI (ESAARCO)"
"CCNL per i dipendenti dei settori logistica, trasporto merci, spedizioni, della distribuzione e dei servizi logistici integrati";"Testo definitivo";"Trasporti";"CEPA A; ESAARCO; ANCORS; ONAPS; SIA CONFSAL; UGL FNLE";"06/02/2026";"06/02/2026";"";"05/02/2029";"SPEDIZIONE, AUTOTRASPORTO MERCI E LOGISTICA (ESAARCO)"
"CCNL per i dipendenti dei settori del turismo, ospitalità e pubblici esercizi";"Testo definitivo";"Commercio";"CEPA A; ESAARCO; ANCORS; ONAPS; SIA CONFSAL; UGL FNLE";"06/02/2026";"06/02/2026";"";"05/02/2029";"TURISMO (ESAARCO)"
"CCNL per i dipendenti dei settori dei servizi ambientali";"Testo definitivo";"Aziende di Servizi";"CEPA A; ESAARCO; ANCORS; ONAPS; SIA CONFSAL; UGL FNLE";"06/02/2026";"06/02/2026";"";"05/02/2029";"SERVIZI AMBIENTALI"
"CCNL per gli addetti delle industrie del settore alimentare";"Testo definitivo";"Alimentaristi - Agroindustriale";"UNILAVORO PMI; CONFSAL FISALS";"16/02/2026";"16/02/2026";"";"15/02/2031";"Settore ALIMENTARE: industrie (UNILAVORO PMI)"
"CCNL per i lavoratori impegnati nel settore edilizia e affini";"Testo definitivo";"Edilizia";"CNL; CIU UNIONQUADRI";"05/03/2026";"12/02/2026";"";"11/02/2029";"EDILI: imprese artigiane edili e affini (CNL)"
"CCNL per i dipendenti dei servizi innovativi, dell'informatica, aziende editoriali e delle comunicazioni grafiche";"Testo definitivo";"Poligrafici e Spettacolo";"CNL; CIU UNIONQUADRI";"05/03/2026";"12/02/2026";"";"11/02/2029";"INNOVAZIONI (CNL)"
"CCNL per i dipendenti degli studi professionali";"Testo definitivo";"Commercio";"CNL; CIU UNIONQUADRI";"05/03/2026";"12/02/2026";"";"11/02/2029";"Studi Professionali (CNL)"
"CCNL sulla disciplina del rapporto di lavoro domestico - Testo coordinato con le modifiche introdotte dall'Accordo integrativo del 18/02/2026";"Testo definitivo";"Commercio";"UNILAVORO PMI; Associazione FAMILYCARE; FISDAT; CONFSAL FISALS";"18/02/2026";"18/02/2026";"";"17/02/2031";"LAVORO DOMESTICO (UNILAVORO PMI)"
"CCNL per il personale dipendente da imprese, enti e associazioni del settore sportivo e del benessere";"Testo definitivo";"Commercio";"CNL; CIU UNIONQUADRI";"05/03/2026";"12/02/2026";"";"11/02/2029";"SETTORE SPORTIVO E DEL BENESSERE (CNL)"
"Accordo di rinnovo CCNL per i soci e i dipendenti delle cooperative esercenti servizi di rifacimento camere, pulizie, facchinaggio e manutenzione delle strutture ricettive turistico-alberghiere";"Accordo di rinnovo";"Aziende di Servizi";"UNICOOP; UGL TERZIARIO";"12/03/2026";"01/03/2026";"";"01/03/2029";"FACILITY MANAGEMENT: Cooperative (UNICOOP-UGL)"
"CCNL per i dipendenti di imprese radiotelevisive, multimediali e multipiattaforma";"Accordo di rinnovo";"Poligrafici e Spettacolo";"CONFINDUSTRIA RADIO TELEVISIONI; ANICA; SLC CGIL; FISTEL CISL; UILCOM UIL; UGL COMUNICAZIONI (per adesione)";"08/01/2026";"01/01/2025";"";"31/12/2027";"Imprese Radiotelevisive Private"
"CCNL per i dipendenti addetti ai servizi familiari (colf - badanti)";"Testo definitivo";"Commercio";"ACAI PMI; UGL TERZIARIO";"30/12/2025";"12/05/2025";"";"31/12/2028";"ADDETTI AI SERVIZI FAMILIARI (COLF - BADANTI)"
"Verbale di accordo per il rinnovo della parte economica del CCNL per i lavoratori delle imprese esercenti attività cimiteriali e servizi funebri";"Accordo economico";"Trasporti";"FMPI; CONFINTESA; CONFINTESA SANITA'";"12/03/2026";"01/01/2026";"";"";"ATTIVITA' CIMITERIALI E SERVIZI FUNEBRI (FMPI)"
"Accordo interconfederale per la modifica dell'art. 113 del CCNL intersettoriale con codice CNEL H16C";"Verbale integrativo";"Commercio";"CONFAZIENDE PMI; CONFENALP";"23/03/2026";"23/03/2026";"";"";"COMMERCIO, TERZIARIO, DISTRIBUZIONE, SERVIZI, PUBBLICI ESERCIZI E TURISMO (CONFAZIENDE PMI)"
"CCNL per il personale dipendente da imprese dei settori servizi di pulizia, servizi integrati e multiservizi";"Testo definitivo";"Aziende di Servizi";"FENIMPRESE; CIU UNIONQUADRI";"19/03/2026";"01/04/2026";"";"31/03/2029";"PULIZIA: Servizi di pulizia, servizi integrati e multiservizi (FENIMPRESE)"
"CCNL per gli addetti all'industria dell'Energia e del Petrolio";"Testo definitivo";"Chimici";"CONFINDUSTRIA ENERGIA; FILCTEM CGIL; CGIL; FEMCA CISL; CISL; UILTEC UIL; UIL";"16/04/2025";"01/01/2025";"";"31/12/2027";"ENERGIA E PETROLIO"
"CCNL per gli addetti all'industria dell'Energia e del Petrolio";"Testo definitivo";"Chimici";"CONFINDUSTRIA ENERGIA; UGL CHIMICI; UGL";"16/04/2025";"01/01/2025";"";"31/12/2027";"ENERGIA E PETROLIO"
"CCNL per i lavoratori dipendenti delle Associazioni Sindacali e degli Enti ad esse correlati";"Testo definitivo";"Altri Vari";"UNSIC; ASNALI; CONFSAL; SNALV CONFSAL; CONFIAL";"26/03/2026";"01/01/2026";"";"31/12/2028";"DIPENDENTI ORGANIZZAZIONI SINDACALI"
"CCNL per la categoria delle Agenzie di somministrazione di lavoro";"Testo definitivo";"Altri Vari";"ASSOSOMM; CGIL; NIDIL CGIL; CISL; FELSA CISL; UIL; UILTEMP";"21/07/2025";"21/07/2025";"";"20/07/2028";"Agenzie di Somministrazione di Lavoro (ASSOSOMM)"
"CCNL per la categoria delle Agenzie di somministrazione di lavoro";"Testo definitivo";"Altri Vari";"ASSOLAVORO; CGIL; CISL; UIL; FELSA CISL; NIDIL CGIL; UILTEMP";"21/07/2025";"21/07/2025";"";"20/07/2028";"Agenzie di Somministrazione di Lavoro (ASSOLAVORO)"
"CCNL settore Domestico";"Testo definitivo";"Commercio";"FENAPI; ALI CONFSAL";"23/03/2026";"01/04/2026";"";"31/03/2029";"SETTORE DOMESTICO"
"CCNL Formazione Sicurezza e Macchine Industriali (FSMI)";"Testo definitivo";"Altri Vari";"SINALF; ASFORM";"25/02/2026";"01/01/2026";"";"31/12/2030";"FORMAZIONE SICUREZZA E MACCHINE INDUSTRIALI"
"CCNL del TRASPORTO AEREO - Parte specifica GESTORI AEROPORTUALI";"Accordo di rinnovo";"Trasporti";"ASSAEROPORTI; AEROPORTI 2030; FILT CGIL; FIT CISL; UILTRASPORTI; UGL TRASPORTO AEREO";"04/06/2025";"01/01/2025";"";"31/12/2027";"AEREI: Trasporto Aereo"